evaluation_protocol,temporal_interpretation,held_out_country,cutoff,n_train,n_test,n_excluded,train_area_count,test_area_count,train_country_count,test_country_count,train_date_min,train_date_max,test_date_min,test_date_max,train_key_sha256,test_key_sha256,train_excludes_held_country,test_only_held_country,train_dates_before_cutoff,test_dates_on_or_after_cutoff,max_train_date_before_min_test_date,temporal_violation_count,layer1_feature_count,layer2_feature_count,fews_ipc_ha_in_layer1,random_state,estimator_n_jobs,checkpoint_reused,model,nonpositive_cumulative_prediction_count
fixed_hyperparameter_strict_temporal_loco,held_country_and_post_cutoff_labels_excluded_from_training,AFG,2022-01-01,3856,143,1576,1044,73,26,1,2017-01-01,2021-12-01,2022-03-01,2022-09-01,9643cfbd3602bf77394137fe4ba1a767453afc50f6c87de57c35159a706fa4c0,0cf704a0fa783c9d4e8f9856f17c6103be0725f325c1edd5ae587f4570a5d6b1,True,True,True,True,True,0,106,69,True,0,1,True,Forecasting,0
fixed_hyperparameter_strict_temporal_loco,held_country_and_post_cutoff_labels_excluded_from_training,BDI,2022-01-01,4261,31,1283,1109,12,26,1,2017-01-01,2021-12-01,2022-04-01,2022-07-01,2c92bb5b159c619d12de67a217d6326a6e31024933b284d09ebb795b836de146,333305298e96b5146c13a3439c18e95d75f37f09d1c76b1fbdfd9dbd7529bf1f,True,True,True,True,True,0,106,69,True,0,1,True,Forecasting,0
fixed_hyperparameter_strict_temporal_loco,held_country_and_post_cutoff_labels_excluded_from_training,CAF,2022-01-01,4147,34,1394,1035,28,26,1,2017-01-01,2021-12-01,2022-04-01,2022-10-01,4852ea89d8dd5175369106927ceffba627a83b190ff4d2a8b2628a9efa1ac738,4fa07adb091a3febd0ddd36711158cc7989703c92498fa1f1cae2b84ee001e86,True,True,True,True,True,0,106,69,True,0,1,True,Forecasting,0
fixed_hyperparameter_strict_temporal_loco,held_country_and_post_cutoff_labels_excluded_from_training,COD,2022-01-01,3881,124,1570,1007,77,26,1,2017-01-01,2021-12-01,2022-02-01,2022-10-01,874ea1618dae98f18bd8af19113777ce59dcfb23809b85c598484017db03726d,f8fe5f8a9b06c58eb1efc1b18accc6f3e8760f7eca55331ef9261ed33fd1c1e8,True,True,True,True,True,0,106,69,True,0,1,True,Forecasting,0
fixed_hyperparameter_strict_temporal_loco,held_country_and_post_cutoff_labels_excluded_from_training,DJI,2022-01-01,4403,1,1171,1119,1,26,1,2017-01-01,2021-12-01,2022-10-01,2022-10-01,b69cb64239cae72f65321ca926f66d3a98cb5fbc1ae57bd57fd3d537f4400c52,f7a09c9cfb7d7d60333ba7a8fac762e42f99e8f6be8aab98f9b11aef73c675d1,True,True,True,True,True,0,106,69,True,0,1,True,Forecasting,0
fixed_hyperparameter_strict_temporal_loco,held_country_and_post_cutoff_labels_excluded_from_training,DOM,2022-01-01,4404,3,1168,1120,3,26,1,2017-01-01,2021-12-01,2022-09-01,2022-10-01,de8f2ef5d788af08f17ae42e9595704bc4f169b5fdd1d54bcdc01a1c242fd17c,dcc170e9575cb80849feebdaa9bb127f7151651a6d25508c79b6886ff2c44022,True,True,True,True,True,0,106,69,True,0,1,True,Forecasting,0
fixed_hyperparameter_strict_temporal_loco,held_country_and_post_cutoff_labels_excluded_from_training,ETH,2022-01-01,4356,7,1212,1092,6,26,1,2017-01-01,2021-12-01,2022-05-01,2022-10-01,0b91110e4ff18f66ea7e6052be167703f5a9e68475855ea90d83e1925d8bae07,ec107e904f9ef2898cbd5f232d7b63559fc804b24ffa53b242391c2bebaf1b82,True,True,True,True,True,0,106,69,True,0,1,True,Forecasting,0
fixed_hyperparameter_strict_temporal_loco,held_country_and_post_cutoff_labels_excluded_from_training,GTM,2022-01-01,4096,31,1448,1074,31,26,1,2017-01-01,2021-12-01,2022-03-01,2022-03-01,4b8fb93c576ec3d465bb99cb060aa3c92732dbaf2033aa2d346ab2161569f809,646d8a289fdc0ec43018caf32049ce087ac7e20c9e3848fa6af8fb12899c328e,True,True,True,True,True,0,106,69,True,0,1,True,Forecasting,0
fixed_hyperparameter_strict_temporal_loco,held_country_and_post_cutoff_labels_excluded_from_training,HND,2022-01-01,4248,9,1318,1100,9,26,1,2017-01-01,2021-12-01,2022-03-01,2022-03-01,ad6da312571372995f4a70b5f31dc0732f6122834e99e3e8dc7630265e9ab3b4,9cdfad2e0737d46462a67823e404cca74768f4aadabe1b4a3f3b6bd6e80186f4,True,True,True,True,True,0,106,69,True,0,1,True,Forecasting,0
fixed_hyperparameter_strict_temporal_loco,held_country_and_post_cutoff_labels_excluded_from_training,HTI,2022-01-01,4384,14,1177,1108,9,26,1,2017-01-01,2021-12-01,2022-09-01,2022-10-01,76b51df86b49ea65a0cb5f9cf5c4fc84cb64f7dc446d64273fe5aef422d83c07,ab59458ec32f2dfb48260273b68e5579746fa5e7a060726c27401f718d550bb3,True,True,True,True,True,0,106,69,True,0,1,True,Forecasting,0
fixed_hyperparameter_strict_temporal_loco,held_country_and_post_cutoff_labels_excluded_from_training,KEN,2022-01-01,4317,64,1194,1095,27,26,1,2017-01-01,2021-12-01,2022-01-01,2022-10-01,ccd1d84f3ed245fe7060324cdf1f0e71ccda89280758c66bddb76f9d826a0bd0,8cbdb2a49b3d75fa8975898447c8057f78205821e7e13ba00fcb0de207e5377b,True,True,True,True,True,0,106,69,True,0,1,True,Forecasting,0
fixed_hyperparameter_strict_temporal_loco,held_country_and_post_cutoff_labels_excluded_from_training,LBN,2022-01-01,4405,9,1161,1121,9,27,1,2017-01-01,2021-12-01,2022-09-01,2022-09-01,f0636347d4e9b9e9cfdf2442e8bc12a45a1488eb208a947334994d05c244e6ff,3a5a2499725014cc59245c56238e1699f0b0b2497f030712e1886b530c7ca91e,True,True,True,True,True,0,106,69,True,0,1,True,Forecasting,0
fixed_hyperparameter_strict_temporal_loco,held_country_and_post_cutoff_labels_excluded_from_training,MDG,2022-01-01,4355,19,1201,1090,16,26,1,2017-01-01,2021-12-01,2022-04-01,2022-11-01,324e096296f45c64c6268522499e4d2f9e096c9749a7ee9ae76f7de08c55d587,ed26f654400413df2a7331d7e043e5097d9c791bed251f827b0e85f9fa2e2f6e,True,True,True,True,True,0,106,69,True,0,1,True,Forecasting,0
fixed_hyperparameter_strict_temporal_loco,held_country_and_post_cutoff_labels_excluded_from_training,MOZ,2022-01-01,4316,17,1242,1072,17,26,1,2017-01-01,2021-12-01,2022-06-01,2022-10-01,2c36fe668b414cfc7856f80493b70f53dd52ec545c610d8f683f4bc485b2f6c0,ea3f7024120083d2eb2f2ae5beefc7c154f299ab2d6a2e593aabf25e26c78385,True,True,True,True,True,0,106,69,True,0,1,True,Forecasting,0
fixed_hyperparameter_strict_temporal_loco,held_country_and_post_cutoff_labels_excluded_from_training,MWI,2022-01-01,4396,2,1177,1113,2,26,1,2017-01-01,2021-12-01,2022-10-01,2022-10-01,5d798a84ca32f465cfcff01b593621f2b4e572cabaca29eea615904723c4e7d9,d66c7b558a8f3daae63af621c6f0c92ab85e4e9315bc72d4ed15362d2131c8b3,True,True,True,True,True,0,106,69,True,0,1,True,Forecasting,0
fixed_hyperparameter_strict_temporal_loco,held_country_and_post_cutoff_labels_excluded_from_training,PAK,2022-01-01,4290,40,1245,1088,24,26,1,2017-01-01,2021-12-01,2022-03-01,2022-09-01,5edf1ab15a65c0d0463c5456d20899a4ee37237cf38b27ad9b6f1a01d9384d9b,781a060abefd02ec435b7c9a98d025578dcfbddc4c8a03aa637543f2f49b40c0,True,True,True,True,True,0,106,69,True,0,1,True,Forecasting,0
fixed_hyperparameter_strict_temporal_loco,held_country_and_post_cutoff_labels_excluded_from_training,SDN,2022-01-01,4398,4,1173,1117,4,26,1,2017-01-01,2021-12-01,2022-02-01,2022-04-01,caa3690d9eb2ce1ea0ba880da1610cec8dfd601b05010d22544bb4925f0e0aa7,4b1b4f8acce9d6098a69e65db6fc852eb1e866a354eea4d7707664adefc4dc66,True,True,True,True,True,0,106,69,True,0,1,True,Forecasting,0
fixed_hyperparameter_strict_temporal_loco,held_country_and_post_cutoff_labels_excluded_from_training,SLV,2022-01-01,4268,12,1295,1108,12,26,1,2017-01-01,2021-12-01,2022-03-01,2022-03-01,b5fb5ed9ffb89b3ade9cae42988ebb98b47543603fd5786a7436599ba006d0eb,8427e59cffbae941b7ec7756abbbbd6eea20b6513b16f333afaa6c22c3d9de1e,True,True,True,True,True,0,106,69,True,0,1,True,Forecasting,0
fixed_hyperparameter_strict_temporal_loco,held_country_and_post_cutoff_labels_excluded_from_training,SOM,2022-01-01,3555,372,1648,950,130,26,1,2017-01-01,2021-12-01,2022-01-01,2022-10-01,4aa00caa3891d6351ed2bd4b2fed4158fb76870a0c5d81ee8774d34217674496,778bd230a0de20adb0293e6b7dec3e122116174caac3ee04ee4ad1e76427277b,True,True,True,True,True,0,106,69,True,0,1,True,Forecasting,0
fixed_hyperparameter_strict_temporal_loco,held_country_and_post_cutoff_labels_excluded_from_training,SSD,2022-01-01,3870,130,1575,980,84,26,1,2017-01-01,2021-12-01,2022-02-01,2022-10-01,8b89acf0acfcb83c1ec6ddebeef1b0655f08174705cbe3ed9c02593ba281c4ba,3f9f0eba3b0b0627ceb6c16938749ada0e8263e9eb17518641471938b668c976,True,True,True,True,True,0,106,69,True,0,1,True,Forecasting,0
fixed_hyperparameter_strict_temporal_loco,held_country_and_post_cutoff_labels_excluded_from_training,SWZ,2022-01-01,4386,11,1178,1114,7,26,1,2017-01-01,2021-12-01,2022-06-01,2022-10-01,7d3af2c83e7247674373217104cf26078a445cec5f237167ad6aca7f3a9031b0,628f441876167828a3ead6c1a7191d8df5500a168fec4766b86b6af8075068b2,True,True,True,True,True,0,106,69,True,0,1,True,Forecasting,0
fixed_hyperparameter_strict_temporal_loco,held_country_and_post_cutoff_labels_excluded_from_training,TJK,2022-01-01,4397,2,1176,1120,1,26,1,2017-01-01,2021-12-01,2022-03-01,2022-09-01,3bf420b32113af12f399a9284fe88e81d3680334183ca775132db4831c854e10,76bb587623792b4fc96f681168b494e9d387c2c831f251b03c14eb145067fee7,True,True,True,True,True,0,106,69,True,0,1,True,Forecasting,0
fixed_hyperparameter_strict_temporal_loco,held_country_and_post_cutoff_labels_excluded_from_training,TZA,2022-01-01,4405,1,1169,1121,1,27,1,2017-01-01,2021-12-01,2022-07-01,2022-07-01,f0636347d4e9b9e9cfdf2442e8bc12a45a1488eb208a947334994d05c244e6ff,71cc5c85d1cd2e38133cacf372f24ce1085ccd0e95ab58a61c4526866d466313,True,True,True,True,True,0,106,69,True,0,1,True,Forecasting,0
fixed_hyperparameter_strict_temporal_loco,held_country_and_post_cutoff_labels_excluded_from_training,UGA,2022-01-01,4320,49,1206,1086,24,26,1,2017-01-01,2021-12-01,2022-02-01,2022-10-01,419a565b466d1dc98cd7b842579dac031eea97b5f883174c1db47157f1b237e4,9e6ed9efd05e1c025d8f2dd3919f55611e2c65089ee07d2c75d680e92b8d19fc,True,True,True,True,True,0,106,69,True,0,1,True,Forecasting,0
fixed_hyperparameter_strict_temporal_loco,held_country_and_post_cutoff_labels_excluded_from_training,YEM,2022-01-01,4056,36,1483,953,35,26,1,2017-01-01,2021-12-01,2022-01-01,2022-07-01,a5883deb946d68fce1cc4bfc58c3730bc1813f394cccda5bd905f06321f87cbd,541532b04755c26e718e3e2ba5ee3e7f3b7d61730ccedc2516d2d39918ab6183,True,True,True,True,True,0,106,69,True,0,1,True,Forecasting,0
fixed_hyperparameter_strict_temporal_loco,held_country_and_post_cutoff_labels_excluded_from_training,ZAF,2022-01-01,4382,3,1190,1111,2,26,1,2017-01-01,2021-12-01,2022-06-01,2022-10-01,62c83f5f813244a011239850c4adb1bb89187dea76c8a54091d9efbd867f2a09,987bfbf14614b86e0a1f2aa67ccb0095fb3fc323c0c13c34de307826c53b33ec,True,True,True,True,True,0,106,69,True,0,1,True,Forecasting,0
fixed_hyperparameter_strict_temporal_loco,held_country_and_post_cutoff_labels_excluded_from_training,ZMB,2022-01-01,4383,2,1190,1103,2,26,1,2017-01-01,2021-12-01,2022-06-01,2022-06-01,bd8f71a50180e0f13d0aa5a5ca4f1b75554af450c832af6f4e0946fb5c041ba7,7b2534daf8790bf756c81cb5f50b6cca82e5d044060c5636be29a3c8862f778f,True,True,True,True,True,0,106,69,True,0,1,True,Forecasting,0
fixed_hyperparameter_strict_temporal_loco,held_country_and_post_cutoff_labels_excluded_from_training,AFG,2022-01-01,3856,143,1576,1044,73,26,1,2017-01-01,2021-12-01,2022-03-01,2022-09-01,9643cfbd3602bf77394137fe4ba1a767453afc50f6c87de57c35159a706fa4c0,0cf704a0fa783c9d4e8f9856f17c6103be0725f325c1edd5ae587f4570a5d6b1,True,True,True,True,True,0,106,69,True,0,1,True,Nowcasting,0
fixed_hyperparameter_strict_temporal_loco,held_country_and_post_cutoff_labels_excluded_from_training,BDI,2022-01-01,4261,31,1283,1109,12,26,1,2017-01-01,2021-12-01,2022-04-01,2022-07-01,2c92bb5b159c619d12de67a217d6326a6e31024933b284d09ebb795b836de146,333305298e96b5146c13a3439c18e95d75f37f09d1c76b1fbdfd9dbd7529bf1f,True,True,True,True,True,0,106,69,True,0,1,True,Nowcasting,0
fixed_hyperparameter_strict_temporal_loco,held_country_and_post_cutoff_labels_excluded_from_training,CAF,2022-01-01,4147,34,1394,1035,28,26,1,2017-01-01,2021-12-01,2022-04-01,2022-10-01,4852ea89d8dd5175369106927ceffba627a83b190ff4d2a8b2628a9efa1ac738,4fa07adb091a3febd0ddd36711158cc7989703c92498fa1f1cae2b84ee001e86,True,True,True,True,True,0,106,69,True,0,1,True,Nowcasting,0
fixed_hyperparameter_strict_temporal_loco,held_country_and_post_cutoff_labels_excluded_from_training,COD,2022-01-01,3881,124,1570,1007,77,26,1,2017-01-01,2021-12-01,2022-02-01,2022-10-01,874ea1618dae98f18bd8af19113777ce59dcfb23809b85c598484017db03726d,f8fe5f8a9b06c58eb1efc1b18accc6f3e8760f7eca55331ef9261ed33fd1c1e8,True,True,True,True,True,0,106,69,True,0,1,True,Nowcasting,0
fixed_hyperparameter_strict_temporal_loco,held_country_and_post_cutoff_labels_excluded_from_training,DJI,2022-01-01,4403,1,1171,1119,1,26,1,2017-01-01,2021-12-01,2022-10-01,2022-10-01,b69cb64239cae72f65321ca926f66d3a98cb5fbc1ae57bd57fd3d537f4400c52,f7a09c9cfb7d7d60333ba7a8fac762e42f99e8f6be8aab98f9b11aef73c675d1,True,True,True,True,True,0,106,69,True,0,1,True,Nowcasting,0
fixed_hyperparameter_strict_temporal_loco,held_country_and_post_cutoff_labels_excluded_from_training,DOM,2022-01-01,4404,3,1168,1120,3,26,1,2017-01-01,2021-12-01,2022-09-01,2022-10-01,de8f2ef5d788af08f17ae42e9595704bc4f169b5fdd1d54bcdc01a1c242fd17c,dcc170e9575cb80849feebdaa9bb127f7151651a6d25508c79b6886ff2c44022,True,True,True,True,True,0,106,69,True,0,1,True,Nowcasting,0
fixed_hyperparameter_strict_temporal_loco,held_country_and_post_cutoff_labels_excluded_from_training,ETH,2022-01-01,4356,7,1212,1092,6,26,1,2017-01-01,2021-12-01,2022-05-01,2022-10-01,0b91110e4ff18f66ea7e6052be167703f5a9e68475855ea90d83e1925d8bae07,ec107e904f9ef2898cbd5f232d7b63559fc804b24ffa53b242391c2bebaf1b82,True,True,True,True,True,0,106,69,True,0,1,True,Nowcasting,0
fixed_hyperparameter_strict_temporal_loco,held_country_and_post_cutoff_labels_excluded_from_training,GTM,2022-01-01,4096,31,1448,1074,31,26,1,2017-01-01,2021-12-01,2022-03-01,2022-03-01,4b8fb93c576ec3d465bb99cb060aa3c92732dbaf2033aa2d346ab2161569f809,646d8a289fdc0ec43018caf32049ce087ac7e20c9e3848fa6af8fb12899c328e,True,True,True,True,True,0,106,69,True,0,1,True,Nowcasting,0
fixed_hyperparameter_strict_temporal_loco,held_country_and_post_cutoff_labels_excluded_from_training,HND,2022-01-01,4248,9,1318,1100,9,26,1,2017-01-01,2021-12-01,2022-03-01,2022-03-01,ad6da312571372995f4a70b5f31dc0732f6122834e99e3e8dc7630265e9ab3b4,9cdfad2e0737d46462a67823e404cca74768f4aadabe1b4a3f3b6bd6e80186f4,True,True,True,True,True,0,106,69,True,0,1,True,Nowcasting,0
fixed_hyperparameter_strict_temporal_loco,held_country_and_post_cutoff_labels_excluded_from_training,HTI,2022-01-01,4384,14,1177,1108,9,26,1,2017-01-01,2021-12-01,2022-09-01,2022-10-01,76b51df86b49ea65a0cb5f9cf5c4fc84cb64f7dc446d64273fe5aef422d83c07,ab59458ec32f2dfb48260273b68e5579746fa5e7a060726c27401f718d550bb3,True,True,True,True,True,0,106,69,True,0,1,True,Nowcasting,0
fixed_hyperparameter_strict_temporal_loco,held_country_and_post_cutoff_labels_excluded_from_training,KEN,2022-01-01,4317,64,1194,1095,27,26,1,2017-01-01,2021-12-01,2022-01-01,2022-10-01,ccd1d84f3ed245fe7060324cdf1f0e71ccda89280758c66bddb76f9d826a0bd0,8cbdb2a49b3d75fa8975898447c8057f78205821e7e13ba00fcb0de207e5377b,True,True,True,True,True,0,106,69,True,0,1,True,Nowcasting,0
fixed_hyperparameter_strict_temporal_loco,held_country_and_post_cutoff_labels_excluded_from_training,LBN,2022-01-01,4405,9,1161,1121,9,27,1,2017-01-01,2021-12-01,2022-09-01,2022-09-01,f0636347d4e9b9e9cfdf2442e8bc12a45a1488eb208a947334994d05c244e6ff,3a5a2499725014cc59245c56238e1699f0b0b2497f030712e1886b530c7ca91e,True,True,True,True,True,0,106,69,True,0,1,True,Nowcasting,0
fixed_hyperparameter_strict_temporal_loco,held_country_and_post_cutoff_labels_excluded_from_training,MDG,2022-01-01,4355,19,1201,1090,16,26,1,2017-01-01,2021-12-01,2022-04-01,2022-11-01,324e096296f45c64c6268522499e4d2f9e096c9749a7ee9ae76f7de08c55d587,ed26f654400413df2a7331d7e043e5097d9c791bed251f827b0e85f9fa2e2f6e,True,True,True,True,True,0,106,69,True,0,1,True,Nowcasting,0
fixed_hyperparameter_strict_temporal_loco,held_country_and_post_cutoff_labels_excluded_from_training,MOZ,2022-01-01,4316,17,1242,1072,17,26,1,2017-01-01,2021-12-01,2022-06-01,2022-10-01,2c36fe668b414cfc7856f80493b70f53dd52ec545c610d8f683f4bc485b2f6c0,ea3f7024120083d2eb2f2ae5beefc7c154f299ab2d6a2e593aabf25e26c78385,True,True,True,True,True,0,106,69,True,0,1,True,Nowcasting,0
fixed_hyperparameter_strict_temporal_loco,held_country_and_post_cutoff_labels_excluded_from_training,MWI,2022-01-01,4396,2,1177,1113,2,26,1,2017-01-01,2021-12-01,2022-10-01,2022-10-01,5d798a84ca32f465cfcff01b593621f2b4e572cabaca29eea615904723c4e7d9,d66c7b558a8f3daae63af621c6f0c92ab85e4e9315bc72d4ed15362d2131c8b3,True,True,True,True,True,0,106,69,True,0,1,True,Nowcasting,0
fixed_hyperparameter_strict_temporal_loco,held_country_and_post_cutoff_labels_excluded_from_training,PAK,2022-01-01,4290,40,1245,1088,24,26,1,2017-01-01,2021-12-01,2022-03-01,2022-09-01,5edf1ab15a65c0d0463c5456d20899a4ee37237cf38b27ad9b6f1a01d9384d9b,781a060abefd02ec435b7c9a98d025578dcfbddc4c8a03aa637543f2f49b40c0,True,True,True,True,True,0,106,69,True,0,1,True,Nowcasting,0
fixed_hyperparameter_strict_temporal_loco,held_country_and_post_cutoff_labels_excluded_from_training,SDN,2022-01-01,4398,4,1173,1117,4,26,1,2017-01-01,2021-12-01,2022-02-01,2022-04-01,caa3690d9eb2ce1ea0ba880da1610cec8dfd601b05010d22544bb4925f0e0aa7,4b1b4f8acce9d6098a69e65db6fc852eb1e866a354eea4d7707664adefc4dc66,True,True,True,True,True,0,106,69,True,0,1,True,Nowcasting,0
fixed_hyperparameter_strict_temporal_loco,held_country_and_post_cutoff_labels_excluded_from_training,SLV,2022-01-01,4268,12,1295,1108,12,26,1,2017-01-01,2021-12-01,2022-03-01,2022-03-01,b5fb5ed9ffb89b3ade9cae42988ebb98b47543603fd5786a7436599ba006d0eb,8427e59cffbae941b7ec7756abbbbd6eea20b6513b16f333afaa6c22c3d9de1e,True,True,True,True,True,0,106,69,True,0,1,True,Nowcasting,0
fixed_hyperparameter_strict_temporal_loco,held_country_and_post_cutoff_labels_excluded_from_training,SOM,2022-01-01,3555,372,1648,950,130,26,1,2017-01-01,2021-12-01,2022-01-01,2022-10-01,4aa00caa3891d6351ed2bd4b2fed4158fb76870a0c5d81ee8774d34217674496,778bd230a0de20adb0293e6b7dec3e122116174caac3ee04ee4ad1e76427277b,True,True,True,True,True,0,106,69,True,0,1,True,Nowcasting,0
fixed_hyperparameter_strict_temporal_loco,held_country_and_post_cutoff_labels_excluded_from_training,SSD,2022-01-01,3870,130,1575,980,84,26,1,2017-01-01,2021-12-01,2022-02-01,2022-10-01,8b89acf0acfcb83c1ec6ddebeef1b0655f08174705cbe3ed9c02593ba281c4ba,3f9f0eba3b0b0627ceb6c16938749ada0e8263e9eb17518641471938b668c976,True,True,True,True,True,0,106,69,True,0,1,True,Nowcasting,0
fixed_hyperparameter_strict_temporal_loco,held_country_and_post_cutoff_labels_excluded_from_training,SWZ,2022-01-01,4386,11,1178,1114,7,26,1,2017-01-01,2021-12-01,2022-06-01,2022-10-01,7d3af2c83e7247674373217104cf26078a445cec5f237167ad6aca7f3a9031b0,628f441876167828a3ead6c1a7191d8df5500a168fec4766b86b6af8075068b2,True,True,True,True,True,0,106,69,True,0,1,True,Nowcasting,0
fixed_hyperparameter_strict_temporal_loco,held_country_and_post_cutoff_labels_excluded_from_training,TJK,2022-01-01,4397,2,1176,1120,1,26,1,2017-01-01,2021-12-01,2022-03-01,2022-09-01,3bf420b32113af12f399a9284fe88e81d3680334183ca775132db4831c854e10,76bb587623792b4fc96f681168b494e9d387c2c831f251b03c14eb145067fee7,True,True,True,True,True,0,106,69,True,0,1,True,Nowcasting,0
fixed_hyperparameter_strict_temporal_loco,held_country_and_post_cutoff_labels_excluded_from_training,TZA,2022-01-01,4405,1,1169,1121,1,27,1,2017-01-01,2021-12-01,2022-07-01,2022-07-01,f0636347d4e9b9e9cfdf2442e8bc12a45a1488eb208a947334994d05c244e6ff,71cc5c85d1cd2e38133cacf372f24ce1085ccd0e95ab58a61c4526866d466313,True,True,True,True,True,0,106,69,True,0,1,True,Nowcasting,0
fixed_hyperparameter_strict_temporal_loco,held_country_and_post_cutoff_labels_excluded_from_training,UGA,2022-01-01,4320,49,1206,1086,24,26,1,2017-01-01,2021-12-01,2022-02-01,2022-10-01,419a565b466d1dc98cd7b842579dac031eea97b5f883174c1db47157f1b237e4,9e6ed9efd05e1c025d8f2dd3919f55611e2c65089ee07d2c75d680e92b8d19fc,True,True,True,True,True,0,106,69,True,0,1,True,Nowcasting,0
fixed_hyperparameter_strict_temporal_loco,held_country_and_post_cutoff_labels_excluded_from_training,YEM,2022-01-01,4056,36,1483,953,35,26,1,2017-01-01,2021-12-01,2022-01-01,2022-07-01,a5883deb946d68fce1cc4bfc58c3730bc1813f394cccda5bd905f06321f87cbd,541532b04755c26e718e3e2ba5ee3e7f3b7d61730ccedc2516d2d39918ab6183,True,True,True,True,True,0,106,69,True,0,1,True,Nowcasting,0
fixed_hyperparameter_strict_temporal_loco,held_country_and_post_cutoff_labels_excluded_from_training,ZAF,2022-01-01,4382,3,1190,1111,2,26,1,2017-01-01,2021-12-01,2022-06-01,2022-10-01,62c83f5f813244a011239850c4adb1bb89187dea76c8a54091d9efbd867f2a09,987bfbf14614b86e0a1f2aa67ccb0095fb3fc323c0c13c34de307826c53b33ec,True,True,True,True,True,0,106,69,True,0,1,True,Nowcasting,0
fixed_hyperparameter_strict_temporal_loco,held_country_and_post_cutoff_labels_excluded_from_training,ZMB,2022-01-01,4383,2,1190,1103,2,26,1,2017-01-01,2021-12-01,2022-06-01,2022-06-01,bd8f71a50180e0f13d0aa5a5ca4f1b75554af450c832af6f4e0946fb5c041ba7,7b2534daf8790bf756c81cb5f50b6cca82e5d044060c5636be29a3c8862f778f,True,True,True,True,True,0,106,69,True,0,1,True,Nowcasting,0
