task,model_component,feature_order,feature_name,source_dtype,native_missingness_preserved,feature_order_sha256
Contemporaneous,direct_contemporaneous_phase45_classifier,1,elevation,int64,True,61d485e042f77d028737359c00c2567035b9565ed8ab55374f2fbd24ea33f41f
Contemporaneous,direct_contemporaneous_phase45_classifier,2,CPI,float64,True,61d485e042f77d028737359c00c2567035b9565ed8ab55374f2fbd24ea33f41f
Contemporaneous,direct_contemporaneous_phase45_classifier,3,GDP,float64,True,61d485e042f77d028737359c00c2567035b9565ed8ab55374f2fbd24ea33f41f
Contemporaneous,direct_contemporaneous_phase45_classifier,4,infra_index,float64,True,61d485e042f77d028737359c00c2567035b9565ed8ab55374f2fbd24ea33f41f
Contemporaneous,direct_contemporaneous_phase45_classifier,5,WFP_Price_Change,float64,True,61d485e042f77d028737359c00c2567035b9565ed8ab55374f2fbd24ea33f41f
Contemporaneous,direct_contemporaneous_phase45_classifier,6,WFP_Price_Volatility,float64,True,61d485e042f77d028737359c00c2567035b9565ed8ab55374f2fbd24ea33f41f
Contemporaneous,direct_contemporaneous_phase45_classifier,7,GOSIF_GPP_m12,float64,True,61d485e042f77d028737359c00c2567035b9565ed8ab55374f2fbd24ea33f41f
Contemporaneous,direct_contemporaneous_phase45_classifier,8,infra_index_m12,float64,True,61d485e042f77d028737359c00c2567035b9565ed8ab55374f2fbd24ea33f41f
Contemporaneous,direct_contemporaneous_phase45_classifier,9,WFP_Price_Change_m12,float64,True,61d485e042f77d028737359c00c2567035b9565ed8ab55374f2fbd24ea33f41f
Contemporaneous,direct_contemporaneous_phase45_classifier,10,WFP_Price_Volatility_m12,float64,True,61d485e042f77d028737359c00c2567035b9565ed8ab55374f2fbd24ea33f41f
Contemporaneous,direct_contemporaneous_phase45_classifier,11,infra_index_s12,float64,True,61d485e042f77d028737359c00c2567035b9565ed8ab55374f2fbd24ea33f41f
Contemporaneous,direct_contemporaneous_phase45_classifier,12,WFP_Price_Change_s12,float64,True,61d485e042f77d028737359c00c2567035b9565ed8ab55374f2fbd24ea33f41f
Contemporaneous,direct_contemporaneous_phase45_classifier,13,WFP_Price_Volatility_s12,float64,True,61d485e042f77d028737359c00c2567035b9565ed8ab55374f2fbd24ea33f41f
Contemporaneous,direct_contemporaneous_phase45_classifier,14,market_access,int64,True,61d485e042f77d028737359c00c2567035b9565ed8ab55374f2fbd24ea33f41f
Contemporaneous,direct_contemporaneous_phase45_classifier,15,fatalities_battles,float64,True,61d485e042f77d028737359c00c2567035b9565ed8ab55374f2fbd24ea33f41f
Contemporaneous,direct_contemporaneous_phase45_classifier,16,fatalities_explosions,float64,True,61d485e042f77d028737359c00c2567035b9565ed8ab55374f2fbd24ea33f41f
Contemporaneous,direct_contemporaneous_phase45_classifier,17,fatalities_violence,float64,True,61d485e042f77d028737359c00c2567035b9565ed8ab55374f2fbd24ea33f41f
Contemporaneous,direct_contemporaneous_phase45_classifier,18,event_count_battles,float64,True,61d485e042f77d028737359c00c2567035b9565ed8ab55374f2fbd24ea33f41f
Contemporaneous,direct_contemporaneous_phase45_classifier,19,event_count_explosions,float64,True,61d485e042f77d028737359c00c2567035b9565ed8ab55374f2fbd24ea33f41f
Contemporaneous,direct_contemporaneous_phase45_classifier,20,event_count_violence,float64,True,61d485e042f77d028737359c00c2567035b9565ed8ab55374f2fbd24ea33f41f
Contemporaneous,direct_contemporaneous_phase45_classifier,21,fatalities_battles_w5,float64,True,61d485e042f77d028737359c00c2567035b9565ed8ab55374f2fbd24ea33f41f
Contemporaneous,direct_contemporaneous_phase45_classifier,22,fatalities_explosions_w5,float64,True,61d485e042f77d028737359c00c2567035b9565ed8ab55374f2fbd24ea33f41f
Contemporaneous,direct_contemporaneous_phase45_classifier,23,fatalities_violence_w5,float64,True,61d485e042f77d028737359c00c2567035b9565ed8ab55374f2fbd24ea33f41f
Contemporaneous,direct_contemporaneous_phase45_classifier,24,event_count_battles_w5,float64,True,61d485e042f77d028737359c00c2567035b9565ed8ab55374f2fbd24ea33f41f
Contemporaneous,direct_contemporaneous_phase45_classifier,25,event_count_explosions_w5,float64,True,61d485e042f77d028737359c00c2567035b9565ed8ab55374f2fbd24ea33f41f
Contemporaneous,direct_contemporaneous_phase45_classifier,26,event_count_violence_w5,float64,True,61d485e042f77d028737359c00c2567035b9565ed8ab55374f2fbd24ea33f41f
Contemporaneous,direct_contemporaneous_phase45_classifier,27,fatalities_battles_w10,float64,True,61d485e042f77d028737359c00c2567035b9565ed8ab55374f2fbd24ea33f41f
Contemporaneous,direct_contemporaneous_phase45_classifier,28,fatalities_explosions_w10,float64,True,61d485e042f77d028737359c00c2567035b9565ed8ab55374f2fbd24ea33f41f
Contemporaneous,direct_contemporaneous_phase45_classifier,29,fatalities_violence_w10,float64,True,61d485e042f77d028737359c00c2567035b9565ed8ab55374f2fbd24ea33f41f
Contemporaneous,direct_contemporaneous_phase45_classifier,30,event_count_battles_w10,float64,True,61d485e042f77d028737359c00c2567035b9565ed8ab55374f2fbd24ea33f41f
Contemporaneous,direct_contemporaneous_phase45_classifier,31,event_count_explosions_w10,float64,True,61d485e042f77d028737359c00c2567035b9565ed8ab55374f2fbd24ea33f41f
Contemporaneous,direct_contemporaneous_phase45_classifier,32,event_count_violence_w10,float64,True,61d485e042f77d028737359c00c2567035b9565ed8ab55374f2fbd24ea33f41f
Contemporaneous,direct_contemporaneous_phase45_classifier,33,fatalities_battles_m12,float64,True,61d485e042f77d028737359c00c2567035b9565ed8ab55374f2fbd24ea33f41f
Contemporaneous,direct_contemporaneous_phase45_classifier,34,fatalities_explosions_m12,float64,True,61d485e042f77d028737359c00c2567035b9565ed8ab55374f2fbd24ea33f41f
Contemporaneous,direct_contemporaneous_phase45_classifier,35,fatalities_violence_m12,float64,True,61d485e042f77d028737359c00c2567035b9565ed8ab55374f2fbd24ea33f41f
Contemporaneous,direct_contemporaneous_phase45_classifier,36,event_count_battles_m12,float64,True,61d485e042f77d028737359c00c2567035b9565ed8ab55374f2fbd24ea33f41f
Contemporaneous,direct_contemporaneous_phase45_classifier,37,event_count_explosions_m12,float64,True,61d485e042f77d028737359c00c2567035b9565ed8ab55374f2fbd24ea33f41f
Contemporaneous,direct_contemporaneous_phase45_classifier,38,event_count_violence_m12,float64,True,61d485e042f77d028737359c00c2567035b9565ed8ab55374f2fbd24ea33f41f
Contemporaneous,direct_contemporaneous_phase45_classifier,39,fatalities_battles_w5_m12,float64,True,61d485e042f77d028737359c00c2567035b9565ed8ab55374f2fbd24ea33f41f
Contemporaneous,direct_contemporaneous_phase45_classifier,40,fatalities_explosions_w5_m12,float64,True,61d485e042f77d028737359c00c2567035b9565ed8ab55374f2fbd24ea33f41f
Contemporaneous,direct_contemporaneous_phase45_classifier,41,fatalities_violence_w5_m12,float64,True,61d485e042f77d028737359c00c2567035b9565ed8ab55374f2fbd24ea33f41f
Contemporaneous,direct_contemporaneous_phase45_classifier,42,event_count_battles_w5_m12,float64,True,61d485e042f77d028737359c00c2567035b9565ed8ab55374f2fbd24ea33f41f
Contemporaneous,direct_contemporaneous_phase45_classifier,43,event_count_explosions_w5_m12,float64,True,61d485e042f77d028737359c00c2567035b9565ed8ab55374f2fbd24ea33f41f
Contemporaneous,direct_contemporaneous_phase45_classifier,44,event_count_violence_w5_m12,float64,True,61d485e042f77d028737359c00c2567035b9565ed8ab55374f2fbd24ea33f41f
Contemporaneous,direct_contemporaneous_phase45_classifier,45,fatalities_battles_w10_m12,float64,True,61d485e042f77d028737359c00c2567035b9565ed8ab55374f2fbd24ea33f41f
Contemporaneous,direct_contemporaneous_phase45_classifier,46,fatalities_explosions_w10_m12,float64,True,61d485e042f77d028737359c00c2567035b9565ed8ab55374f2fbd24ea33f41f
Contemporaneous,direct_contemporaneous_phase45_classifier,47,fatalities_violence_w10_m12,float64,True,61d485e042f77d028737359c00c2567035b9565ed8ab55374f2fbd24ea33f41f
Contemporaneous,direct_contemporaneous_phase45_classifier,48,event_count_battles_w10_m12,float64,True,61d485e042f77d028737359c00c2567035b9565ed8ab55374f2fbd24ea33f41f
Contemporaneous,direct_contemporaneous_phase45_classifier,49,event_count_explosions_w10_m12,float64,True,61d485e042f77d028737359c00c2567035b9565ed8ab55374f2fbd24ea33f41f
Contemporaneous,direct_contemporaneous_phase45_classifier,50,event_count_violence_w10_m12,float64,True,61d485e042f77d028737359c00c2567035b9565ed8ab55374f2fbd24ea33f41f
Contemporaneous,direct_contemporaneous_phase45_classifier,51,chirps_z_score,float64,True,61d485e042f77d028737359c00c2567035b9565ed8ab55374f2fbd24ea33f41f
Contemporaneous,direct_contemporaneous_phase45_classifier,52,temperature_z_score,float64,True,61d485e042f77d028737359c00c2567035b9565ed8ab55374f2fbd24ea33f41f
Contemporaneous,direct_contemporaneous_phase45_classifier,53,nitrogen_5-15cm_mean,float64,True,61d485e042f77d028737359c00c2567035b9565ed8ab55374f2fbd24ea33f41f
Contemporaneous,direct_contemporaneous_phase45_classifier,54,phh2o_5-15cm_mean,float64,True,61d485e042f77d028737359c00c2567035b9565ed8ab55374f2fbd24ea33f41f
Contemporaneous,direct_contemporaneous_phase45_classifier,55,cec_5-15cm_mean,float64,True,61d485e042f77d028737359c00c2567035b9565ed8ab55374f2fbd24ea33f41f
Contemporaneous,direct_contemporaneous_phase45_classifier,56,cfvo_5-15cm_mean,float64,True,61d485e042f77d028737359c00c2567035b9565ed8ab55374f2fbd24ea33f41f
Contemporaneous,direct_contemporaneous_phase45_classifier,57,soc_5-15cm_mean,float64,True,61d485e042f77d028737359c00c2567035b9565ed8ab55374f2fbd24ea33f41f
Contemporaneous,direct_contemporaneous_phase45_classifier,58,aez_groupid_4000,int64,True,61d485e042f77d028737359c00c2567035b9565ed8ab55374f2fbd24ea33f41f
Contemporaneous,direct_contemporaneous_phase45_classifier,59,aez_groupid_7000,int64,True,61d485e042f77d028737359c00c2567035b9565ed8ab55374f2fbd24ea33f41f
Contemporaneous,direct_contemporaneous_phase45_classifier,60,aez_groupid_9000,int64,True,61d485e042f77d028737359c00c2567035b9565ed8ab55374f2fbd24ea33f41f
Contemporaneous,direct_contemporaneous_phase45_classifier,61,aez_groupid_10000,int64,True,61d485e042f77d028737359c00c2567035b9565ed8ab55374f2fbd24ea33f41f
Contemporaneous,direct_contemporaneous_phase45_classifier,62,aez_groupid_12000,int64,True,61d485e042f77d028737359c00c2567035b9565ed8ab55374f2fbd24ea33f41f
Contemporaneous,direct_contemporaneous_phase45_classifier,63,aez_groupid_17000,int64,True,61d485e042f77d028737359c00c2567035b9565ed8ab55374f2fbd24ea33f41f
Contemporaneous,direct_contemporaneous_phase45_classifier,64,aez_groupid_19000,int64,True,61d485e042f77d028737359c00c2567035b9565ed8ab55374f2fbd24ea33f41f
Contemporaneous,direct_contemporaneous_phase45_classifier,65,aez_groupid_25000,int64,True,61d485e042f77d028737359c00c2567035b9565ed8ab55374f2fbd24ea33f41f
Contemporaneous,direct_contemporaneous_phase45_classifier,66,aez_groupid_30000,int64,True,61d485e042f77d028737359c00c2567035b9565ed8ab55374f2fbd24ea33f41f
Contemporaneous,direct_contemporaneous_phase45_classifier,67,aez_groupid_31000,int64,True,61d485e042f77d028737359c00c2567035b9565ed8ab55374f2fbd24ea33f41f
Contemporaneous,direct_contemporaneous_phase45_classifier,68,aez_groupid_32000,int64,True,61d485e042f77d028737359c00c2567035b9565ed8ab55374f2fbd24ea33f41f
Contemporaneous,direct_contemporaneous_phase45_classifier,69,aez_groupid_33000,int64,True,61d485e042f77d028737359c00c2567035b9565ed8ab55374f2fbd24ea33f41f
Contemporaneous,direct_contemporaneous_phase45_classifier,70,aez_groupid_34000,int64,True,61d485e042f77d028737359c00c2567035b9565ed8ab55374f2fbd24ea33f41f
Contemporaneous,direct_contemporaneous_phase45_classifier,71,aez_groupid_36000,int64,True,61d485e042f77d028737359c00c2567035b9565ed8ab55374f2fbd24ea33f41f
Contemporaneous,direct_contemporaneous_phase45_classifier,72,aez_groupid_40000,int64,True,61d485e042f77d028737359c00c2567035b9565ed8ab55374f2fbd24ea33f41f
Contemporaneous,direct_contemporaneous_phase45_classifier,73,aez_groupid_43000,int64,True,61d485e042f77d028737359c00c2567035b9565ed8ab55374f2fbd24ea33f41f
Contemporaneous,direct_contemporaneous_phase45_classifier,74,slope,float64,True,61d485e042f77d028737359c00c2567035b9565ed8ab55374f2fbd24ea33f41f
Contemporaneous,direct_contemporaneous_phase45_classifier,75,estimated_population,float64,True,61d485e042f77d028737359c00c2567035b9565ed8ab55374f2fbd24ea33f41f
Contemporaneous,direct_contemporaneous_phase45_classifier,76,lat,float64,True,61d485e042f77d028737359c00c2567035b9565ed8ab55374f2fbd24ea33f41f
Contemporaneous,direct_contemporaneous_phase45_classifier,77,lon,float64,True,61d485e042f77d028737359c00c2567035b9565ed8ab55374f2fbd24ea33f41f
Contemporaneous,direct_contemporaneous_phase45_classifier,78,cropland,int64,True,61d485e042f77d028737359c00c2567035b9565ed8ab55374f2fbd24ea33f41f
Contemporaneous,direct_contemporaneous_phase45_classifier,79,rangeland,int64,True,61d485e042f77d028737359c00c2567035b9565ed8ab55374f2fbd24ea33f41f
Contemporaneous,direct_contemporaneous_phase45_classifier,80,precipitation_sum_m12,float64,True,61d485e042f77d028737359c00c2567035b9565ed8ab55374f2fbd24ea33f41f
Contemporaneous,direct_contemporaneous_phase45_classifier,81,soil_moisture_mean_m12,float64,True,61d485e042f77d028737359c00c2567035b9565ed8ab55374f2fbd24ea33f41f
Contemporaneous,direct_contemporaneous_phase45_classifier,82,shortwave_radiation_sum_m12,float64,True,61d485e042f77d028737359c00c2567035b9565ed8ab55374f2fbd24ea33f41f
Contemporaneous,direct_contemporaneous_phase45_classifier,83,temperature_2m_mean_m12,float64,True,61d485e042f77d028737359c00c2567035b9565ed8ab55374f2fbd24ea33f41f
Contemporaneous,direct_contemporaneous_phase45_classifier,84,price_index_m12,float64,True,61d485e042f77d028737359c00c2567035b9565ed8ab55374f2fbd24ea33f41f
Contemporaneous,direct_contemporaneous_phase45_classifier,85,rainfall_chirps_m12,float64,True,61d485e042f77d028737359c00c2567035b9565ed8ab55374f2fbd24ea33f41f
Contemporaneous,direct_contemporaneous_phase45_classifier,86,nightlight_mean_m12,float64,True,61d485e042f77d028737359c00c2567035b9565ed8ab55374f2fbd24ea33f41f
Contemporaneous,direct_contemporaneous_phase45_classifier,87,precipitation_sum_s12,float64,True,61d485e042f77d028737359c00c2567035b9565ed8ab55374f2fbd24ea33f41f
Contemporaneous,direct_contemporaneous_phase45_classifier,88,soil_moisture_mean_s12,float64,True,61d485e042f77d028737359c00c2567035b9565ed8ab55374f2fbd24ea33f41f
Contemporaneous,direct_contemporaneous_phase45_classifier,89,shortwave_radiation_sum_s12,float64,True,61d485e042f77d028737359c00c2567035b9565ed8ab55374f2fbd24ea33f41f
Contemporaneous,direct_contemporaneous_phase45_classifier,90,temperature_2m_mean_s12,float64,True,61d485e042f77d028737359c00c2567035b9565ed8ab55374f2fbd24ea33f41f
Contemporaneous,direct_contemporaneous_phase45_classifier,91,price_index_s12,float64,True,61d485e042f77d028737359c00c2567035b9565ed8ab55374f2fbd24ea33f41f
Contemporaneous,direct_contemporaneous_phase45_classifier,92,rainfall_chirps_s12,float64,True,61d485e042f77d028737359c00c2567035b9565ed8ab55374f2fbd24ea33f41f
Contemporaneous,direct_contemporaneous_phase45_classifier,93,nightlight_mean_s12,float64,True,61d485e042f77d028737359c00c2567035b9565ed8ab55374f2fbd24ea33f41f
Contemporaneous,direct_contemporaneous_phase45_classifier,94,EVI_m12,float64,True,61d485e042f77d028737359c00c2567035b9565ed8ab55374f2fbd24ea33f41f
Contemporaneous,direct_contemporaneous_phase45_classifier,95,area,float64,True,61d485e042f77d028737359c00c2567035b9565ed8ab55374f2fbd24ea33f41f
Contemporaneous,direct_contemporaneous_phase45_classifier,96,es_urban_pop,float64,True,61d485e042f77d028737359c00c2567035b9565ed8ab55374f2fbd24ea33f41f
Contemporaneous,direct_contemporaneous_phase45_classifier,97,urban_area,float64,True,61d485e042f77d028737359c00c2567035b9565ed8ab55374f2fbd24ea33f41f
Contemporaneous,direct_contemporaneous_phase45_classifier,98,distance_to_river,float64,True,61d485e042f77d028737359c00c2567035b9565ed8ab55374f2fbd24ea33f41f
Contemporaneous,direct_contemporaneous_phase45_classifier,99,ruggedness_index,float64,True,61d485e042f77d028737359c00c2567035b9565ed8ab55374f2fbd24ea33f41f
Contemporaneous,direct_contemporaneous_phase45_classifier,100,fews_ipc_ha,float64,True,61d485e042f77d028737359c00c2567035b9565ed8ab55374f2fbd24ea33f41f
Contemporaneous,direct_contemporaneous_phase45_classifier,101,CC.PER.RNK,float64,True,61d485e042f77d028737359c00c2567035b9565ed8ab55374f2fbd24ea33f41f
Contemporaneous,direct_contemporaneous_phase45_classifier,102,gini,float64,True,61d485e042f77d028737359c00c2567035b9565ed8ab55374f2fbd24ea33f41f
Contemporaneous,direct_contemporaneous_phase45_classifier,103,cpi,float64,True,61d485e042f77d028737359c00c2567035b9565ed8ab55374f2fbd24ea33f41f
Contemporaneous,direct_contemporaneous_phase45_classifier,104,NY.GDP.PCAP.KD,float64,True,61d485e042f77d028737359c00c2567035b9565ed8ab55374f2fbd24ea33f41f
Contemporaneous,direct_contemporaneous_phase45_classifier,105,WFP_Price_Change_l12,float64,True,61d485e042f77d028737359c00c2567035b9565ed8ab55374f2fbd24ea33f41f
Contemporaneous,direct_contemporaneous_phase45_classifier,106,WFP_Price_Volatility_l12,float64,True,61d485e042f77d028737359c00c2567035b9565ed8ab55374f2fbd24ea33f41f
Contemporaneous,direct_contemporaneous_phase45_classifier,107,fatalities_battles_l12,float64,True,61d485e042f77d028737359c00c2567035b9565ed8ab55374f2fbd24ea33f41f
Contemporaneous,direct_contemporaneous_phase45_classifier,108,fatalities_explosions_l12,float64,True,61d485e042f77d028737359c00c2567035b9565ed8ab55374f2fbd24ea33f41f
Contemporaneous,direct_contemporaneous_phase45_classifier,109,fatalities_violence_l12,float64,True,61d485e042f77d028737359c00c2567035b9565ed8ab55374f2fbd24ea33f41f
Contemporaneous,direct_contemporaneous_phase45_classifier,110,event_count_battles_l12,float64,True,61d485e042f77d028737359c00c2567035b9565ed8ab55374f2fbd24ea33f41f
Contemporaneous,direct_contemporaneous_phase45_classifier,111,event_count_explosions_l12,float64,True,61d485e042f77d028737359c00c2567035b9565ed8ab55374f2fbd24ea33f41f
Contemporaneous,direct_contemporaneous_phase45_classifier,112,event_count_violence_l12,float64,True,61d485e042f77d028737359c00c2567035b9565ed8ab55374f2fbd24ea33f41f
Contemporaneous,direct_contemporaneous_phase45_classifier,113,precipitation_sum_l12,float64,True,61d485e042f77d028737359c00c2567035b9565ed8ab55374f2fbd24ea33f41f
Contemporaneous,direct_contemporaneous_phase45_classifier,114,soil_moisture_mean_l12,float64,True,61d485e042f77d028737359c00c2567035b9565ed8ab55374f2fbd24ea33f41f
Contemporaneous,direct_contemporaneous_phase45_classifier,115,shortwave_radiation_sum_l12,float64,True,61d485e042f77d028737359c00c2567035b9565ed8ab55374f2fbd24ea33f41f
Contemporaneous,direct_contemporaneous_phase45_classifier,116,temperature_2m_mean_l12,float64,True,61d485e042f77d028737359c00c2567035b9565ed8ab55374f2fbd24ea33f41f
Contemporaneous,direct_contemporaneous_phase45_classifier,117,price_index_l12,float64,True,61d485e042f77d028737359c00c2567035b9565ed8ab55374f2fbd24ea33f41f
Contemporaneous,direct_contemporaneous_phase45_classifier,118,rainfall_chirps_l12,float64,True,61d485e042f77d028737359c00c2567035b9565ed8ab55374f2fbd24ea33f41f
Contemporaneous,direct_contemporaneous_phase45_classifier,119,nightlight_mean_l12,float64,True,61d485e042f77d028737359c00c2567035b9565ed8ab55374f2fbd24ea33f41f
Contemporaneous,direct_contemporaneous_phase45_classifier,120,EVI_l12,float64,True,61d485e042f77d028737359c00c2567035b9565ed8ab55374f2fbd24ea33f41f
Contemporaneous,direct_contemporaneous_phase45_classifier,121,fatalities_battles_w5_l12,float64,True,61d485e042f77d028737359c00c2567035b9565ed8ab55374f2fbd24ea33f41f
Contemporaneous,direct_contemporaneous_phase45_classifier,122,fatalities_explosions_w5_l12,float64,True,61d485e042f77d028737359c00c2567035b9565ed8ab55374f2fbd24ea33f41f
Contemporaneous,direct_contemporaneous_phase45_classifier,123,fatalities_violence_w5_l12,float64,True,61d485e042f77d028737359c00c2567035b9565ed8ab55374f2fbd24ea33f41f
Contemporaneous,direct_contemporaneous_phase45_classifier,124,event_count_battles_w5_l12,float64,True,61d485e042f77d028737359c00c2567035b9565ed8ab55374f2fbd24ea33f41f
Contemporaneous,direct_contemporaneous_phase45_classifier,125,event_count_explosions_w5_l12,float64,True,61d485e042f77d028737359c00c2567035b9565ed8ab55374f2fbd24ea33f41f
Contemporaneous,direct_contemporaneous_phase45_classifier,126,event_count_violence_w5_l12,float64,True,61d485e042f77d028737359c00c2567035b9565ed8ab55374f2fbd24ea33f41f
Contemporaneous,direct_contemporaneous_phase45_classifier,127,fatalities_battles_w10_l12,float64,True,61d485e042f77d028737359c00c2567035b9565ed8ab55374f2fbd24ea33f41f
Contemporaneous,direct_contemporaneous_phase45_classifier,128,fatalities_explosions_w10_l12,float64,True,61d485e042f77d028737359c00c2567035b9565ed8ab55374f2fbd24ea33f41f
Contemporaneous,direct_contemporaneous_phase45_classifier,129,fatalities_violence_w10_l12,float64,True,61d485e042f77d028737359c00c2567035b9565ed8ab55374f2fbd24ea33f41f
Contemporaneous,direct_contemporaneous_phase45_classifier,130,event_count_battles_w10_l12,float64,True,61d485e042f77d028737359c00c2567035b9565ed8ab55374f2fbd24ea33f41f
Contemporaneous,direct_contemporaneous_phase45_classifier,131,event_count_explosions_w10_l12,float64,True,61d485e042f77d028737359c00c2567035b9565ed8ab55374f2fbd24ea33f41f
Contemporaneous,direct_contemporaneous_phase45_classifier,132,event_count_violence_w10_l12,float64,True,61d485e042f77d028737359c00c2567035b9565ed8ab55374f2fbd24ea33f41f
Contemporaneous,direct_contemporaneous_phase45_classifier,133,rainfall_chirps_z_l12,float64,True,61d485e042f77d028737359c00c2567035b9565ed8ab55374f2fbd24ea33f41f
Contemporaneous,direct_contemporaneous_phase45_classifier,134,temperature_2m_mean_z_l12,float64,True,61d485e042f77d028737359c00c2567035b9565ed8ab55374f2fbd24ea33f41f
Contemporaneous,direct_contemporaneous_phase45_classifier,135,GOSIF_GPP_l12,float64,True,61d485e042f77d028737359c00c2567035b9565ed8ab55374f2fbd24ea33f41f
Contemporaneous,direct_contemporaneous_phase45_classifier,136,WFP_Price_Change_s12_l12,float64,True,61d485e042f77d028737359c00c2567035b9565ed8ab55374f2fbd24ea33f41f
Contemporaneous,direct_contemporaneous_phase45_classifier,137,WFP_Price_Volatility_s12_l12,float64,True,61d485e042f77d028737359c00c2567035b9565ed8ab55374f2fbd24ea33f41f
Contemporaneous,direct_contemporaneous_phase45_classifier,138,fatalities_battles_s12_l12,float64,True,61d485e042f77d028737359c00c2567035b9565ed8ab55374f2fbd24ea33f41f
Contemporaneous,direct_contemporaneous_phase45_classifier,139,fatalities_explosions_s12_l12,float64,True,61d485e042f77d028737359c00c2567035b9565ed8ab55374f2fbd24ea33f41f
Contemporaneous,direct_contemporaneous_phase45_classifier,140,fatalities_violence_s12_l12,float64,True,61d485e042f77d028737359c00c2567035b9565ed8ab55374f2fbd24ea33f41f
Contemporaneous,direct_contemporaneous_phase45_classifier,141,event_count_battles_s12_l12,float64,True,61d485e042f77d028737359c00c2567035b9565ed8ab55374f2fbd24ea33f41f
Contemporaneous,direct_contemporaneous_phase45_classifier,142,event_count_explosions_s12_l12,float64,True,61d485e042f77d028737359c00c2567035b9565ed8ab55374f2fbd24ea33f41f
Contemporaneous,direct_contemporaneous_phase45_classifier,143,event_count_violence_s12_l12,float64,True,61d485e042f77d028737359c00c2567035b9565ed8ab55374f2fbd24ea33f41f
Contemporaneous,direct_contemporaneous_phase45_classifier,144,precipitation_sum_s12_l12,float64,True,61d485e042f77d028737359c00c2567035b9565ed8ab55374f2fbd24ea33f41f
Contemporaneous,direct_contemporaneous_phase45_classifier,145,soil_moisture_mean_s12_l12,float64,True,61d485e042f77d028737359c00c2567035b9565ed8ab55374f2fbd24ea33f41f
Contemporaneous,direct_contemporaneous_phase45_classifier,146,shortwave_radiation_sum_s12_l12,float64,True,61d485e042f77d028737359c00c2567035b9565ed8ab55374f2fbd24ea33f41f
Contemporaneous,direct_contemporaneous_phase45_classifier,147,temperature_2m_mean_s12_l12,float64,True,61d485e042f77d028737359c00c2567035b9565ed8ab55374f2fbd24ea33f41f
Contemporaneous,direct_contemporaneous_phase45_classifier,148,price_index_s12_l12,float64,True,61d485e042f77d028737359c00c2567035b9565ed8ab55374f2fbd24ea33f41f
Contemporaneous,direct_contemporaneous_phase45_classifier,149,rainfall_chirps_s12_l12,float64,True,61d485e042f77d028737359c00c2567035b9565ed8ab55374f2fbd24ea33f41f
Contemporaneous,direct_contemporaneous_phase45_classifier,150,nightlight_mean_s12_l12,float64,True,61d485e042f77d028737359c00c2567035b9565ed8ab55374f2fbd24ea33f41f
Contemporaneous,direct_contemporaneous_phase45_classifier,151,EVI_s12_l12,float64,True,61d485e042f77d028737359c00c2567035b9565ed8ab55374f2fbd24ea33f41f
Contemporaneous,direct_contemporaneous_phase45_classifier,152,fatalities_battles_w5_s12_l12,float64,True,61d485e042f77d028737359c00c2567035b9565ed8ab55374f2fbd24ea33f41f
Contemporaneous,direct_contemporaneous_phase45_classifier,153,fatalities_explosions_w5_s12_l12,float64,True,61d485e042f77d028737359c00c2567035b9565ed8ab55374f2fbd24ea33f41f
Contemporaneous,direct_contemporaneous_phase45_classifier,154,fatalities_violence_w5_s12_l12,float64,True,61d485e042f77d028737359c00c2567035b9565ed8ab55374f2fbd24ea33f41f
Contemporaneous,direct_contemporaneous_phase45_classifier,155,event_count_battles_w5_s12_l12,float64,True,61d485e042f77d028737359c00c2567035b9565ed8ab55374f2fbd24ea33f41f
Contemporaneous,direct_contemporaneous_phase45_classifier,156,event_count_explosions_w5_s12_l12,float64,True,61d485e042f77d028737359c00c2567035b9565ed8ab55374f2fbd24ea33f41f
Contemporaneous,direct_contemporaneous_phase45_classifier,157,event_count_violence_w5_s12_l12,float64,True,61d485e042f77d028737359c00c2567035b9565ed8ab55374f2fbd24ea33f41f
Contemporaneous,direct_contemporaneous_phase45_classifier,158,fatalities_battles_w10_s12_l12,float64,True,61d485e042f77d028737359c00c2567035b9565ed8ab55374f2fbd24ea33f41f
Contemporaneous,direct_contemporaneous_phase45_classifier,159,fatalities_explosions_w10_s12_l12,float64,True,61d485e042f77d028737359c00c2567035b9565ed8ab55374f2fbd24ea33f41f
Contemporaneous,direct_contemporaneous_phase45_classifier,160,fatalities_violence_w10_s12_l12,float64,True,61d485e042f77d028737359c00c2567035b9565ed8ab55374f2fbd24ea33f41f
Contemporaneous,direct_contemporaneous_phase45_classifier,161,event_count_battles_w10_s12_l12,float64,True,61d485e042f77d028737359c00c2567035b9565ed8ab55374f2fbd24ea33f41f
Contemporaneous,direct_contemporaneous_phase45_classifier,162,event_count_explosions_w10_s12_l12,float64,True,61d485e042f77d028737359c00c2567035b9565ed8ab55374f2fbd24ea33f41f
Contemporaneous,direct_contemporaneous_phase45_classifier,163,event_count_violence_w10_s12_l12,float64,True,61d485e042f77d028737359c00c2567035b9565ed8ab55374f2fbd24ea33f41f
Contemporaneous,direct_contemporaneous_phase45_classifier,164,rainfall_chirps_z_s12_l12,float64,True,61d485e042f77d028737359c00c2567035b9565ed8ab55374f2fbd24ea33f41f
Contemporaneous,direct_contemporaneous_phase45_classifier,165,temperature_2m_mean_z_s12_l12,float64,True,61d485e042f77d028737359c00c2567035b9565ed8ab55374f2fbd24ea33f41f
Contemporaneous,direct_contemporaneous_phase45_classifier,166,GOSIF_GPP_s12_l12,float64,True,61d485e042f77d028737359c00c2567035b9565ed8ab55374f2fbd24ea33f41f
Contemporaneous,direct_contemporaneous_phase45_classifier,167,NY.GDP.PCAP.KD_l12,float64,True,61d485e042f77d028737359c00c2567035b9565ed8ab55374f2fbd24ea33f41f
Contemporaneous,direct_contemporaneous_phase45_classifier,168,cpi_l12,float64,True,61d485e042f77d028737359c00c2567035b9565ed8ab55374f2fbd24ea33f41f
Contemporaneous,direct_contemporaneous_phase45_classifier,169,GDP_l12,float64,True,61d485e042f77d028737359c00c2567035b9565ed8ab55374f2fbd24ea33f41f
Contemporaneous,direct_contemporaneous_phase45_classifier,170,CPI_l12,float64,True,61d485e042f77d028737359c00c2567035b9565ed8ab55374f2fbd24ea33f41f
Contemporaneous,direct_contemporaneous_phase45_classifier,171,infra_index_l12,float64,True,61d485e042f77d028737359c00c2567035b9565ed8ab55374f2fbd24ea33f41f
Contemporaneous,direct_contemporaneous_phase45_classifier,172,CC.PER.RNK_l12,float64,True,61d485e042f77d028737359c00c2567035b9565ed8ab55374f2fbd24ea33f41f
Contemporaneous,direct_contemporaneous_phase45_classifier,173,gini_l12,float64,True,61d485e042f77d028737359c00c2567035b9565ed8ab55374f2fbd24ea33f41f
Contemporaneous,direct_contemporaneous_phase45_classifier,174,kfolds,int64,True,61d485e042f77d028737359c00c2567035b9565ed8ab55374f2fbd24ea33f41f
