task,model_component,feature_order,feature_name,source_dtype,feature_definition,native_missingness_preserved,feature_order_sha256
Forecasting,direct_forecasting_classifier,1,elevation,int64,native_source_column,True,6851d83c47ea084e63fcaeba6a6a892be108e2725af3834837a8322023f60a0f
Forecasting,direct_forecasting_classifier,2,infra_index_m12_l12,float64,native_source_column,True,6851d83c47ea084e63fcaeba6a6a892be108e2725af3834837a8322023f60a0f
Forecasting,direct_forecasting_classifier,3,infra_index_s12_l12,float64,native_source_column,True,6851d83c47ea084e63fcaeba6a6a892be108e2725af3834837a8322023f60a0f
Forecasting,direct_forecasting_classifier,4,market_access,int64,native_source_column,True,6851d83c47ea084e63fcaeba6a6a892be108e2725af3834837a8322023f60a0f
Forecasting,direct_forecasting_classifier,5,nitrogen_5-15cm_mean,float64,native_source_column,True,6851d83c47ea084e63fcaeba6a6a892be108e2725af3834837a8322023f60a0f
Forecasting,direct_forecasting_classifier,6,phh2o_5-15cm_mean,float64,native_source_column,True,6851d83c47ea084e63fcaeba6a6a892be108e2725af3834837a8322023f60a0f
Forecasting,direct_forecasting_classifier,7,cec_5-15cm_mean,float64,native_source_column,True,6851d83c47ea084e63fcaeba6a6a892be108e2725af3834837a8322023f60a0f
Forecasting,direct_forecasting_classifier,8,cfvo_5-15cm_mean,float64,native_source_column,True,6851d83c47ea084e63fcaeba6a6a892be108e2725af3834837a8322023f60a0f
Forecasting,direct_forecasting_classifier,9,soc_5-15cm_mean,float64,native_source_column,True,6851d83c47ea084e63fcaeba6a6a892be108e2725af3834837a8322023f60a0f
Forecasting,direct_forecasting_classifier,10,aez_groupid_4000,int64,native_source_column,True,6851d83c47ea084e63fcaeba6a6a892be108e2725af3834837a8322023f60a0f
Forecasting,direct_forecasting_classifier,11,aez_groupid_7000,int64,native_source_column,True,6851d83c47ea084e63fcaeba6a6a892be108e2725af3834837a8322023f60a0f
Forecasting,direct_forecasting_classifier,12,aez_groupid_9000,int64,native_source_column,True,6851d83c47ea084e63fcaeba6a6a892be108e2725af3834837a8322023f60a0f
Forecasting,direct_forecasting_classifier,13,aez_groupid_10000,int64,native_source_column,True,6851d83c47ea084e63fcaeba6a6a892be108e2725af3834837a8322023f60a0f
Forecasting,direct_forecasting_classifier,14,aez_groupid_12000,int64,native_source_column,True,6851d83c47ea084e63fcaeba6a6a892be108e2725af3834837a8322023f60a0f
Forecasting,direct_forecasting_classifier,15,aez_groupid_17000,int64,native_source_column,True,6851d83c47ea084e63fcaeba6a6a892be108e2725af3834837a8322023f60a0f
Forecasting,direct_forecasting_classifier,16,aez_groupid_19000,int64,native_source_column,True,6851d83c47ea084e63fcaeba6a6a892be108e2725af3834837a8322023f60a0f
Forecasting,direct_forecasting_classifier,17,aez_groupid_25000,int64,native_source_column,True,6851d83c47ea084e63fcaeba6a6a892be108e2725af3834837a8322023f60a0f
Forecasting,direct_forecasting_classifier,18,aez_groupid_30000,int64,native_source_column,True,6851d83c47ea084e63fcaeba6a6a892be108e2725af3834837a8322023f60a0f
Forecasting,direct_forecasting_classifier,19,aez_groupid_31000,int64,native_source_column,True,6851d83c47ea084e63fcaeba6a6a892be108e2725af3834837a8322023f60a0f
Forecasting,direct_forecasting_classifier,20,aez_groupid_32000,int64,native_source_column,True,6851d83c47ea084e63fcaeba6a6a892be108e2725af3834837a8322023f60a0f
Forecasting,direct_forecasting_classifier,21,aez_groupid_33000,int64,native_source_column,True,6851d83c47ea084e63fcaeba6a6a892be108e2725af3834837a8322023f60a0f
Forecasting,direct_forecasting_classifier,22,aez_groupid_34000,int64,native_source_column,True,6851d83c47ea084e63fcaeba6a6a892be108e2725af3834837a8322023f60a0f
Forecasting,direct_forecasting_classifier,23,aez_groupid_36000,int64,native_source_column,True,6851d83c47ea084e63fcaeba6a6a892be108e2725af3834837a8322023f60a0f
Forecasting,direct_forecasting_classifier,24,aez_groupid_40000,int64,native_source_column,True,6851d83c47ea084e63fcaeba6a6a892be108e2725af3834837a8322023f60a0f
Forecasting,direct_forecasting_classifier,25,aez_groupid_43000,int64,native_source_column,True,6851d83c47ea084e63fcaeba6a6a892be108e2725af3834837a8322023f60a0f
Forecasting,direct_forecasting_classifier,26,slope,float64,native_source_column,True,6851d83c47ea084e63fcaeba6a6a892be108e2725af3834837a8322023f60a0f
Forecasting,direct_forecasting_classifier,27,estimated_population,float64,native_source_column,True,6851d83c47ea084e63fcaeba6a6a892be108e2725af3834837a8322023f60a0f
Forecasting,direct_forecasting_classifier,28,lat,float64,native_source_column,True,6851d83c47ea084e63fcaeba6a6a892be108e2725af3834837a8322023f60a0f
Forecasting,direct_forecasting_classifier,29,lon,float64,native_source_column,True,6851d83c47ea084e63fcaeba6a6a892be108e2725af3834837a8322023f60a0f
Forecasting,direct_forecasting_classifier,30,cropland,int64,native_source_column,True,6851d83c47ea084e63fcaeba6a6a892be108e2725af3834837a8322023f60a0f
Forecasting,direct_forecasting_classifier,31,rangeland,int64,native_source_column,True,6851d83c47ea084e63fcaeba6a6a892be108e2725af3834837a8322023f60a0f
Forecasting,direct_forecasting_classifier,32,area,float64,native_source_column,True,6851d83c47ea084e63fcaeba6a6a892be108e2725af3834837a8322023f60a0f
Forecasting,direct_forecasting_classifier,33,es_urban_pop,float64,native_source_column,True,6851d83c47ea084e63fcaeba6a6a892be108e2725af3834837a8322023f60a0f
Forecasting,direct_forecasting_classifier,34,urban_area,float64,native_source_column,True,6851d83c47ea084e63fcaeba6a6a892be108e2725af3834837a8322023f60a0f
Forecasting,direct_forecasting_classifier,35,distance_to_river,float64,native_source_column,True,6851d83c47ea084e63fcaeba6a6a892be108e2725af3834837a8322023f60a0f
Forecasting,direct_forecasting_classifier,36,ruggedness_index,float64,native_source_column,True,6851d83c47ea084e63fcaeba6a6a892be108e2725af3834837a8322023f60a0f
Forecasting,direct_forecasting_classifier,37,fews_ipc_ha,float64,native_source_column,True,6851d83c47ea084e63fcaeba6a6a892be108e2725af3834837a8322023f60a0f
Forecasting,direct_forecasting_classifier,38,WFP_Price_Change_l12,float64,native_source_column,True,6851d83c47ea084e63fcaeba6a6a892be108e2725af3834837a8322023f60a0f
Forecasting,direct_forecasting_classifier,39,WFP_Price_Volatility_l12,float64,native_source_column,True,6851d83c47ea084e63fcaeba6a6a892be108e2725af3834837a8322023f60a0f
Forecasting,direct_forecasting_classifier,40,fatalities_battles_l12,float64,native_source_column,True,6851d83c47ea084e63fcaeba6a6a892be108e2725af3834837a8322023f60a0f
Forecasting,direct_forecasting_classifier,41,fatalities_explosions_l12,float64,native_source_column,True,6851d83c47ea084e63fcaeba6a6a892be108e2725af3834837a8322023f60a0f
Forecasting,direct_forecasting_classifier,42,fatalities_violence_l12,float64,native_source_column,True,6851d83c47ea084e63fcaeba6a6a892be108e2725af3834837a8322023f60a0f
Forecasting,direct_forecasting_classifier,43,event_count_battles_l12,float64,native_source_column,True,6851d83c47ea084e63fcaeba6a6a892be108e2725af3834837a8322023f60a0f
Forecasting,direct_forecasting_classifier,44,event_count_explosions_l12,float64,native_source_column,True,6851d83c47ea084e63fcaeba6a6a892be108e2725af3834837a8322023f60a0f
Forecasting,direct_forecasting_classifier,45,event_count_violence_l12,float64,native_source_column,True,6851d83c47ea084e63fcaeba6a6a892be108e2725af3834837a8322023f60a0f
Forecasting,direct_forecasting_classifier,46,precipitation_sum_l12,float64,native_source_column,True,6851d83c47ea084e63fcaeba6a6a892be108e2725af3834837a8322023f60a0f
Forecasting,direct_forecasting_classifier,47,soil_moisture_mean_l12,float64,native_source_column,True,6851d83c47ea084e63fcaeba6a6a892be108e2725af3834837a8322023f60a0f
Forecasting,direct_forecasting_classifier,48,shortwave_radiation_sum_l12,float64,native_source_column,True,6851d83c47ea084e63fcaeba6a6a892be108e2725af3834837a8322023f60a0f
Forecasting,direct_forecasting_classifier,49,temperature_2m_mean_l12,float64,native_source_column,True,6851d83c47ea084e63fcaeba6a6a892be108e2725af3834837a8322023f60a0f
Forecasting,direct_forecasting_classifier,50,price_index_l12,float64,native_source_column,True,6851d83c47ea084e63fcaeba6a6a892be108e2725af3834837a8322023f60a0f
Forecasting,direct_forecasting_classifier,51,rainfall_chirps_l12,float64,native_source_column,True,6851d83c47ea084e63fcaeba6a6a892be108e2725af3834837a8322023f60a0f
Forecasting,direct_forecasting_classifier,52,nightlight_mean_l12,float64,native_source_column,True,6851d83c47ea084e63fcaeba6a6a892be108e2725af3834837a8322023f60a0f
Forecasting,direct_forecasting_classifier,53,EVI_l12,float64,native_source_column,True,6851d83c47ea084e63fcaeba6a6a892be108e2725af3834837a8322023f60a0f
Forecasting,direct_forecasting_classifier,54,fatalities_battles_w5_l12,float64,native_source_column,True,6851d83c47ea084e63fcaeba6a6a892be108e2725af3834837a8322023f60a0f
Forecasting,direct_forecasting_classifier,55,fatalities_explosions_w5_l12,float64,native_source_column,True,6851d83c47ea084e63fcaeba6a6a892be108e2725af3834837a8322023f60a0f
Forecasting,direct_forecasting_classifier,56,fatalities_violence_w5_l12,float64,native_source_column,True,6851d83c47ea084e63fcaeba6a6a892be108e2725af3834837a8322023f60a0f
Forecasting,direct_forecasting_classifier,57,event_count_battles_w5_l12,float64,native_source_column,True,6851d83c47ea084e63fcaeba6a6a892be108e2725af3834837a8322023f60a0f
Forecasting,direct_forecasting_classifier,58,event_count_explosions_w5_l12,float64,native_source_column,True,6851d83c47ea084e63fcaeba6a6a892be108e2725af3834837a8322023f60a0f
Forecasting,direct_forecasting_classifier,59,event_count_violence_w5_l12,float64,native_source_column,True,6851d83c47ea084e63fcaeba6a6a892be108e2725af3834837a8322023f60a0f
Forecasting,direct_forecasting_classifier,60,fatalities_battles_w10_l12,float64,native_source_column,True,6851d83c47ea084e63fcaeba6a6a892be108e2725af3834837a8322023f60a0f
Forecasting,direct_forecasting_classifier,61,fatalities_explosions_w10_l12,float64,native_source_column,True,6851d83c47ea084e63fcaeba6a6a892be108e2725af3834837a8322023f60a0f
Forecasting,direct_forecasting_classifier,62,fatalities_violence_w10_l12,float64,native_source_column,True,6851d83c47ea084e63fcaeba6a6a892be108e2725af3834837a8322023f60a0f
Forecasting,direct_forecasting_classifier,63,event_count_battles_w10_l12,float64,native_source_column,True,6851d83c47ea084e63fcaeba6a6a892be108e2725af3834837a8322023f60a0f
Forecasting,direct_forecasting_classifier,64,event_count_explosions_w10_l12,float64,native_source_column,True,6851d83c47ea084e63fcaeba6a6a892be108e2725af3834837a8322023f60a0f
Forecasting,direct_forecasting_classifier,65,event_count_violence_w10_l12,float64,native_source_column,True,6851d83c47ea084e63fcaeba6a6a892be108e2725af3834837a8322023f60a0f
Forecasting,direct_forecasting_classifier,66,rainfall_chirps_z_l12,float64,native_source_column,True,6851d83c47ea084e63fcaeba6a6a892be108e2725af3834837a8322023f60a0f
Forecasting,direct_forecasting_classifier,67,temperature_2m_mean_z_l12,float64,native_source_column,True,6851d83c47ea084e63fcaeba6a6a892be108e2725af3834837a8322023f60a0f
Forecasting,direct_forecasting_classifier,68,GOSIF_GPP_l12,float64,native_source_column,True,6851d83c47ea084e63fcaeba6a6a892be108e2725af3834837a8322023f60a0f
Forecasting,direct_forecasting_classifier,69,WFP_Price_Change_s12_l12,float64,native_source_column,True,6851d83c47ea084e63fcaeba6a6a892be108e2725af3834837a8322023f60a0f
Forecasting,direct_forecasting_classifier,70,WFP_Price_Volatility_s12_l12,float64,native_source_column,True,6851d83c47ea084e63fcaeba6a6a892be108e2725af3834837a8322023f60a0f
Forecasting,direct_forecasting_classifier,71,fatalities_battles_s12_l12,float64,native_source_column,True,6851d83c47ea084e63fcaeba6a6a892be108e2725af3834837a8322023f60a0f
Forecasting,direct_forecasting_classifier,72,fatalities_explosions_s12_l12,float64,native_source_column,True,6851d83c47ea084e63fcaeba6a6a892be108e2725af3834837a8322023f60a0f
Forecasting,direct_forecasting_classifier,73,fatalities_violence_s12_l12,float64,native_source_column,True,6851d83c47ea084e63fcaeba6a6a892be108e2725af3834837a8322023f60a0f
Forecasting,direct_forecasting_classifier,74,event_count_battles_s12_l12,float64,native_source_column,True,6851d83c47ea084e63fcaeba6a6a892be108e2725af3834837a8322023f60a0f
Forecasting,direct_forecasting_classifier,75,event_count_explosions_s12_l12,float64,native_source_column,True,6851d83c47ea084e63fcaeba6a6a892be108e2725af3834837a8322023f60a0f
Forecasting,direct_forecasting_classifier,76,event_count_violence_s12_l12,float64,native_source_column,True,6851d83c47ea084e63fcaeba6a6a892be108e2725af3834837a8322023f60a0f
Forecasting,direct_forecasting_classifier,77,precipitation_sum_s12_l12,float64,native_source_column,True,6851d83c47ea084e63fcaeba6a6a892be108e2725af3834837a8322023f60a0f
Forecasting,direct_forecasting_classifier,78,soil_moisture_mean_s12_l12,float64,native_source_column,True,6851d83c47ea084e63fcaeba6a6a892be108e2725af3834837a8322023f60a0f
Forecasting,direct_forecasting_classifier,79,shortwave_radiation_sum_s12_l12,float64,native_source_column,True,6851d83c47ea084e63fcaeba6a6a892be108e2725af3834837a8322023f60a0f
Forecasting,direct_forecasting_classifier,80,temperature_2m_mean_s12_l12,float64,native_source_column,True,6851d83c47ea084e63fcaeba6a6a892be108e2725af3834837a8322023f60a0f
Forecasting,direct_forecasting_classifier,81,price_index_s12_l12,float64,native_source_column,True,6851d83c47ea084e63fcaeba6a6a892be108e2725af3834837a8322023f60a0f
Forecasting,direct_forecasting_classifier,82,rainfall_chirps_s12_l12,float64,native_source_column,True,6851d83c47ea084e63fcaeba6a6a892be108e2725af3834837a8322023f60a0f
Forecasting,direct_forecasting_classifier,83,nightlight_mean_s12_l12,float64,native_source_column,True,6851d83c47ea084e63fcaeba6a6a892be108e2725af3834837a8322023f60a0f
Forecasting,direct_forecasting_classifier,84,EVI_s12_l12,float64,native_source_column,True,6851d83c47ea084e63fcaeba6a6a892be108e2725af3834837a8322023f60a0f
Forecasting,direct_forecasting_classifier,85,fatalities_battles_w5_s12_l12,float64,native_source_column,True,6851d83c47ea084e63fcaeba6a6a892be108e2725af3834837a8322023f60a0f
Forecasting,direct_forecasting_classifier,86,fatalities_explosions_w5_s12_l12,float64,native_source_column,True,6851d83c47ea084e63fcaeba6a6a892be108e2725af3834837a8322023f60a0f
Forecasting,direct_forecasting_classifier,87,fatalities_violence_w5_s12_l12,float64,native_source_column,True,6851d83c47ea084e63fcaeba6a6a892be108e2725af3834837a8322023f60a0f
Forecasting,direct_forecasting_classifier,88,event_count_battles_w5_s12_l12,float64,native_source_column,True,6851d83c47ea084e63fcaeba6a6a892be108e2725af3834837a8322023f60a0f
Forecasting,direct_forecasting_classifier,89,event_count_explosions_w5_s12_l12,float64,native_source_column,True,6851d83c47ea084e63fcaeba6a6a892be108e2725af3834837a8322023f60a0f
Forecasting,direct_forecasting_classifier,90,event_count_violence_w5_s12_l12,float64,native_source_column,True,6851d83c47ea084e63fcaeba6a6a892be108e2725af3834837a8322023f60a0f
Forecasting,direct_forecasting_classifier,91,fatalities_battles_w10_s12_l12,float64,native_source_column,True,6851d83c47ea084e63fcaeba6a6a892be108e2725af3834837a8322023f60a0f
Forecasting,direct_forecasting_classifier,92,fatalities_explosions_w10_s12_l12,float64,native_source_column,True,6851d83c47ea084e63fcaeba6a6a892be108e2725af3834837a8322023f60a0f
Forecasting,direct_forecasting_classifier,93,fatalities_violence_w10_s12_l12,float64,native_source_column,True,6851d83c47ea084e63fcaeba6a6a892be108e2725af3834837a8322023f60a0f
Forecasting,direct_forecasting_classifier,94,event_count_battles_w10_s12_l12,float64,native_source_column,True,6851d83c47ea084e63fcaeba6a6a892be108e2725af3834837a8322023f60a0f
Forecasting,direct_forecasting_classifier,95,event_count_explosions_w10_s12_l12,float64,native_source_column,True,6851d83c47ea084e63fcaeba6a6a892be108e2725af3834837a8322023f60a0f
Forecasting,direct_forecasting_classifier,96,event_count_violence_w10_s12_l12,float64,native_source_column,True,6851d83c47ea084e63fcaeba6a6a892be108e2725af3834837a8322023f60a0f
Forecasting,direct_forecasting_classifier,97,rainfall_chirps_z_s12_l12,float64,native_source_column,True,6851d83c47ea084e63fcaeba6a6a892be108e2725af3834837a8322023f60a0f
Forecasting,direct_forecasting_classifier,98,temperature_2m_mean_z_s12_l12,float64,native_source_column,True,6851d83c47ea084e63fcaeba6a6a892be108e2725af3834837a8322023f60a0f
Forecasting,direct_forecasting_classifier,99,GOSIF_GPP_s12_l12,float64,native_source_column,True,6851d83c47ea084e63fcaeba6a6a892be108e2725af3834837a8322023f60a0f
Forecasting,direct_forecasting_classifier,100,NY.GDP.PCAP.KD_l12,float64,native_source_column,True,6851d83c47ea084e63fcaeba6a6a892be108e2725af3834837a8322023f60a0f
Forecasting,direct_forecasting_classifier,101,cpi_l12,float64,native_source_column,True,6851d83c47ea084e63fcaeba6a6a892be108e2725af3834837a8322023f60a0f
Forecasting,direct_forecasting_classifier,102,GDP_l12,float64,native_source_column,True,6851d83c47ea084e63fcaeba6a6a892be108e2725af3834837a8322023f60a0f
Forecasting,direct_forecasting_classifier,103,CPI_l12,float64,native_source_column,True,6851d83c47ea084e63fcaeba6a6a892be108e2725af3834837a8322023f60a0f
Forecasting,direct_forecasting_classifier,104,infra_index_l12,float64,native_source_column,True,6851d83c47ea084e63fcaeba6a6a892be108e2725af3834837a8322023f60a0f
Forecasting,direct_forecasting_classifier,105,CC.PER.RNK_l12,float64,native_source_column,True,6851d83c47ea084e63fcaeba6a6a892be108e2725af3834837a8322023f60a0f
Forecasting,direct_forecasting_classifier,106,gini_l12,float64,native_source_column,True,6851d83c47ea084e63fcaeba6a6a892be108e2725af3834837a8322023f60a0f
Nowcasting,direct_nowcasting_layer1_classifier,1,elevation,int64,native_source_column,True,6851d83c47ea084e63fcaeba6a6a892be108e2725af3834837a8322023f60a0f
Nowcasting,direct_nowcasting_layer1_classifier,2,infra_index_m12_l12,float64,native_source_column,True,6851d83c47ea084e63fcaeba6a6a892be108e2725af3834837a8322023f60a0f
Nowcasting,direct_nowcasting_layer1_classifier,3,infra_index_s12_l12,float64,native_source_column,True,6851d83c47ea084e63fcaeba6a6a892be108e2725af3834837a8322023f60a0f
Nowcasting,direct_nowcasting_layer1_classifier,4,market_access,int64,native_source_column,True,6851d83c47ea084e63fcaeba6a6a892be108e2725af3834837a8322023f60a0f
Nowcasting,direct_nowcasting_layer1_classifier,5,nitrogen_5-15cm_mean,float64,native_source_column,True,6851d83c47ea084e63fcaeba6a6a892be108e2725af3834837a8322023f60a0f
Nowcasting,direct_nowcasting_layer1_classifier,6,phh2o_5-15cm_mean,float64,native_source_column,True,6851d83c47ea084e63fcaeba6a6a892be108e2725af3834837a8322023f60a0f
Nowcasting,direct_nowcasting_layer1_classifier,7,cec_5-15cm_mean,float64,native_source_column,True,6851d83c47ea084e63fcaeba6a6a892be108e2725af3834837a8322023f60a0f
Nowcasting,direct_nowcasting_layer1_classifier,8,cfvo_5-15cm_mean,float64,native_source_column,True,6851d83c47ea084e63fcaeba6a6a892be108e2725af3834837a8322023f60a0f
Nowcasting,direct_nowcasting_layer1_classifier,9,soc_5-15cm_mean,float64,native_source_column,True,6851d83c47ea084e63fcaeba6a6a892be108e2725af3834837a8322023f60a0f
Nowcasting,direct_nowcasting_layer1_classifier,10,aez_groupid_4000,int64,native_source_column,True,6851d83c47ea084e63fcaeba6a6a892be108e2725af3834837a8322023f60a0f
Nowcasting,direct_nowcasting_layer1_classifier,11,aez_groupid_7000,int64,native_source_column,True,6851d83c47ea084e63fcaeba6a6a892be108e2725af3834837a8322023f60a0f
Nowcasting,direct_nowcasting_layer1_classifier,12,aez_groupid_9000,int64,native_source_column,True,6851d83c47ea084e63fcaeba6a6a892be108e2725af3834837a8322023f60a0f
Nowcasting,direct_nowcasting_layer1_classifier,13,aez_groupid_10000,int64,native_source_column,True,6851d83c47ea084e63fcaeba6a6a892be108e2725af3834837a8322023f60a0f
Nowcasting,direct_nowcasting_layer1_classifier,14,aez_groupid_12000,int64,native_source_column,True,6851d83c47ea084e63fcaeba6a6a892be108e2725af3834837a8322023f60a0f
Nowcasting,direct_nowcasting_layer1_classifier,15,aez_groupid_17000,int64,native_source_column,True,6851d83c47ea084e63fcaeba6a6a892be108e2725af3834837a8322023f60a0f
Nowcasting,direct_nowcasting_layer1_classifier,16,aez_groupid_19000,int64,native_source_column,True,6851d83c47ea084e63fcaeba6a6a892be108e2725af3834837a8322023f60a0f
Nowcasting,direct_nowcasting_layer1_classifier,17,aez_groupid_25000,int64,native_source_column,True,6851d83c47ea084e63fcaeba6a6a892be108e2725af3834837a8322023f60a0f
Nowcasting,direct_nowcasting_layer1_classifier,18,aez_groupid_30000,int64,native_source_column,True,6851d83c47ea084e63fcaeba6a6a892be108e2725af3834837a8322023f60a0f
Nowcasting,direct_nowcasting_layer1_classifier,19,aez_groupid_31000,int64,native_source_column,True,6851d83c47ea084e63fcaeba6a6a892be108e2725af3834837a8322023f60a0f
Nowcasting,direct_nowcasting_layer1_classifier,20,aez_groupid_32000,int64,native_source_column,True,6851d83c47ea084e63fcaeba6a6a892be108e2725af3834837a8322023f60a0f
Nowcasting,direct_nowcasting_layer1_classifier,21,aez_groupid_33000,int64,native_source_column,True,6851d83c47ea084e63fcaeba6a6a892be108e2725af3834837a8322023f60a0f
Nowcasting,direct_nowcasting_layer1_classifier,22,aez_groupid_34000,int64,native_source_column,True,6851d83c47ea084e63fcaeba6a6a892be108e2725af3834837a8322023f60a0f
Nowcasting,direct_nowcasting_layer1_classifier,23,aez_groupid_36000,int64,native_source_column,True,6851d83c47ea084e63fcaeba6a6a892be108e2725af3834837a8322023f60a0f
Nowcasting,direct_nowcasting_layer1_classifier,24,aez_groupid_40000,int64,native_source_column,True,6851d83c47ea084e63fcaeba6a6a892be108e2725af3834837a8322023f60a0f
Nowcasting,direct_nowcasting_layer1_classifier,25,aez_groupid_43000,int64,native_source_column,True,6851d83c47ea084e63fcaeba6a6a892be108e2725af3834837a8322023f60a0f
Nowcasting,direct_nowcasting_layer1_classifier,26,slope,float64,native_source_column,True,6851d83c47ea084e63fcaeba6a6a892be108e2725af3834837a8322023f60a0f
Nowcasting,direct_nowcasting_layer1_classifier,27,estimated_population,float64,native_source_column,True,6851d83c47ea084e63fcaeba6a6a892be108e2725af3834837a8322023f60a0f
Nowcasting,direct_nowcasting_layer1_classifier,28,lat,float64,native_source_column,True,6851d83c47ea084e63fcaeba6a6a892be108e2725af3834837a8322023f60a0f
Nowcasting,direct_nowcasting_layer1_classifier,29,lon,float64,native_source_column,True,6851d83c47ea084e63fcaeba6a6a892be108e2725af3834837a8322023f60a0f
Nowcasting,direct_nowcasting_layer1_classifier,30,cropland,int64,native_source_column,True,6851d83c47ea084e63fcaeba6a6a892be108e2725af3834837a8322023f60a0f
Nowcasting,direct_nowcasting_layer1_classifier,31,rangeland,int64,native_source_column,True,6851d83c47ea084e63fcaeba6a6a892be108e2725af3834837a8322023f60a0f
Nowcasting,direct_nowcasting_layer1_classifier,32,area,float64,native_source_column,True,6851d83c47ea084e63fcaeba6a6a892be108e2725af3834837a8322023f60a0f
Nowcasting,direct_nowcasting_layer1_classifier,33,es_urban_pop,float64,native_source_column,True,6851d83c47ea084e63fcaeba6a6a892be108e2725af3834837a8322023f60a0f
Nowcasting,direct_nowcasting_layer1_classifier,34,urban_area,float64,native_source_column,True,6851d83c47ea084e63fcaeba6a6a892be108e2725af3834837a8322023f60a0f
Nowcasting,direct_nowcasting_layer1_classifier,35,distance_to_river,float64,native_source_column,True,6851d83c47ea084e63fcaeba6a6a892be108e2725af3834837a8322023f60a0f
Nowcasting,direct_nowcasting_layer1_classifier,36,ruggedness_index,float64,native_source_column,True,6851d83c47ea084e63fcaeba6a6a892be108e2725af3834837a8322023f60a0f
Nowcasting,direct_nowcasting_layer1_classifier,37,fews_ipc_ha,float64,native_source_column,True,6851d83c47ea084e63fcaeba6a6a892be108e2725af3834837a8322023f60a0f
Nowcasting,direct_nowcasting_layer1_classifier,38,WFP_Price_Change_l12,float64,native_source_column,True,6851d83c47ea084e63fcaeba6a6a892be108e2725af3834837a8322023f60a0f
Nowcasting,direct_nowcasting_layer1_classifier,39,WFP_Price_Volatility_l12,float64,native_source_column,True,6851d83c47ea084e63fcaeba6a6a892be108e2725af3834837a8322023f60a0f
Nowcasting,direct_nowcasting_layer1_classifier,40,fatalities_battles_l12,float64,native_source_column,True,6851d83c47ea084e63fcaeba6a6a892be108e2725af3834837a8322023f60a0f
Nowcasting,direct_nowcasting_layer1_classifier,41,fatalities_explosions_l12,float64,native_source_column,True,6851d83c47ea084e63fcaeba6a6a892be108e2725af3834837a8322023f60a0f
Nowcasting,direct_nowcasting_layer1_classifier,42,fatalities_violence_l12,float64,native_source_column,True,6851d83c47ea084e63fcaeba6a6a892be108e2725af3834837a8322023f60a0f
Nowcasting,direct_nowcasting_layer1_classifier,43,event_count_battles_l12,float64,native_source_column,True,6851d83c47ea084e63fcaeba6a6a892be108e2725af3834837a8322023f60a0f
Nowcasting,direct_nowcasting_layer1_classifier,44,event_count_explosions_l12,float64,native_source_column,True,6851d83c47ea084e63fcaeba6a6a892be108e2725af3834837a8322023f60a0f
Nowcasting,direct_nowcasting_layer1_classifier,45,event_count_violence_l12,float64,native_source_column,True,6851d83c47ea084e63fcaeba6a6a892be108e2725af3834837a8322023f60a0f
Nowcasting,direct_nowcasting_layer1_classifier,46,precipitation_sum_l12,float64,native_source_column,True,6851d83c47ea084e63fcaeba6a6a892be108e2725af3834837a8322023f60a0f
Nowcasting,direct_nowcasting_layer1_classifier,47,soil_moisture_mean_l12,float64,native_source_column,True,6851d83c47ea084e63fcaeba6a6a892be108e2725af3834837a8322023f60a0f
Nowcasting,direct_nowcasting_layer1_classifier,48,shortwave_radiation_sum_l12,float64,native_source_column,True,6851d83c47ea084e63fcaeba6a6a892be108e2725af3834837a8322023f60a0f
Nowcasting,direct_nowcasting_layer1_classifier,49,temperature_2m_mean_l12,float64,native_source_column,True,6851d83c47ea084e63fcaeba6a6a892be108e2725af3834837a8322023f60a0f
Nowcasting,direct_nowcasting_layer1_classifier,50,price_index_l12,float64,native_source_column,True,6851d83c47ea084e63fcaeba6a6a892be108e2725af3834837a8322023f60a0f
Nowcasting,direct_nowcasting_layer1_classifier,51,rainfall_chirps_l12,float64,native_source_column,True,6851d83c47ea084e63fcaeba6a6a892be108e2725af3834837a8322023f60a0f
Nowcasting,direct_nowcasting_layer1_classifier,52,nightlight_mean_l12,float64,native_source_column,True,6851d83c47ea084e63fcaeba6a6a892be108e2725af3834837a8322023f60a0f
Nowcasting,direct_nowcasting_layer1_classifier,53,EVI_l12,float64,native_source_column,True,6851d83c47ea084e63fcaeba6a6a892be108e2725af3834837a8322023f60a0f
Nowcasting,direct_nowcasting_layer1_classifier,54,fatalities_battles_w5_l12,float64,native_source_column,True,6851d83c47ea084e63fcaeba6a6a892be108e2725af3834837a8322023f60a0f
Nowcasting,direct_nowcasting_layer1_classifier,55,fatalities_explosions_w5_l12,float64,native_source_column,True,6851d83c47ea084e63fcaeba6a6a892be108e2725af3834837a8322023f60a0f
Nowcasting,direct_nowcasting_layer1_classifier,56,fatalities_violence_w5_l12,float64,native_source_column,True,6851d83c47ea084e63fcaeba6a6a892be108e2725af3834837a8322023f60a0f
Nowcasting,direct_nowcasting_layer1_classifier,57,event_count_battles_w5_l12,float64,native_source_column,True,6851d83c47ea084e63fcaeba6a6a892be108e2725af3834837a8322023f60a0f
Nowcasting,direct_nowcasting_layer1_classifier,58,event_count_explosions_w5_l12,float64,native_source_column,True,6851d83c47ea084e63fcaeba6a6a892be108e2725af3834837a8322023f60a0f
Nowcasting,direct_nowcasting_layer1_classifier,59,event_count_violence_w5_l12,float64,native_source_column,True,6851d83c47ea084e63fcaeba6a6a892be108e2725af3834837a8322023f60a0f
Nowcasting,direct_nowcasting_layer1_classifier,60,fatalities_battles_w10_l12,float64,native_source_column,True,6851d83c47ea084e63fcaeba6a6a892be108e2725af3834837a8322023f60a0f
Nowcasting,direct_nowcasting_layer1_classifier,61,fatalities_explosions_w10_l12,float64,native_source_column,True,6851d83c47ea084e63fcaeba6a6a892be108e2725af3834837a8322023f60a0f
Nowcasting,direct_nowcasting_layer1_classifier,62,fatalities_violence_w10_l12,float64,native_source_column,True,6851d83c47ea084e63fcaeba6a6a892be108e2725af3834837a8322023f60a0f
Nowcasting,direct_nowcasting_layer1_classifier,63,event_count_battles_w10_l12,float64,native_source_column,True,6851d83c47ea084e63fcaeba6a6a892be108e2725af3834837a8322023f60a0f
Nowcasting,direct_nowcasting_layer1_classifier,64,event_count_explosions_w10_l12,float64,native_source_column,True,6851d83c47ea084e63fcaeba6a6a892be108e2725af3834837a8322023f60a0f
Nowcasting,direct_nowcasting_layer1_classifier,65,event_count_violence_w10_l12,float64,native_source_column,True,6851d83c47ea084e63fcaeba6a6a892be108e2725af3834837a8322023f60a0f
Nowcasting,direct_nowcasting_layer1_classifier,66,rainfall_chirps_z_l12,float64,native_source_column,True,6851d83c47ea084e63fcaeba6a6a892be108e2725af3834837a8322023f60a0f
Nowcasting,direct_nowcasting_layer1_classifier,67,temperature_2m_mean_z_l12,float64,native_source_column,True,6851d83c47ea084e63fcaeba6a6a892be108e2725af3834837a8322023f60a0f
Nowcasting,direct_nowcasting_layer1_classifier,68,GOSIF_GPP_l12,float64,native_source_column,True,6851d83c47ea084e63fcaeba6a6a892be108e2725af3834837a8322023f60a0f
Nowcasting,direct_nowcasting_layer1_classifier,69,WFP_Price_Change_s12_l12,float64,native_source_column,True,6851d83c47ea084e63fcaeba6a6a892be108e2725af3834837a8322023f60a0f
Nowcasting,direct_nowcasting_layer1_classifier,70,WFP_Price_Volatility_s12_l12,float64,native_source_column,True,6851d83c47ea084e63fcaeba6a6a892be108e2725af3834837a8322023f60a0f
Nowcasting,direct_nowcasting_layer1_classifier,71,fatalities_battles_s12_l12,float64,native_source_column,True,6851d83c47ea084e63fcaeba6a6a892be108e2725af3834837a8322023f60a0f
Nowcasting,direct_nowcasting_layer1_classifier,72,fatalities_explosions_s12_l12,float64,native_source_column,True,6851d83c47ea084e63fcaeba6a6a892be108e2725af3834837a8322023f60a0f
Nowcasting,direct_nowcasting_layer1_classifier,73,fatalities_violence_s12_l12,float64,native_source_column,True,6851d83c47ea084e63fcaeba6a6a892be108e2725af3834837a8322023f60a0f
Nowcasting,direct_nowcasting_layer1_classifier,74,event_count_battles_s12_l12,float64,native_source_column,True,6851d83c47ea084e63fcaeba6a6a892be108e2725af3834837a8322023f60a0f
Nowcasting,direct_nowcasting_layer1_classifier,75,event_count_explosions_s12_l12,float64,native_source_column,True,6851d83c47ea084e63fcaeba6a6a892be108e2725af3834837a8322023f60a0f
Nowcasting,direct_nowcasting_layer1_classifier,76,event_count_violence_s12_l12,float64,native_source_column,True,6851d83c47ea084e63fcaeba6a6a892be108e2725af3834837a8322023f60a0f
Nowcasting,direct_nowcasting_layer1_classifier,77,precipitation_sum_s12_l12,float64,native_source_column,True,6851d83c47ea084e63fcaeba6a6a892be108e2725af3834837a8322023f60a0f
Nowcasting,direct_nowcasting_layer1_classifier,78,soil_moisture_mean_s12_l12,float64,native_source_column,True,6851d83c47ea084e63fcaeba6a6a892be108e2725af3834837a8322023f60a0f
Nowcasting,direct_nowcasting_layer1_classifier,79,shortwave_radiation_sum_s12_l12,float64,native_source_column,True,6851d83c47ea084e63fcaeba6a6a892be108e2725af3834837a8322023f60a0f
Nowcasting,direct_nowcasting_layer1_classifier,80,temperature_2m_mean_s12_l12,float64,native_source_column,True,6851d83c47ea084e63fcaeba6a6a892be108e2725af3834837a8322023f60a0f
Nowcasting,direct_nowcasting_layer1_classifier,81,price_index_s12_l12,float64,native_source_column,True,6851d83c47ea084e63fcaeba6a6a892be108e2725af3834837a8322023f60a0f
Nowcasting,direct_nowcasting_layer1_classifier,82,rainfall_chirps_s12_l12,float64,native_source_column,True,6851d83c47ea084e63fcaeba6a6a892be108e2725af3834837a8322023f60a0f
Nowcasting,direct_nowcasting_layer1_classifier,83,nightlight_mean_s12_l12,float64,native_source_column,True,6851d83c47ea084e63fcaeba6a6a892be108e2725af3834837a8322023f60a0f
Nowcasting,direct_nowcasting_layer1_classifier,84,EVI_s12_l12,float64,native_source_column,True,6851d83c47ea084e63fcaeba6a6a892be108e2725af3834837a8322023f60a0f
Nowcasting,direct_nowcasting_layer1_classifier,85,fatalities_battles_w5_s12_l12,float64,native_source_column,True,6851d83c47ea084e63fcaeba6a6a892be108e2725af3834837a8322023f60a0f
Nowcasting,direct_nowcasting_layer1_classifier,86,fatalities_explosions_w5_s12_l12,float64,native_source_column,True,6851d83c47ea084e63fcaeba6a6a892be108e2725af3834837a8322023f60a0f
Nowcasting,direct_nowcasting_layer1_classifier,87,fatalities_violence_w5_s12_l12,float64,native_source_column,True,6851d83c47ea084e63fcaeba6a6a892be108e2725af3834837a8322023f60a0f
Nowcasting,direct_nowcasting_layer1_classifier,88,event_count_battles_w5_s12_l12,float64,native_source_column,True,6851d83c47ea084e63fcaeba6a6a892be108e2725af3834837a8322023f60a0f
Nowcasting,direct_nowcasting_layer1_classifier,89,event_count_explosions_w5_s12_l12,float64,native_source_column,True,6851d83c47ea084e63fcaeba6a6a892be108e2725af3834837a8322023f60a0f
Nowcasting,direct_nowcasting_layer1_classifier,90,event_count_violence_w5_s12_l12,float64,native_source_column,True,6851d83c47ea084e63fcaeba6a6a892be108e2725af3834837a8322023f60a0f
Nowcasting,direct_nowcasting_layer1_classifier,91,fatalities_battles_w10_s12_l12,float64,native_source_column,True,6851d83c47ea084e63fcaeba6a6a892be108e2725af3834837a8322023f60a0f
Nowcasting,direct_nowcasting_layer1_classifier,92,fatalities_explosions_w10_s12_l12,float64,native_source_column,True,6851d83c47ea084e63fcaeba6a6a892be108e2725af3834837a8322023f60a0f
Nowcasting,direct_nowcasting_layer1_classifier,93,fatalities_violence_w10_s12_l12,float64,native_source_column,True,6851d83c47ea084e63fcaeba6a6a892be108e2725af3834837a8322023f60a0f
Nowcasting,direct_nowcasting_layer1_classifier,94,event_count_battles_w10_s12_l12,float64,native_source_column,True,6851d83c47ea084e63fcaeba6a6a892be108e2725af3834837a8322023f60a0f
Nowcasting,direct_nowcasting_layer1_classifier,95,event_count_explosions_w10_s12_l12,float64,native_source_column,True,6851d83c47ea084e63fcaeba6a6a892be108e2725af3834837a8322023f60a0f
Nowcasting,direct_nowcasting_layer1_classifier,96,event_count_violence_w10_s12_l12,float64,native_source_column,True,6851d83c47ea084e63fcaeba6a6a892be108e2725af3834837a8322023f60a0f
Nowcasting,direct_nowcasting_layer1_classifier,97,rainfall_chirps_z_s12_l12,float64,native_source_column,True,6851d83c47ea084e63fcaeba6a6a892be108e2725af3834837a8322023f60a0f
Nowcasting,direct_nowcasting_layer1_classifier,98,temperature_2m_mean_z_s12_l12,float64,native_source_column,True,6851d83c47ea084e63fcaeba6a6a892be108e2725af3834837a8322023f60a0f
Nowcasting,direct_nowcasting_layer1_classifier,99,GOSIF_GPP_s12_l12,float64,native_source_column,True,6851d83c47ea084e63fcaeba6a6a892be108e2725af3834837a8322023f60a0f
Nowcasting,direct_nowcasting_layer1_classifier,100,NY.GDP.PCAP.KD_l12,float64,native_source_column,True,6851d83c47ea084e63fcaeba6a6a892be108e2725af3834837a8322023f60a0f
Nowcasting,direct_nowcasting_layer1_classifier,101,cpi_l12,float64,native_source_column,True,6851d83c47ea084e63fcaeba6a6a892be108e2725af3834837a8322023f60a0f
Nowcasting,direct_nowcasting_layer1_classifier,102,GDP_l12,float64,native_source_column,True,6851d83c47ea084e63fcaeba6a6a892be108e2725af3834837a8322023f60a0f
Nowcasting,direct_nowcasting_layer1_classifier,103,CPI_l12,float64,native_source_column,True,6851d83c47ea084e63fcaeba6a6a892be108e2725af3834837a8322023f60a0f
Nowcasting,direct_nowcasting_layer1_classifier,104,infra_index_l12,float64,native_source_column,True,6851d83c47ea084e63fcaeba6a6a892be108e2725af3834837a8322023f60a0f
Nowcasting,direct_nowcasting_layer1_classifier,105,CC.PER.RNK_l12,float64,native_source_column,True,6851d83c47ea084e63fcaeba6a6a892be108e2725af3834837a8322023f60a0f
Nowcasting,direct_nowcasting_layer1_classifier,106,gini_l12,float64,native_source_column,True,6851d83c47ea084e63fcaeba6a6a892be108e2725af3834837a8322023f60a0f
Nowcasting,direct_nowcasting_layer2_regressor,1,CPI,float64,native_source_column,True,fdeb1ed321c74b7fbc2a99179d2b617b70f0e74cecbfc73f63a2b12f5273ce1f
Nowcasting,direct_nowcasting_layer2_regressor,2,fatalities_explosions_w5_m12,float64,native_source_column,True,fdeb1ed321c74b7fbc2a99179d2b617b70f0e74cecbfc73f63a2b12f5273ce1f
Nowcasting,direct_nowcasting_layer2_regressor,3,GDP,float64,native_source_column,True,fdeb1ed321c74b7fbc2a99179d2b617b70f0e74cecbfc73f63a2b12f5273ce1f
Nowcasting,direct_nowcasting_layer2_regressor,4,soil_moisture_mean_m12,float64,native_source_column,True,fdeb1ed321c74b7fbc2a99179d2b617b70f0e74cecbfc73f63a2b12f5273ce1f
Nowcasting,direct_nowcasting_layer2_regressor,5,fatalities_explosions,float64,native_source_column,True,fdeb1ed321c74b7fbc2a99179d2b617b70f0e74cecbfc73f63a2b12f5273ce1f
Nowcasting,direct_nowcasting_layer2_regressor,6,chirps_z_score,float64,native_source_column,True,fdeb1ed321c74b7fbc2a99179d2b617b70f0e74cecbfc73f63a2b12f5273ce1f
Nowcasting,direct_nowcasting_layer2_regressor,7,EVI_m12,float64,native_source_column,True,fdeb1ed321c74b7fbc2a99179d2b617b70f0e74cecbfc73f63a2b12f5273ce1f
Nowcasting,direct_nowcasting_layer2_regressor,8,event_count_battles_w10_m12,float64,native_source_column,True,fdeb1ed321c74b7fbc2a99179d2b617b70f0e74cecbfc73f63a2b12f5273ce1f
Nowcasting,direct_nowcasting_layer2_regressor,9,event_count_battles_w5_m12,float64,native_source_column,True,fdeb1ed321c74b7fbc2a99179d2b617b70f0e74cecbfc73f63a2b12f5273ce1f
Nowcasting,direct_nowcasting_layer2_regressor,10,price_index_s12,float64,native_source_column,True,fdeb1ed321c74b7fbc2a99179d2b617b70f0e74cecbfc73f63a2b12f5273ce1f
Nowcasting,direct_nowcasting_layer2_regressor,11,event_count_explosions,float64,native_source_column,True,fdeb1ed321c74b7fbc2a99179d2b617b70f0e74cecbfc73f63a2b12f5273ce1f
Nowcasting,direct_nowcasting_layer2_regressor,12,rainfall_chirps_s12,float64,native_source_column,True,fdeb1ed321c74b7fbc2a99179d2b617b70f0e74cecbfc73f63a2b12f5273ce1f
Nowcasting,direct_nowcasting_layer2_regressor,13,event_count_violence_w10_m12,float64,native_source_column,True,fdeb1ed321c74b7fbc2a99179d2b617b70f0e74cecbfc73f63a2b12f5273ce1f
Nowcasting,direct_nowcasting_layer2_regressor,14,WFP_Price_Change_s12,float64,native_source_column,True,fdeb1ed321c74b7fbc2a99179d2b617b70f0e74cecbfc73f63a2b12f5273ce1f
Nowcasting,direct_nowcasting_layer2_regressor,15,WFP_Price_Volatility_m12,float64,native_source_column,True,fdeb1ed321c74b7fbc2a99179d2b617b70f0e74cecbfc73f63a2b12f5273ce1f
Nowcasting,direct_nowcasting_layer2_regressor,16,WFP_Price_Change_m12,float64,native_source_column,True,fdeb1ed321c74b7fbc2a99179d2b617b70f0e74cecbfc73f63a2b12f5273ce1f
Nowcasting,direct_nowcasting_layer2_regressor,17,infra_index_m12,float64,native_source_column,True,fdeb1ed321c74b7fbc2a99179d2b617b70f0e74cecbfc73f63a2b12f5273ce1f
Nowcasting,direct_nowcasting_layer2_regressor,18,temperature_2m_mean_s12,float64,native_source_column,True,fdeb1ed321c74b7fbc2a99179d2b617b70f0e74cecbfc73f63a2b12f5273ce1f
Nowcasting,direct_nowcasting_layer2_regressor,19,event_count_battles_m12,float64,native_source_column,True,fdeb1ed321c74b7fbc2a99179d2b617b70f0e74cecbfc73f63a2b12f5273ce1f
Nowcasting,direct_nowcasting_layer2_regressor,20,fatalities_battles,float64,native_source_column,True,fdeb1ed321c74b7fbc2a99179d2b617b70f0e74cecbfc73f63a2b12f5273ce1f
Nowcasting,direct_nowcasting_layer2_regressor,21,event_count_violence_m12,float64,native_source_column,True,fdeb1ed321c74b7fbc2a99179d2b617b70f0e74cecbfc73f63a2b12f5273ce1f
Nowcasting,direct_nowcasting_layer2_regressor,22,event_count_explosions_m12,float64,native_source_column,True,fdeb1ed321c74b7fbc2a99179d2b617b70f0e74cecbfc73f63a2b12f5273ce1f
Nowcasting,direct_nowcasting_layer2_regressor,23,fatalities_battles_w5_m12,float64,native_source_column,True,fdeb1ed321c74b7fbc2a99179d2b617b70f0e74cecbfc73f63a2b12f5273ce1f
Nowcasting,direct_nowcasting_layer2_regressor,24,event_count_violence_w5_m12,float64,native_source_column,True,fdeb1ed321c74b7fbc2a99179d2b617b70f0e74cecbfc73f63a2b12f5273ce1f
Nowcasting,direct_nowcasting_layer2_regressor,25,soil_moisture_mean_s12,float64,native_source_column,True,fdeb1ed321c74b7fbc2a99179d2b617b70f0e74cecbfc73f63a2b12f5273ce1f
Nowcasting,direct_nowcasting_layer2_regressor,26,event_count_explosions_w5_m12,float64,native_source_column,True,fdeb1ed321c74b7fbc2a99179d2b617b70f0e74cecbfc73f63a2b12f5273ce1f
Nowcasting,direct_nowcasting_layer2_regressor,27,WFP_Price_Volatility_s12,float64,native_source_column,True,fdeb1ed321c74b7fbc2a99179d2b617b70f0e74cecbfc73f63a2b12f5273ce1f
Nowcasting,direct_nowcasting_layer2_regressor,28,event_count_violence,float64,native_source_column,True,fdeb1ed321c74b7fbc2a99179d2b617b70f0e74cecbfc73f63a2b12f5273ce1f
Nowcasting,direct_nowcasting_layer2_regressor,29,precipitation_sum_m12,float64,native_source_column,True,fdeb1ed321c74b7fbc2a99179d2b617b70f0e74cecbfc73f63a2b12f5273ce1f
Nowcasting,direct_nowcasting_layer2_regressor,30,event_count_violence_w10,float64,native_source_column,True,fdeb1ed321c74b7fbc2a99179d2b617b70f0e74cecbfc73f63a2b12f5273ce1f
Nowcasting,direct_nowcasting_layer2_regressor,31,fatalities_violence_w10_m12,float64,native_source_column,True,fdeb1ed321c74b7fbc2a99179d2b617b70f0e74cecbfc73f63a2b12f5273ce1f
Nowcasting,direct_nowcasting_layer2_regressor,32,event_count_battles,float64,native_source_column,True,fdeb1ed321c74b7fbc2a99179d2b617b70f0e74cecbfc73f63a2b12f5273ce1f
Nowcasting,direct_nowcasting_layer2_regressor,33,event_count_explosions_w5,float64,native_source_column,True,fdeb1ed321c74b7fbc2a99179d2b617b70f0e74cecbfc73f63a2b12f5273ce1f
Nowcasting,direct_nowcasting_layer2_regressor,34,fatalities_explosions_w10_m12,float64,native_source_column,True,fdeb1ed321c74b7fbc2a99179d2b617b70f0e74cecbfc73f63a2b12f5273ce1f
Nowcasting,direct_nowcasting_layer2_regressor,35,event_count_battles_w10,float64,native_source_column,True,fdeb1ed321c74b7fbc2a99179d2b617b70f0e74cecbfc73f63a2b12f5273ce1f
Nowcasting,direct_nowcasting_layer2_regressor,36,temperature_2m_mean_m12,float64,native_source_column,True,fdeb1ed321c74b7fbc2a99179d2b617b70f0e74cecbfc73f63a2b12f5273ce1f
Nowcasting,direct_nowcasting_layer2_regressor,37,rainfall_chirps_m12,float64,native_source_column,True,fdeb1ed321c74b7fbc2a99179d2b617b70f0e74cecbfc73f63a2b12f5273ce1f
Nowcasting,direct_nowcasting_layer2_regressor,38,fatalities_violence_m12,float64,native_source_column,True,fdeb1ed321c74b7fbc2a99179d2b617b70f0e74cecbfc73f63a2b12f5273ce1f
Nowcasting,direct_nowcasting_layer2_regressor,39,WFP_Price_Change,float64,native_source_column,True,fdeb1ed321c74b7fbc2a99179d2b617b70f0e74cecbfc73f63a2b12f5273ce1f
Nowcasting,direct_nowcasting_layer2_regressor,40,event_count_explosions_w10,float64,native_source_column,True,fdeb1ed321c74b7fbc2a99179d2b617b70f0e74cecbfc73f63a2b12f5273ce1f
Nowcasting,direct_nowcasting_layer2_regressor,41,gini,float64,native_source_column,True,fdeb1ed321c74b7fbc2a99179d2b617b70f0e74cecbfc73f63a2b12f5273ce1f
Nowcasting,direct_nowcasting_layer2_regressor,42,cpi,float64,native_source_column,True,fdeb1ed321c74b7fbc2a99179d2b617b70f0e74cecbfc73f63a2b12f5273ce1f
Nowcasting,direct_nowcasting_layer2_regressor,43,fatalities_violence_w5_m12,float64,native_source_column,True,fdeb1ed321c74b7fbc2a99179d2b617b70f0e74cecbfc73f63a2b12f5273ce1f
Nowcasting,direct_nowcasting_layer2_regressor,44,infra_index_s12,float64,native_source_column,True,fdeb1ed321c74b7fbc2a99179d2b617b70f0e74cecbfc73f63a2b12f5273ce1f
Nowcasting,direct_nowcasting_layer2_regressor,45,shortwave_radiation_sum_m12,float64,native_source_column,True,fdeb1ed321c74b7fbc2a99179d2b617b70f0e74cecbfc73f63a2b12f5273ce1f
Nowcasting,direct_nowcasting_layer2_regressor,46,price_index_m12,float64,native_source_column,True,fdeb1ed321c74b7fbc2a99179d2b617b70f0e74cecbfc73f63a2b12f5273ce1f
Nowcasting,direct_nowcasting_layer2_regressor,47,fatalities_battles_w10_m12,float64,native_source_column,True,fdeb1ed321c74b7fbc2a99179d2b617b70f0e74cecbfc73f63a2b12f5273ce1f
Nowcasting,direct_nowcasting_layer2_regressor,48,event_count_violence_w5,float64,native_source_column,True,fdeb1ed321c74b7fbc2a99179d2b617b70f0e74cecbfc73f63a2b12f5273ce1f
Nowcasting,direct_nowcasting_layer2_regressor,49,fatalities_explosions_w10,float64,native_source_column,True,fdeb1ed321c74b7fbc2a99179d2b617b70f0e74cecbfc73f63a2b12f5273ce1f
Nowcasting,direct_nowcasting_layer2_regressor,50,CC.PER.RNK,float64,native_source_column,True,fdeb1ed321c74b7fbc2a99179d2b617b70f0e74cecbfc73f63a2b12f5273ce1f
Nowcasting,direct_nowcasting_layer2_regressor,51,fatalities_violence_w5,float64,native_source_column,True,fdeb1ed321c74b7fbc2a99179d2b617b70f0e74cecbfc73f63a2b12f5273ce1f
Nowcasting,direct_nowcasting_layer2_regressor,52,shortwave_radiation_sum_s12,float64,native_source_column,True,fdeb1ed321c74b7fbc2a99179d2b617b70f0e74cecbfc73f63a2b12f5273ce1f
Nowcasting,direct_nowcasting_layer2_regressor,53,fatalities_battles_w10,float64,native_source_column,True,fdeb1ed321c74b7fbc2a99179d2b617b70f0e74cecbfc73f63a2b12f5273ce1f
Nowcasting,direct_nowcasting_layer2_regressor,54,fatalities_battles_m12,float64,native_source_column,True,fdeb1ed321c74b7fbc2a99179d2b617b70f0e74cecbfc73f63a2b12f5273ce1f
Nowcasting,direct_nowcasting_layer2_regressor,55,nightlight_mean_m12,float64,native_source_column,True,fdeb1ed321c74b7fbc2a99179d2b617b70f0e74cecbfc73f63a2b12f5273ce1f
Nowcasting,direct_nowcasting_layer2_regressor,56,fatalities_battles_w5,float64,native_source_column,True,fdeb1ed321c74b7fbc2a99179d2b617b70f0e74cecbfc73f63a2b12f5273ce1f
Nowcasting,direct_nowcasting_layer2_regressor,57,event_count_battles_w5,float64,native_source_column,True,fdeb1ed321c74b7fbc2a99179d2b617b70f0e74cecbfc73f63a2b12f5273ce1f
Nowcasting,direct_nowcasting_layer2_regressor,58,fatalities_violence_w10,float64,native_source_column,True,fdeb1ed321c74b7fbc2a99179d2b617b70f0e74cecbfc73f63a2b12f5273ce1f
Nowcasting,direct_nowcasting_layer2_regressor,59,fatalities_violence,float64,native_source_column,True,fdeb1ed321c74b7fbc2a99179d2b617b70f0e74cecbfc73f63a2b12f5273ce1f
Nowcasting,direct_nowcasting_layer2_regressor,60,infra_index,float64,native_source_column,True,fdeb1ed321c74b7fbc2a99179d2b617b70f0e74cecbfc73f63a2b12f5273ce1f
Nowcasting,direct_nowcasting_layer2_regressor,61,fatalities_explosions_m12,float64,native_source_column,True,fdeb1ed321c74b7fbc2a99179d2b617b70f0e74cecbfc73f63a2b12f5273ce1f
Nowcasting,direct_nowcasting_layer2_regressor,62,temperature_z_score,float64,native_source_column,True,fdeb1ed321c74b7fbc2a99179d2b617b70f0e74cecbfc73f63a2b12f5273ce1f
Nowcasting,direct_nowcasting_layer2_regressor,63,event_count_explosions_w10_m12,float64,native_source_column,True,fdeb1ed321c74b7fbc2a99179d2b617b70f0e74cecbfc73f63a2b12f5273ce1f
Nowcasting,direct_nowcasting_layer2_regressor,64,NY.GDP.PCAP.KD,float64,native_source_column,True,fdeb1ed321c74b7fbc2a99179d2b617b70f0e74cecbfc73f63a2b12f5273ce1f
Nowcasting,direct_nowcasting_layer2_regressor,65,fatalities_explosions_w5,float64,native_source_column,True,fdeb1ed321c74b7fbc2a99179d2b617b70f0e74cecbfc73f63a2b12f5273ce1f
Nowcasting,direct_nowcasting_layer2_regressor,66,precipitation_sum_s12,float64,native_source_column,True,fdeb1ed321c74b7fbc2a99179d2b617b70f0e74cecbfc73f63a2b12f5273ce1f
Nowcasting,direct_nowcasting_layer2_regressor,67,WFP_Price_Volatility,float64,native_source_column,True,fdeb1ed321c74b7fbc2a99179d2b617b70f0e74cecbfc73f63a2b12f5273ce1f
Nowcasting,direct_nowcasting_layer2_regressor,68,nightlight_mean_s12,float64,native_source_column,True,fdeb1ed321c74b7fbc2a99179d2b617b70f0e74cecbfc73f63a2b12f5273ce1f
Nowcasting,direct_nowcasting_layer2_regressor,69,GOSIF_GPP_m12,float64,native_source_column,True,fdeb1ed321c74b7fbc2a99179d2b617b70f0e74cecbfc73f63a2b12f5273ce1f
