task,source_index,area_id,date,overall_phase_evaluation,overall_phase_pred,phase3plus_evaluation,phase3plus_pred
Nowcasting,1,2,2022-10-01,2,2,0,0
Nowcasting,2,5,2022-10-01,2,2,0,0
Nowcasting,3,9,2022-09-01,4,2,1,0
Nowcasting,6,10,2022-09-01,4,4,1,1
Nowcasting,7,10,2022-10-01,3,4,1,1
Nowcasting,11,11,2022-09-01,4,3,1,1
Nowcasting,12,11,2022-10-01,3,3,1,1
Nowcasting,16,12,2022-09-01,4,3,1,1
Nowcasting,17,12,2022-10-01,3,3,1,1
Nowcasting,19,13,2022-09-01,3,4,1,1
Nowcasting,22,16,2022-10-01,2,4,0,1
Nowcasting,27,19,2022-10-01,3,3,1,1
Nowcasting,30,20,2022-10-01,3,3,1,1
Nowcasting,31,21,2022-09-01,3,3,1,1
Nowcasting,32,21,2022-10-01,3,3,1,1
Nowcasting,33,22,2022-09-01,3,3,1,1
Nowcasting,34,22,2022-10-01,3,3,1,1
Nowcasting,66,38,2022-03-01,3,2,1,0
Nowcasting,92,41,2022-03-01,3,3,1,1
Nowcasting,105,42,2022-03-01,3,3,1,1
Nowcasting,131,45,2022-03-01,3,2,1,0
Nowcasting,150,47,2022-03-01,3,3,1,1
Nowcasting,161,48,2022-03-01,3,3,1,1
Nowcasting,172,49,2022-03-01,3,3,1,1
Nowcasting,186,50,2022-03-01,3,3,1,1
Nowcasting,193,51,2022-03-01,3,3,1,1
Nowcasting,200,52,2022-03-01,3,3,1,1
Nowcasting,212,54,2022-03-01,3,2,1,0
Nowcasting,226,55,2022-03-01,3,3,1,1
Nowcasting,240,56,2022-03-01,3,3,1,1
Nowcasting,251,57,2022-03-01,2,2,0,0
Nowcasting,264,58,2022-03-01,3,2,1,0
Nowcasting,277,59,2022-03-01,3,2,1,0
Nowcasting,289,60,2022-03-01,2,2,0,0
Nowcasting,304,63,2022-03-01,3,2,1,0
Nowcasting,323,65,2022-03-01,2,3,0,1
Nowcasting,338,66,2022-03-01,2,3,0,1
Nowcasting,348,67,2022-03-01,3,2,1,0
Nowcasting,358,68,2022-03-01,3,2,1,0
Nowcasting,368,69,2022-03-01,3,2,1,0
Nowcasting,378,70,2022-03-01,3,3,1,1
Nowcasting,388,71,2022-03-01,3,3,1,1
Nowcasting,402,72,2022-03-01,2,3,0,1
Nowcasting,415,73,2022-03-01,2,3,0,1
Nowcasting,418,74,2022-03-01,2,2,0,0
Nowcasting,427,75,2022-03-01,2,2,0,0
Nowcasting,436,76,2022-03-01,2,2,0,0
Nowcasting,450,77,2022-03-01,2,3,0,1
Nowcasting,458,78,2022-03-01,2,2,0,0
Nowcasting,466,79,2022-03-01,2,2,0,0
Nowcasting,468,80,2022-03-01,3,2,1,0
Nowcasting,470,81,2022-03-01,3,2,1,0
Nowcasting,478,82,2022-03-01,2,2,0,0
Nowcasting,486,83,2022-03-01,2,2,0,0
Nowcasting,515,86,2022-03-01,2,2,0,0
Nowcasting,524,87,2022-03-01,2,2,0,0
Nowcasting,551,90,2022-03-01,2,2,0,0
Nowcasting,566,91,2022-03-01,2,2,0,0
Nowcasting,581,92,2022-03-01,2,2,0,0
Nowcasting,591,93,2022-03-01,2,2,0,0
Nowcasting,601,94,2022-03-01,2,2,0,0
Nowcasting,632,99,2022-03-01,2,2,0,0
Nowcasting,641,100,2022-03-01,2,2,0,0
Nowcasting,672,109,2022-03-01,3,2,1,0
Nowcasting,677,110,2022-03-01,3,2,1,0
Nowcasting,681,111,2022-03-01,2,2,0,0
Nowcasting,685,112,2022-03-01,2,2,0,0
Nowcasting,689,113,2022-03-01,3,2,1,0
Nowcasting,693,114,2022-03-01,3,2,1,0
Nowcasting,706,136,2022-07-01,2,2,0,0
Nowcasting,717,160,2022-07-01,3,2,1,0
Nowcasting,718,161,2022-07-01,3,2,1,0
Nowcasting,724,165,2022-09-01,4,3,1,1
Nowcasting,735,169,2022-07-01,3,2,1,0
Nowcasting,744,174,2022-09-01,3,3,1,1
Nowcasting,752,175,2022-09-01,3,3,1,1
Nowcasting,760,177,2022-09-01,3,3,1,1
Nowcasting,778,189,2022-07-01,3,2,1,0
Nowcasting,779,190,2022-07-01,3,2,1,0
Nowcasting,801,216,2022-09-01,3,3,1,1
Nowcasting,811,229,2022-09-01,3,3,1,1
Nowcasting,812,230,2022-07-01,3,2,1,0
Nowcasting,819,234,2022-07-01,3,3,1,1
Nowcasting,820,234,2022-09-01,3,3,1,1
Nowcasting,832,237,2022-07-01,3,3,1,1
Nowcasting,833,237,2022-09-01,3,3,1,1
Nowcasting,842,239,2022-07-01,3,3,1,1
Nowcasting,843,239,2022-09-01,3,3,1,1
Nowcasting,844,242,2022-07-01,2,2,0,0
Nowcasting,847,251,2022-09-01,3,3,1,1
Nowcasting,854,258,2022-09-01,3,3,1,1
Nowcasting,862,263,2022-07-01,3,2,1,0
Nowcasting,863,264,2022-07-01,3,2,1,0
Nowcasting,873,280,2022-09-01,3,3,1,1
Nowcasting,880,282,2022-07-01,3,3,1,1
Nowcasting,881,282,2022-09-01,3,3,1,1
Nowcasting,888,283,2022-07-01,3,3,1,1
Nowcasting,889,283,2022-09-01,3,3,1,1
Nowcasting,892,284,2022-07-01,3,2,1,0
Nowcasting,895,285,2022-07-01,3,2,1,0
Nowcasting,903,286,2022-09-01,3,3,1,1
Nowcasting,906,290,2022-09-01,3,3,1,1
Nowcasting,915,291,2022-07-01,3,3,1,1
Nowcasting,916,291,2022-09-01,3,3,1,1
Nowcasting,920,296,2022-07-01,3,2,1,0
Nowcasting,936,305,2022-07-01,3,3,1,1
Nowcasting,939,314,2022-07-01,3,3,1,1
Nowcasting,947,319,2022-09-01,3,3,1,1
Nowcasting,952,322,2022-09-01,3,3,1,1
Nowcasting,957,323,2022-09-01,3,3,1,1
Nowcasting,968,334,2022-04-01,2,3,0,1
Nowcasting,971,335,2022-04-01,2,3,0,1
Nowcasting,979,347,2022-09-01,4,4,1,1
Nowcasting,990,370,2022-07-01,3,2,1,0
Nowcasting,993,374,2022-07-01,3,2,1,0
Nowcasting,1001,391,2022-07-01,3,2,1,0
Nowcasting,1009,409,2022-07-01,2,2,0,0
Nowcasting,1011,410,2022-07-01,2,2,0,0
Nowcasting,1013,413,2022-07-01,2,2,0,0
Nowcasting,1020,417,2022-07-01,3,3,1,1
Nowcasting,1021,420,2022-07-01,2,2,0,0
Nowcasting,1036,435,2022-10-01,3,3,1,1
Nowcasting,1047,436,2022-10-01,3,3,1,1
Nowcasting,1066,441,2022-10-01,3,3,1,1
Nowcasting,1068,443,2022-07-01,3,2,1,0
Nowcasting,1071,446,2022-07-01,2,2,0,0
Nowcasting,1077,451,2022-07-01,3,3,1,1
Nowcasting,1083,452,2022-07-01,3,3,1,1
Nowcasting,1095,459,2022-07-01,3,2,1,0
Nowcasting,1103,471,2022-07-01,2,2,0,0
Nowcasting,1105,472,2022-07-01,2,2,0,0
Nowcasting,1123,492,2022-07-01,3,3,1,1
Nowcasting,1125,494,2022-07-01,3,3,1,1
Nowcasting,1129,495,2022-02-01,4,1,1,0
Nowcasting,1130,495,2022-10-01,3,3,1,1
Nowcasting,1134,496,2022-02-01,4,1,1,0
Nowcasting,1135,496,2022-10-01,3,3,1,1
Nowcasting,1163,512,2022-10-01,4,4,1,1
Nowcasting,1168,513,2022-10-01,4,4,1,1
Nowcasting,1174,518,2022-07-01,3,2,1,0
Nowcasting,1179,519,2022-07-01,3,2,1,0
Nowcasting,1180,520,2022-02-01,3,3,1,1
Nowcasting,1181,521,2022-02-01,3,3,1,1
Nowcasting,1191,534,2022-02-01,3,3,1,1
Nowcasting,1192,534,2022-10-01,2,2,0,0
Nowcasting,1200,537,2022-02-01,3,2,1,0
Nowcasting,1201,537,2022-10-01,2,2,0,0
Nowcasting,1218,547,2022-07-01,3,2,1,0
Nowcasting,1243,555,2022-07-01,3,2,1,0
Nowcasting,1264,564,2022-04-01,2,2,0,0
Nowcasting,1265,564,2022-06-01,2,2,0,0
Nowcasting,1266,564,2022-07-01,3,2,1,0
Nowcasting,1279,565,2022-04-01,2,2,0,0
Nowcasting,1280,565,2022-06-01,2,2,0,0
Nowcasting,1281,565,2022-07-01,3,2,1,0
Nowcasting,1285,568,2022-10-01,4,3,1,1
Nowcasting,1299,570,2022-02-01,3,2,1,0
Nowcasting,1313,571,2022-02-01,3,2,1,0
Nowcasting,1326,577,2022-10-01,2,3,0,1
Nowcasting,1337,578,2022-10-01,2,3,0,1
Nowcasting,1358,586,2022-02-01,3,2,1,0
Nowcasting,1359,586,2022-07-01,3,2,1,0
Nowcasting,1360,586,2022-10-01,2,2,0,0
Nowcasting,1373,587,2022-04-01,2,2,0,0
Nowcasting,1374,587,2022-06-01,1,2,0,0
Nowcasting,1375,587,2022-07-01,3,2,1,0
Nowcasting,1389,591,2022-04-01,2,2,0,0
Nowcasting,1390,591,2022-07-01,3,2,1,0
Nowcasting,1402,592,2022-04-01,2,2,0,0
Nowcasting,1403,592,2022-07-01,3,2,1,0
Nowcasting,1423,598,2022-07-01,3,2,1,0
Nowcasting,1436,602,2022-04-01,2,2,0,0
Nowcasting,1437,602,2022-06-01,2,2,0,0
Nowcasting,1438,602,2022-07-01,3,2,1,0
Nowcasting,1444,605,2022-10-01,4,3,1,1
Nowcasting,1448,606,2022-10-01,4,3,1,1
Nowcasting,1455,607,2022-07-01,3,2,1,0
Nowcasting,1462,608,2022-07-01,3,2,1,0
Nowcasting,1469,609,2022-07-01,3,2,1,0
Nowcasting,1479,611,2022-06-01,2,2,0,0
Nowcasting,1480,611,2022-07-01,3,2,1,0
Nowcasting,1492,613,2022-04-01,2,2,0,0
Nowcasting,1493,613,2022-06-01,2,2,0,0
Nowcasting,1494,613,2022-07-01,3,2,1,0
Nowcasting,1499,614,2022-07-01,3,2,1,0
Nowcasting,1512,615,2022-04-01,2,2,0,0
Nowcasting,1513,615,2022-06-01,2,2,0,0
Nowcasting,1514,615,2022-07-01,3,2,1,0
Nowcasting,1521,616,2022-04-01,2,2,0,0
Nowcasting,1535,618,2022-04-01,2,2,0,0
Nowcasting,1536,618,2022-06-01,2,2,0,0
Nowcasting,1537,618,2022-07-01,3,2,1,0
Nowcasting,1546,623,2022-07-01,3,2,1,0
Nowcasting,1560,625,2022-04-01,2,2,0,0
Nowcasting,1561,625,2022-06-01,1,2,0,0
Nowcasting,1562,625,2022-07-01,3,2,1,0
Nowcasting,1576,626,2022-04-01,2,2,0,0
Nowcasting,1577,626,2022-06-01,1,2,0,0
Nowcasting,1578,626,2022-07-01,3,2,1,0
Nowcasting,1581,630,2022-06-01,2,2,0,0
Nowcasting,1584,633,2022-06-01,2,1,0,0
Nowcasting,1598,634,2022-04-01,2,2,0,0
Nowcasting,1599,634,2022-06-01,2,2,0,0
Nowcasting,1600,634,2022-07-01,2,2,0,0
Nowcasting,1615,637,2022-02-01,4,3,1,1
Nowcasting,1616,637,2022-10-01,4,3,1,1
Nowcasting,1625,638,2022-02-01,4,3,1,1
Nowcasting,1626,638,2022-10-01,4,3,1,1
Nowcasting,1633,639,2022-02-01,4,3,1,1
Nowcasting,1640,640,2022-02-01,4,3,1,1
Nowcasting,1643,642,2022-10-01,4,3,1,1
Nowcasting,1645,643,2022-10-01,4,3,1,1
Nowcasting,1650,644,2022-06-01,2,2,0,0
Nowcasting,1651,644,2022-07-01,2,2,0,0
Nowcasting,1656,645,2022-06-01,2,2,0,0
Nowcasting,1657,645,2022-07-01,2,2,0,0
Nowcasting,1668,646,2022-04-01,2,2,0,0
Nowcasting,1669,646,2022-07-01,3,2,1,0
Nowcasting,1680,647,2022-04-01,2,2,0,0
Nowcasting,1681,647,2022-07-01,3,2,1,0
Nowcasting,1700,649,2022-04-01,2,2,0,0
Nowcasting,1701,649,2022-06-01,2,2,0,0
Nowcasting,1702,649,2022-07-01,3,2,1,0
Nowcasting,1720,650,2022-04-01,2,2,0,0
Nowcasting,1721,650,2022-06-01,2,2,0,0
Nowcasting,1722,650,2022-07-01,3,2,1,0
Nowcasting,1737,651,2022-04-01,2,3,0,1
Nowcasting,1738,651,2022-06-01,1,3,0,1
Nowcasting,1739,651,2022-07-01,3,3,1,1
Nowcasting,1754,652,2022-04-01,2,3,0,1
Nowcasting,1755,652,2022-06-01,1,3,0,1
Nowcasting,1756,652,2022-07-01,3,3,1,1
Nowcasting,1766,654,2022-06-01,2,2,0,0
Nowcasting,1767,654,2022-07-01,3,2,1,0
Nowcasting,1777,655,2022-06-01,2,2,0,0
Nowcasting,1778,655,2022-07-01,3,2,1,0
Nowcasting,1788,658,2022-06-01,2,2,0,0
Nowcasting,1789,658,2022-07-01,3,2,1,0
Nowcasting,1802,661,2022-06-01,2,2,0,0
Nowcasting,1803,661,2022-07-01,3,2,1,0
Nowcasting,1823,668,2022-02-01,2,3,0,1
Nowcasting,1824,668,2022-07-01,3,3,1,1
Nowcasting,1831,669,2022-02-01,2,3,0,1
Nowcasting,1832,669,2022-07-01,3,3,1,1
Nowcasting,1834,670,2022-02-01,4,3,1,1
Nowcasting,1836,671,2022-02-01,4,3,1,1
Nowcasting,1846,672,2022-02-01,3,3,1,1
Nowcasting,1847,672,2022-10-01,3,3,1,1
Nowcasting,1857,673,2022-02-01,3,3,1,1
Nowcasting,1858,673,2022-10-01,3,3,1,1
Nowcasting,1868,674,2022-07-01,3,3,1,1
Nowcasting,1878,675,2022-07-01,3,3,1,1
Nowcasting,1893,676,2022-04-01,2,3,0,1
Nowcasting,1894,676,2022-06-01,2,3,0,1
Nowcasting,1895,676,2022-07-01,3,3,1,1
Nowcasting,1910,677,2022-04-01,2,3,0,1
Nowcasting,1911,677,2022-06-01,2,3,0,1
Nowcasting,1912,677,2022-07-01,3,3,1,1
Nowcasting,1917,678,2022-02-01,4,4,1,1
Nowcasting,1918,678,2022-04-01,2,3,0,1
Nowcasting,1923,679,2022-02-01,4,4,1,1
Nowcasting,1924,679,2022-04-01,2,3,0,1
Nowcasting,1927,680,2022-02-01,3,2,1,0
Nowcasting,1928,680,2022-07-01,3,3,1,1
Nowcasting,1929,680,2022-10-01,3,2,1,0
Nowcasting,1939,681,2022-06-01,2,2,0,0
Nowcasting,1940,681,2022-07-01,3,2,1,0
Nowcasting,1942,682,2022-02-01,4,4,1,1
Nowcasting,1944,683,2022-02-01,4,4,1,1
Nowcasting,1954,684,2022-06-01,2,2,0,0
Nowcasting,1955,684,2022-07-01,3,3,1,1
Nowcasting,1958,685,2022-02-01,3,2,1,0
Nowcasting,1959,685,2022-07-01,3,3,1,1
Nowcasting,1977,691,2022-02-01,3,4,1,1
Nowcasting,1981,692,2022-02-01,3,4,1,1
Nowcasting,2008,699,2022-04-01,2,3,0,1
Nowcasting,2009,699,2022-06-01,2,3,0,1
Nowcasting,2010,699,2022-07-01,2,3,0,1
Nowcasting,2023,700,2022-04-01,2,3,0,1
Nowcasting,2024,700,2022-07-01,2,3,0,1
Nowcasting,2028,701,2022-02-01,4,3,1,1
Nowcasting,2032,702,2022-02-01,4,4,1,1
Nowcasting,2046,703,2022-04-01,2,3,0,1
Nowcasting,2047,703,2022-06-01,2,3,0,1
Nowcasting,2048,703,2022-07-01,3,3,1,1
Nowcasting,2062,704,2022-04-01,2,3,0,1
Nowcasting,2063,704,2022-06-01,2,3,0,1
Nowcasting,2064,704,2022-07-01,3,3,1,1
Nowcasting,2067,705,2022-10-01,2,3,0,1
Nowcasting,2075,706,2022-06-01,2,3,0,1
Nowcasting,2076,706,2022-07-01,3,3,1,1
Nowcasting,2087,707,2022-04-01,2,3,0,1
Nowcasting,2088,707,2022-06-01,2,3,0,1
Nowcasting,2089,707,2022-07-01,3,3,1,1
Nowcasting,2100,708,2022-04-01,2,3,0,1
Nowcasting,2101,708,2022-06-01,2,3,0,1
Nowcasting,2102,708,2022-07-01,3,3,1,1
Nowcasting,2118,711,2022-02-01,3,2,1,0
Nowcasting,2119,711,2022-07-01,3,3,1,1
Nowcasting,2133,712,2022-02-01,3,2,1,0
Nowcasting,2134,712,2022-07-01,3,3,1,1
Nowcasting,2146,716,2022-02-01,3,2,1,0
Nowcasting,2147,716,2022-06-01,3,3,1,1
Nowcasting,2154,717,2022-02-01,3,2,1,0
Nowcasting,2155,717,2022-06-01,3,3,1,1
Nowcasting,2162,723,2022-02-01,4,4,1,1
Nowcasting,2165,724,2022-02-01,4,4,1,1
Nowcasting,2171,726,2022-02-01,3,3,1,1
Nowcasting,2179,727,2022-06-01,2,2,0,0
Nowcasting,2180,727,2022-07-01,2,2,0,0
Nowcasting,2195,732,2022-06-01,3,3,1,1
Nowcasting,2196,732,2022-10-01,3,3,1,1
Nowcasting,2206,733,2022-06-01,3,3,1,1
Nowcasting,2207,733,2022-10-01,3,3,1,1
Nowcasting,2221,735,2022-02-01,3,3,1,1
Nowcasting,2222,735,2022-10-01,3,3,1,1
Nowcasting,2231,736,2022-02-01,3,3,1,1
Nowcasting,2232,736,2022-10-01,3,3,1,1
Nowcasting,2239,748,2022-02-01,4,3,1,1
Nowcasting,2240,749,2022-02-01,4,3,1,1
Nowcasting,2242,752,2022-10-01,3,3,1,1
Nowcasting,2244,753,2022-10-01,3,3,1,1
Nowcasting,2274,759,2022-06-01,2,2,0,0
Nowcasting,2275,759,2022-10-01,2,3,0,1
Nowcasting,2279,760,2022-02-01,3,3,1,1
Nowcasting,2285,761,2022-06-01,2,2,0,0
Nowcasting,2286,761,2022-10-01,2,3,0,1
Nowcasting,2290,762,2022-02-01,3,3,1,1
Nowcasting,2295,768,2022-02-01,4,3,1,1
Nowcasting,2298,769,2022-02-01,4,3,1,1
Nowcasting,2299,770,2022-06-01,2,2,0,0
Nowcasting,2300,770,2022-10-01,2,3,0,1
Nowcasting,2307,773,2022-06-01,2,2,0,0
Nowcasting,2308,773,2022-10-01,2,3,0,1
Nowcasting,2317,779,2022-02-01,4,4,1,1
Nowcasting,2318,779,2022-10-01,4,3,1,1
Nowcasting,2322,780,2022-02-01,4,4,1,1
Nowcasting,2323,780,2022-10-01,4,3,1,1
Nowcasting,2326,781,2022-10-01,5,3,1,1
Nowcasting,2329,782,2022-10-01,5,3,1,1
Nowcasting,2337,783,2022-10-01,3,3,1,1
Nowcasting,2345,784,2022-10-01,3,3,1,1
Nowcasting,2357,785,2022-06-01,3,3,1,1
Nowcasting,2358,785,2022-10-01,3,3,1,1
Nowcasting,2370,786,2022-06-01,3,3,1,1
Nowcasting,2371,786,2022-10-01,3,3,1,1
Nowcasting,2376,789,2022-10-01,4,3,1,1
Nowcasting,2379,793,2022-02-01,3,3,1,1
Nowcasting,2381,794,2022-10-01,2,1,0,0
Nowcasting,2386,796,2022-06-01,3,3,1,1
Nowcasting,2390,797,2022-06-01,3,3,1,1
Nowcasting,2393,798,2022-06-01,3,2,1,0
Nowcasting,2396,799,2022-06-01,3,2,1,0
Nowcasting,2399,800,2022-10-01,4,3,1,1
Nowcasting,2402,801,2022-10-01,4,3,1,1
Nowcasting,2409,806,2022-02-01,3,3,1,1
Nowcasting,2410,806,2022-10-01,3,3,1,1
Nowcasting,2417,807,2022-02-01,3,3,1,1
Nowcasting,2418,807,2022-10-01,3,3,1,1
Nowcasting,2422,815,2022-02-01,4,3,1,1
Nowcasting,2423,815,2022-10-01,4,3,1,1
Nowcasting,2427,816,2022-02-01,4,3,1,1
Nowcasting,2428,816,2022-10-01,4,3,1,1
Nowcasting,2434,817,2022-02-01,4,3,1,1
Nowcasting,2435,817,2022-10-01,4,3,1,1
Nowcasting,2441,818,2022-02-01,4,3,1,1
Nowcasting,2442,818,2022-10-01,4,3,1,1
Nowcasting,2449,820,2022-02-01,3,3,1,1
Nowcasting,2450,820,2022-03-01,3,1,1,0
Nowcasting,2451,820,2022-06-01,3,3,1,1
Nowcasting,2458,821,2022-02-01,3,3,1,1
Nowcasting,2459,821,2022-03-01,3,1,1,0
Nowcasting,2460,821,2022-06-01,3,3,1,1
Nowcasting,2461,825,2022-04-01,3,3,1,1
Nowcasting,2464,828,2022-04-01,3,3,1,1
Nowcasting,2467,829,2022-04-01,3,3,1,1
Nowcasting,2470,837,2022-06-01,3,2,1,0
Nowcasting,2482,842,2022-02-01,3,2,1,0
Nowcasting,2483,842,2022-03-01,3,1,1,0
Nowcasting,2484,842,2022-06-01,3,3,1,1
Nowcasting,2485,842,2022-10-01,3,3,1,1
Nowcasting,2495,843,2022-02-01,3,2,1,0
Nowcasting,2496,843,2022-03-01,3,1,1,0
Nowcasting,2497,843,2022-06-01,3,3,1,1
Nowcasting,2498,843,2022-10-01,3,3,1,1
Nowcasting,2500,844,2022-10-01,3,3,1,1
Nowcasting,2502,845,2022-10-01,3,3,1,1
Nowcasting,2512,852,2022-06-01,3,3,1,1
Nowcasting,2522,857,2022-03-01,3,3,1,1
Nowcasting,2525,858,2022-03-01,3,2,1,0
Nowcasting,2553,882,2022-02-01,4,3,1,1
Nowcasting,2558,883,2022-02-01,4,3,1,1
Nowcasting,2571,893,2022-02-01,3,2,1,0
Nowcasting,2572,893,2022-10-01,3,3,1,1
Nowcasting,2578,894,2022-02-01,3,2,1,0
Nowcasting,2579,894,2022-10-01,3,3,1,1
Nowcasting,2584,896,2022-04-01,4,3,1,1
Nowcasting,2587,897,2022-04-01,4,3,1,1
Nowcasting,2588,898,2022-03-01,3,1,1,0
Nowcasting,2589,898,2022-06-01,2,3,0,1
Nowcasting,2590,898,2022-10-01,3,3,1,1
Nowcasting,2591,899,2022-03-01,3,1,1,0
Nowcasting,2592,899,2022-06-01,2,3,0,1
Nowcasting,2593,899,2022-10-01,3,3,1,1
Nowcasting,2596,901,2022-02-01,4,3,1,1
Nowcasting,2598,902,2022-02-01,4,3,1,1
Nowcasting,2615,913,2022-02-01,3,3,1,1
Nowcasting,2619,914,2022-02-01,3,3,1,1
Nowcasting,2621,915,2022-10-01,2,4,0,1
Nowcasting,2622,916,2022-03-01,3,2,1,0
Nowcasting,2624,917,2022-02-01,3,3,1,1
Nowcasting,2625,917,2022-06-01,2,3,0,1
Nowcasting,2627,918,2022-02-01,3,3,1,1
Nowcasting,2628,918,2022-06-01,2,3,0,1
Nowcasting,2629,919,2022-03-01,3,2,1,0
Nowcasting,2631,921,2022-10-01,2,4,0,1
Nowcasting,2645,929,2022-10-01,3,3,1,1
Nowcasting,2649,930,2022-02-01,4,3,1,1
Nowcasting,2650,930,2022-10-01,3,3,1,1
Nowcasting,2655,931,2022-02-01,4,3,1,1
Nowcasting,2656,931,2022-10-01,3,3,1,1
Nowcasting,2672,937,2022-02-01,3,2,1,0
Nowcasting,2673,937,2022-03-01,3,2,1,0
Nowcasting,2674,937,2022-06-01,3,3,1,1
Nowcasting,2675,937,2022-07-01,3,3,1,1
Nowcasting,2676,937,2022-10-01,3,3,1,1
Nowcasting,2685,938,2022-02-01,3,2,1,0
Nowcasting,2686,938,2022-03-01,3,2,1,0
Nowcasting,2687,938,2022-06-01,3,3,1,1
Nowcasting,2688,938,2022-07-01,3,3,1,1
Nowcasting,2689,938,2022-10-01,3,3,1,1
Nowcasting,2692,941,2022-03-01,3,2,1,0
Nowcasting,2695,942,2022-03-01,3,2,1,0
Nowcasting,2701,948,2022-02-01,3,2,1,0
Nowcasting,2702,948,2022-03-01,3,2,1,0
Nowcasting,2711,951,2022-02-01,2,2,0,0
Nowcasting,2712,951,2022-03-01,3,2,1,0
Nowcasting,2713,951,2022-06-01,3,3,1,1
Nowcasting,2714,951,2022-07-01,2,2,0,0
Nowcasting,2719,952,2022-02-01,2,2,0,0
Nowcasting,2720,952,2022-03-01,3,2,1,0
Nowcasting,2721,952,2022-06-01,3,3,1,1
Nowcasting,2722,952,2022-07-01,2,2,0,0
Nowcasting,2727,957,2022-07-01,2,2,0,0
Nowcasting,2730,965,2022-02-01,2,2,0,0
Nowcasting,2731,965,2022-06-01,2,3,0,1
Nowcasting,2733,966,2022-02-01,2,2,0,0
Nowcasting,2734,966,2022-06-01,2,3,0,1
Nowcasting,2738,968,2022-02-01,3,2,1,0
Nowcasting,2739,968,2022-03-01,3,2,1,0
Nowcasting,2740,968,2022-06-01,3,3,1,1
Nowcasting,2741,968,2022-07-01,3,3,1,1
Nowcasting,2745,969,2022-02-01,3,2,1,0
Nowcasting,2746,969,2022-03-01,3,2,1,0
Nowcasting,2747,969,2022-06-01,3,3,1,1
Nowcasting,2748,969,2022-07-01,3,2,1,0
Nowcasting,2751,971,2022-03-01,3,1,1,0
Nowcasting,2752,971,2022-06-01,3,3,1,1
Nowcasting,2755,972,2022-03-01,3,1,1,0
Nowcasting,2756,972,2022-06-01,3,3,1,1
Nowcasting,2760,983,2022-06-01,3,2,1,0
Nowcasting,2761,984,2022-06-01,3,2,1,0
Nowcasting,2762,985,2022-06-01,3,2,1,0
Nowcasting,2765,994,2022-02-01,2,1,0,0
Nowcasting,2766,994,2022-06-01,2,2,0,0
Nowcasting,2769,995,2022-02-01,2,2,0,0
Nowcasting,2770,995,2022-06-01,2,2,0,0
Nowcasting,2774,997,2022-09-01,3,3,1,1
Nowcasting,2777,1001,2022-09-01,3,3,1,1
Nowcasting,2781,1003,2022-02-01,3,2,1,0
Nowcasting,2782,1003,2022-03-01,3,1,1,0
Nowcasting,2783,1003,2022-07-01,3,3,1,1
Nowcasting,2787,1005,2022-02-01,3,2,1,0
Nowcasting,2788,1005,2022-03-01,3,1,1,0
Nowcasting,2789,1005,2022-07-01,3,3,1,1
Nowcasting,2791,1008,2022-09-01,3,3,1,1
Nowcasting,2796,1011,2022-02-01,3,1,1,0
Nowcasting,2797,1011,2022-03-01,3,1,1,0
Nowcasting,2798,1011,2022-06-01,2,2,0,0
Nowcasting,2799,1011,2022-07-01,3,3,1,1
Nowcasting,2806,1016,2022-09-01,3,3,1,1
Nowcasting,2807,1017,2022-09-01,3,3,1,1
Nowcasting,2808,1020,2022-09-01,3,3,1,1
Nowcasting,2809,1023,2022-09-01,2,3,0,1
Nowcasting,2815,1032,2022-02-01,3,1,1,0
Nowcasting,2816,1032,2022-03-01,3,1,1,0
Nowcasting,2817,1032,2022-06-01,2,3,0,1
Nowcasting,2820,1033,2022-02-01,3,1,1,0
Nowcasting,2821,1033,2022-03-01,3,1,1,0
Nowcasting,2822,1033,2022-06-01,2,3,0,1
Nowcasting,2824,1038,2022-09-01,3,3,1,1
Nowcasting,2825,1039,2022-09-01,3,3,1,1
Nowcasting,2831,1046,2022-02-01,2,3,0,1
Nowcasting,2832,1046,2022-07-01,3,3,1,1
Nowcasting,2835,1047,2022-02-01,2,3,0,1
Nowcasting,2836,1047,2022-07-01,3,3,1,1
Nowcasting,2837,1048,2022-07-01,2,2,0,0
Nowcasting,2838,1048,2022-10-01,3,3,1,1
Nowcasting,2839,1049,2022-10-01,3,2,1,0
Nowcasting,2840,1050,2022-10-01,3,2,1,0
Nowcasting,2846,1057,2022-07-01,2,1,0,0
Nowcasting,2848,1059,2022-02-01,3,3,1,1
Nowcasting,2849,1059,2022-07-01,3,3,1,1
Nowcasting,2851,1060,2022-02-01,3,3,1,1
Nowcasting,2852,1060,2022-07-01,3,3,1,1
Nowcasting,2857,1061,2022-07-01,2,3,0,1
Nowcasting,2865,1068,2022-02-01,3,3,1,1
Nowcasting,2866,1068,2022-07-01,3,3,1,1
Nowcasting,2870,1071,2022-02-01,3,3,1,1
Nowcasting,2871,1071,2022-07-01,3,3,1,1
Nowcasting,2878,1097,2022-02-01,3,2,1,0
Nowcasting,2879,1099,2022-02-01,3,2,1,0
Nowcasting,2882,1102,2022-02-01,3,3,1,1
Nowcasting,2883,1102,2022-07-01,3,3,1,1
Nowcasting,2886,1103,2022-02-01,3,3,1,1
Nowcasting,2887,1103,2022-07-01,3,3,1,1
Nowcasting,2888,1107,2022-10-01,2,3,0,1
Nowcasting,2889,1112,2022-10-01,2,3,0,1
Nowcasting,2890,1113,2022-10-01,2,3,0,1
Nowcasting,2891,1114,2022-10-01,2,3,0,1
Nowcasting,2899,1124,2022-10-01,2,3,0,1
Nowcasting,2903,1128,2022-10-01,2,3,0,1
Nowcasting,2911,1131,2022-10-01,3,3,1,1
Nowcasting,2919,1145,2022-10-01,3,3,1,1
Nowcasting,2921,1146,2022-10-01,3,3,1,1
Nowcasting,2922,1148,2022-10-01,3,3,1,1
Nowcasting,2923,1150,2022-10-01,3,3,1,1
Nowcasting,2926,1151,2022-10-01,3,3,1,1
Nowcasting,2929,1152,2022-10-01,3,3,1,1
Nowcasting,2933,1154,2022-10-01,3,3,1,1
Nowcasting,2943,1157,2022-02-01,3,3,1,1
Nowcasting,2944,1157,2022-07-01,3,2,1,0
Nowcasting,2945,1157,2022-10-01,2,3,0,1
Nowcasting,2953,1158,2022-02-01,3,3,1,1
Nowcasting,2954,1158,2022-07-01,3,2,1,0
Nowcasting,2955,1158,2022-10-01,2,3,0,1
Nowcasting,2967,1160,2022-01-01,3,1,1,0
Nowcasting,2968,1160,2022-02-01,3,1,1,0
Nowcasting,2969,1160,2022-05-01,3,2,1,0
Nowcasting,2970,1160,2022-07-01,3,2,1,0
Nowcasting,2971,1160,2022-10-01,1,3,0,1
Nowcasting,2983,1161,2022-01-01,3,1,1,0
Nowcasting,2984,1161,2022-02-01,3,1,1,0
Nowcasting,2985,1161,2022-05-01,3,2,1,0
Nowcasting,2986,1161,2022-07-01,3,2,1,0
Nowcasting,2987,1161,2022-10-01,1,3,0,1
Nowcasting,2997,1173,2022-01-01,2,3,0,1
Nowcasting,2998,1173,2022-02-01,3,3,1,1
Nowcasting,2999,1173,2022-07-01,3,3,1,1
Nowcasting,3000,1173,2022-10-01,2,3,0,1
Nowcasting,3020,1182,2022-01-01,3,1,1,0
Nowcasting,3021,1182,2022-05-01,3,1,1,0
Nowcasting,3022,1182,2022-10-01,1,2,0,0
Nowcasting,3028,1183,2022-01-01,2,3,0,1
Nowcasting,3029,1183,2022-02-01,3,3,1,1
Nowcasting,3035,1184,2022-01-01,2,3,0,1
Nowcasting,3036,1184,2022-02-01,3,3,1,1
Nowcasting,3048,1188,2022-01-01,2,2,0,0
Nowcasting,3049,1188,2022-02-01,3,2,1,0
Nowcasting,3050,1188,2022-05-01,3,2,1,0
Nowcasting,3051,1188,2022-07-01,3,2,1,0
Nowcasting,3058,1189,2022-01-01,2,3,0,1
Nowcasting,3059,1189,2022-02-01,3,3,1,1
Nowcasting,3060,1189,2022-10-01,2,3,0,1
Nowcasting,3069,1190,2022-01-01,3,1,1,0
Nowcasting,3070,1190,2022-05-01,3,2,1,0
Nowcasting,3071,1190,2022-07-01,2,2,0,0
Nowcasting,3072,1190,2022-10-01,2,3,0,1
Nowcasting,3077,1192,2022-10-01,2,3,0,1
Nowcasting,3089,1195,2022-01-01,3,1,1,0
Nowcasting,3090,1195,2022-05-01,3,1,1,0
Nowcasting,3091,1195,2022-07-01,2,2,0,0
Nowcasting,3092,1195,2022-10-01,2,3,0,1
Nowcasting,3104,1196,2022-01-01,2,3,0,1
Nowcasting,3105,1196,2022-02-01,3,2,1,0
Nowcasting,3106,1196,2022-05-01,3,3,1,1
Nowcasting,3107,1196,2022-07-01,3,3,1,1
Nowcasting,3108,1196,2022-10-01,2,3,0,1
Nowcasting,3120,1197,2022-01-01,2,3,0,1
Nowcasting,3121,1197,2022-02-01,3,2,1,0
Nowcasting,3122,1197,2022-05-01,3,3,1,1
Nowcasting,3123,1197,2022-07-01,3,3,1,1
Nowcasting,3124,1197,2022-10-01,2,3,0,1
Nowcasting,3133,1200,2022-10-01,3,1,1,0
Nowcasting,3138,1203,2022-02-01,3,3,1,1
Nowcasting,3139,1203,2022-10-01,3,3,1,1
Nowcasting,3144,1204,2022-02-01,3,2,1,0
Nowcasting,3145,1204,2022-10-01,3,3,1,1
Nowcasting,3152,1207,2022-01-01,2,2,0,0
Nowcasting,3153,1207,2022-05-01,3,2,1,0
Nowcasting,3154,1207,2022-07-01,3,2,1,0
Nowcasting,3156,1210,2022-07-01,2,2,0,0
Nowcasting,3166,1211,2022-01-01,2,2,0,0
Nowcasting,3167,1211,2022-05-01,3,3,1,1
Nowcasting,3168,1211,2022-07-01,3,4,1,1
Nowcasting,3171,1212,2022-10-01,2,2,0,0
Nowcasting,3179,1214,2022-05-01,3,2,1,0
Nowcasting,3180,1214,2022-07-01,3,1,1,0
Nowcasting,3181,1214,2022-10-01,3,3,1,1
Nowcasting,3183,1215,2022-10-01,2,1,0,0
Nowcasting,3190,1216,2022-01-01,3,3,1,1
Nowcasting,3191,1216,2022-10-01,2,3,0,1
Nowcasting,3198,1217,2022-01-01,3,3,1,1
Nowcasting,3199,1217,2022-10-01,2,3,0,1
Nowcasting,3213,1220,2022-01-01,3,1,1,0
Nowcasting,3214,1220,2022-05-01,3,2,1,0
Nowcasting,3215,1220,2022-07-01,2,4,0,1
Nowcasting,3216,1220,2022-10-01,2,3,0,1
Nowcasting,3224,1222,2022-05-01,3,2,1,0
Nowcasting,3225,1222,2022-07-01,3,2,1,0
Nowcasting,3226,1222,2022-10-01,2,3,0,1
Nowcasting,3233,1223,2022-01-01,3,2,1,0
Nowcasting,3234,1223,2022-07-01,2,3,0,1
Nowcasting,3235,1223,2022-10-01,2,3,0,1
Nowcasting,3249,1226,2022-01-01,3,2,1,0
Nowcasting,3250,1226,2022-07-01,3,2,1,0
Nowcasting,3251,1226,2022-10-01,2,3,0,1
Nowcasting,3258,1227,2022-01-01,2,3,0,1
Nowcasting,3265,1228,2022-01-01,2,3,0,1
Nowcasting,3266,1228,2022-05-01,4,3,1,1
Nowcasting,3275,1231,2022-01-01,2,2,0,0
Nowcasting,3276,1231,2022-05-01,4,2,1,0
Nowcasting,3277,1231,2022-10-01,3,3,1,1
Nowcasting,3283,1234,2022-10-01,2,3,0,1
Nowcasting,3290,1238,2022-01-01,3,3,1,1
Nowcasting,3291,1238,2022-07-01,2,1,0,0
Nowcasting,3292,1238,2022-10-01,2,3,0,1
Nowcasting,3302,1241,2022-01-01,3,1,1,0
Nowcasting,3303,1241,2022-10-01,2,2,0,0
Nowcasting,3306,1243,2022-05-01,4,2,1,0
Nowcasting,3312,1249,2022-01-01,2,3,0,1
Nowcasting,3313,1249,2022-03-01,3,3,1,1
Nowcasting,3314,1249,2022-05-01,3,3,1,1
Nowcasting,3321,1252,2022-01-01,2,3,0,1
Nowcasting,3322,1252,2022-03-01,3,3,1,1
Nowcasting,3323,1252,2022-05-01,3,3,1,1
Nowcasting,3327,1254,2022-01-01,3,3,1,1
Nowcasting,3328,1254,2022-05-01,3,3,1,1
Nowcasting,3329,1254,2022-07-01,3,3,1,1
Nowcasting,3330,1254,2022-10-01,3,3,1,1
Nowcasting,3335,1255,2022-10-01,2,2,0,0
Nowcasting,3337,1256,2022-10-01,3,3,1,1
Nowcasting,3340,1257,2022-05-01,3,3,1,1
Nowcasting,3341,1257,2022-10-01,3,3,1,1
Nowcasting,3372,1276,2022-01-01,3,3,1,1
Nowcasting,3373,1276,2022-05-01,3,3,1,1
Nowcasting,3374,1276,2022-07-01,3,4,1,1
Nowcasting,3375,1276,2022-10-01,3,3,1,1
Nowcasting,3387,1284,2022-01-01,3,3,1,1
Nowcasting,3388,1284,2022-05-01,3,3,1,1
Nowcasting,3389,1284,2022-07-01,4,4,1,1
Nowcasting,3390,1284,2022-10-01,4,3,1,1
Nowcasting,3405,1293,2022-01-01,2,2,0,0
Nowcasting,3406,1293,2022-05-01,4,2,1,0
Nowcasting,3407,1293,2022-07-01,4,2,1,0
Nowcasting,3408,1293,2022-10-01,4,3,1,1
Nowcasting,3417,1298,2022-03-01,2,3,0,1
Nowcasting,3431,1308,2022-01-01,2,3,0,1
Nowcasting,3432,1308,2022-05-01,4,2,1,0
Nowcasting,3433,1308,2022-07-01,4,2,1,0
Nowcasting,3434,1308,2022-10-01,4,2,1,0
Nowcasting,3443,1309,2022-01-01,2,3,0,1
Nowcasting,3444,1309,2022-05-01,4,2,1,0
Nowcasting,3445,1309,2022-07-01,4,2,1,0
Nowcasting,3446,1309,2022-10-01,4,2,1,0
Nowcasting,3462,1324,2022-01-01,2,2,0,0
Nowcasting,3463,1324,2022-05-01,4,2,1,0
Nowcasting,3464,1324,2022-07-01,4,2,1,0
Nowcasting,3465,1324,2022-10-01,4,3,1,1
Nowcasting,3469,1326,2022-05-01,3,2,1,0
Nowcasting,3470,1326,2022-07-01,3,1,1,0
Nowcasting,3473,1327,2022-07-01,3,1,1,0
Nowcasting,3477,1329,2022-03-01,2,3,0,1
Nowcasting,3495,1351,2022-01-01,2,1,0,0
Nowcasting,3496,1351,2022-05-01,3,1,1,0
Nowcasting,3497,1351,2022-07-01,1,2,0,0
Nowcasting,3498,1351,2022-10-01,1,3,0,1
Nowcasting,3503,1354,2022-01-01,2,1,0,0
Nowcasting,3504,1354,2022-05-01,3,1,1,0
Nowcasting,3505,1354,2022-07-01,1,2,0,0
Nowcasting,3506,1354,2022-10-01,1,3,0,1
Nowcasting,3515,1357,2022-01-01,3,3,1,1
Nowcasting,3516,1357,2022-05-01,3,3,1,1
Nowcasting,3517,1357,2022-07-01,4,4,1,1
Nowcasting,3518,1357,2022-10-01,3,3,1,1
Nowcasting,3522,1358,2022-03-01,2,3,0,1
Nowcasting,3532,1361,2022-01-01,3,3,1,1
Nowcasting,3533,1361,2022-05-01,3,3,1,1
Nowcasting,3534,1361,2022-07-01,4,4,1,1
Nowcasting,3535,1361,2022-10-01,3,3,1,1
Nowcasting,3540,1366,2022-03-01,2,3,0,1
Nowcasting,3551,1367,2022-01-01,3,3,1,1
Nowcasting,3552,1367,2022-05-01,3,3,1,1
Nowcasting,3553,1367,2022-07-01,4,3,1,1
Nowcasting,3554,1367,2022-10-01,3,3,1,1
Nowcasting,3565,1368,2022-01-01,3,3,1,1
Nowcasting,3566,1368,2022-05-01,3,3,1,1
Nowcasting,3567,1368,2022-07-01,4,3,1,1
Nowcasting,3568,1368,2022-10-01,3,3,1,1
Nowcasting,3577,1374,2022-03-01,2,3,0,1
Nowcasting,3578,1375,2022-03-01,2,3,0,1
Nowcasting,3579,1375,2022-07-01,3,4,1,1
Nowcasting,3582,1376,2022-05-01,4,2,1,0
Nowcasting,3586,1378,2022-05-01,3,3,1,1
Nowcasting,3587,1378,2022-07-01,2,3,0,1
Nowcasting,3591,1379,2022-05-01,3,3,1,1
Nowcasting,3592,1379,2022-07-01,2,3,0,1
Nowcasting,3599,1380,2022-01-01,2,3,0,1
Nowcasting,3600,1380,2022-05-01,4,2,1,0
Nowcasting,3601,1380,2022-07-01,4,2,1,0
Nowcasting,3606,1381,2022-03-01,2,3,0,1
Nowcasting,3610,1382,2022-03-01,2,3,0,1
Nowcasting,3614,1383,2022-05-01,3,2,1,0
Nowcasting,3619,1384,2022-03-01,2,3,0,1
Nowcasting,3627,1390,2022-03-01,2,3,0,1
Nowcasting,3634,1397,2022-05-01,3,3,1,1
Nowcasting,3635,1397,2022-07-01,3,3,1,1
Nowcasting,3640,1400,2022-03-01,2,3,0,1
Nowcasting,3674,1420,2022-03-01,2,3,0,1
Nowcasting,3681,1422,2022-05-01,3,2,1,0
Nowcasting,3682,1422,2022-07-01,3,2,1,0
Nowcasting,3696,1429,2022-01-01,2,3,0,1
Nowcasting,3697,1429,2022-05-01,3,2,1,0
Nowcasting,3698,1429,2022-07-01,1,3,0,1
Nowcasting,3699,1429,2022-10-01,1,3,0,1
Nowcasting,3708,1430,2022-01-01,2,3,0,1
Nowcasting,3709,1430,2022-05-01,3,2,1,0
Nowcasting,3710,1430,2022-07-01,1,1,0,0
Nowcasting,3711,1430,2022-10-01,1,3,0,1
Nowcasting,3729,1443,2022-01-01,2,1,0,0
Nowcasting,3730,1443,2022-05-01,3,1,1,0
Nowcasting,3731,1443,2022-07-01,1,2,0,0
Nowcasting,3732,1443,2022-10-01,1,3,0,1
Nowcasting,3736,1446,2022-03-01,2,3,0,1
Nowcasting,3738,1448,2022-11-01,3,3,1,1
Nowcasting,3740,1449,2022-11-01,3,3,1,1
Nowcasting,3750,1454,2022-03-01,2,3,0,1
Nowcasting,3769,1461,2022-05-01,3,3,1,1
Nowcasting,3770,1461,2022-07-01,2,2,0,0
Nowcasting,3777,1462,2022-05-01,3,3,1,1
Nowcasting,3778,1462,2022-07-01,2,2,0,0
Nowcasting,3791,1466,2022-01-01,2,1,0,0
Nowcasting,3792,1466,2022-05-01,3,1,1,0
Nowcasting,3793,1466,2022-07-01,3,2,1,0
Nowcasting,3794,1466,2022-10-01,2,3,0,1
Nowcasting,3815,1475,2022-01-01,2,1,0,0
Nowcasting,3816,1475,2022-05-01,3,1,1,0
Nowcasting,3817,1475,2022-07-01,3,2,1,0
Nowcasting,3818,1475,2022-10-01,2,2,0,0
Nowcasting,3836,1480,2022-01-01,2,1,0,0
Nowcasting,3837,1480,2022-05-01,3,1,1,0
Nowcasting,3838,1480,2022-07-01,1,2,0,0
Nowcasting,3847,1481,2022-01-01,2,1,0,0
Nowcasting,3848,1481,2022-05-01,3,1,1,0
Nowcasting,3849,1481,2022-07-01,1,1,0,0
Nowcasting,3850,1481,2022-10-01,1,3,0,1
Nowcasting,3873,1495,2022-01-01,2,1,0,0
Nowcasting,3874,1495,2022-10-01,1,2,0,0
Nowcasting,3888,1503,2022-01-01,2,1,0,0
Nowcasting,3889,1503,2022-10-01,2,2,0,0
Nowcasting,3896,1506,2022-01-01,3,1,1,0
Nowcasting,3904,1510,2022-01-01,3,1,1,0
Nowcasting,3911,1515,2022-01-01,3,1,1,0
Nowcasting,3927,1518,2022-01-01,2,1,0,0
Nowcasting,3928,1518,2022-05-01,3,1,1,0
Nowcasting,3929,1518,2022-07-01,3,1,1,0
Nowcasting,3930,1518,2022-10-01,2,2,0,0
Nowcasting,3932,1519,2022-01-01,3,1,1,0
Nowcasting,3935,1520,2022-01-01,3,1,1,0
Nowcasting,3944,1522,2022-01-01,2,1,0,0
Nowcasting,3945,1522,2022-05-01,3,1,1,0
Nowcasting,3946,1522,2022-07-01,2,1,0,0
Nowcasting,3947,1522,2022-10-01,2,2,0,0
Nowcasting,3961,1528,2022-01-01,2,3,0,1
Nowcasting,3962,1528,2022-05-01,3,1,1,0
Nowcasting,3963,1528,2022-07-01,3,2,1,0
Nowcasting,3964,1528,2022-10-01,3,3,1,1
Nowcasting,3969,1534,2022-01-01,3,1,1,0
Nowcasting,3977,1536,2022-01-01,3,1,1,0
Nowcasting,3990,1540,2022-01-01,2,3,0,1
Nowcasting,3991,1540,2022-05-01,3,1,1,0
Nowcasting,3992,1540,2022-07-01,3,2,1,0
Nowcasting,3993,1540,2022-10-01,3,2,1,0
Nowcasting,3994,1541,2022-01-01,3,1,1,0
Nowcasting,3997,1542,2022-01-01,3,1,1,0
Nowcasting,4019,1551,2022-01-01,2,1,0,0
Nowcasting,4020,1551,2022-05-01,3,1,1,0
Nowcasting,4021,1551,2022-07-01,3,1,1,0
Nowcasting,4022,1551,2022-10-01,2,2,0,0
Nowcasting,4031,1553,2022-01-01,2,1,0,0
Nowcasting,4032,1553,2022-05-01,3,1,1,0
Nowcasting,4033,1553,2022-07-01,3,2,1,0
Nowcasting,4034,1553,2022-10-01,2,2,0,0
Nowcasting,4045,1558,2022-01-01,2,3,0,1
Nowcasting,4046,1558,2022-05-01,3,1,1,0
Nowcasting,4047,1558,2022-07-01,4,1,1,0
Nowcasting,4048,1558,2022-10-01,3,3,1,1
Nowcasting,4057,1559,2022-01-01,2,3,0,1
Nowcasting,4058,1559,2022-05-01,3,1,1,0
Nowcasting,4059,1559,2022-07-01,4,1,1,0
Nowcasting,4060,1559,2022-10-01,3,3,1,1
Nowcasting,4071,1561,2022-01-01,2,1,0,0
Nowcasting,4072,1561,2022-05-01,3,1,1,0
Nowcasting,4073,1561,2022-07-01,3,1,1,0
Nowcasting,4074,1561,2022-10-01,2,2,0,0
Nowcasting,4083,1562,2022-05-01,3,1,1,0
Nowcasting,4084,1562,2022-07-01,3,1,1,0
Nowcasting,4085,1562,2022-10-01,3,3,1,1
Nowcasting,4092,1563,2022-07-01,3,1,1,0
Nowcasting,4093,1563,2022-10-01,3,3,1,1
Nowcasting,4107,1566,2022-01-01,2,1,0,0
Nowcasting,4108,1566,2022-05-01,3,1,1,0
Nowcasting,4109,1566,2022-07-01,3,2,1,0
Nowcasting,4110,1566,2022-10-01,3,2,1,0
Nowcasting,4113,1567,2022-01-01,3,1,1,0
Nowcasting,4114,1568,2022-01-01,3,1,1,0
Nowcasting,4122,1569,2022-05-01,3,1,1,0
Nowcasting,4123,1569,2022-10-01,3,2,1,0
Nowcasting,4131,1570,2022-05-01,3,1,1,0
Nowcasting,4132,1570,2022-10-01,3,2,1,0
Nowcasting,4141,1571,2022-01-01,2,1,0,0
Nowcasting,4142,1571,2022-05-01,3,1,1,0
Nowcasting,4143,1571,2022-07-01,3,1,1,0
Nowcasting,4144,1571,2022-10-01,3,2,1,0
Nowcasting,4148,1573,2022-01-01,3,1,1,0
Nowcasting,4154,1574,2022-01-01,2,3,0,1
Nowcasting,4155,1574,2022-10-01,3,3,1,1
Nowcasting,4161,1575,2022-01-01,2,3,0,1
Nowcasting,4162,1575,2022-10-01,3,3,1,1
Nowcasting,4166,1576,2022-01-01,3,1,1,0
Nowcasting,4177,1578,2022-01-01,2,3,0,1
Nowcasting,4178,1578,2022-05-01,3,2,1,0
Nowcasting,4179,1578,2022-07-01,3,2,1,0
Nowcasting,4180,1578,2022-10-01,3,3,1,1
Nowcasting,4183,1580,2022-04-01,3,3,1,1
Nowcasting,4184,1580,2022-11-01,3,3,1,1
Nowcasting,4186,1581,2022-04-01,3,3,1,1
Nowcasting,4187,1581,2022-11-01,3,3,1,1
Nowcasting,4189,1582,2022-04-01,3,3,1,1
Nowcasting,4190,1582,2022-11-01,3,3,1,1
Nowcasting,4197,1584,2022-01-01,3,1,1,0
Nowcasting,4203,1586,2022-01-01,3,1,1,0
Nowcasting,4210,1588,2022-05-01,3,1,1,0
Nowcasting,4211,1589,2022-01-01,2,1,0,0
Nowcasting,4215,1590,2022-04-01,2,3,0,1
Nowcasting,4219,1591,2022-04-01,2,3,0,1
Nowcasting,4223,1592,2022-01-01,3,1,1,0
Nowcasting,4227,1594,2022-01-01,3,1,1,0
Nowcasting,4236,1595,2022-01-01,2,3,0,1
Nowcasting,4237,1595,2022-05-01,3,1,1,0
Nowcasting,4238,1595,2022-07-01,3,1,1,0
Nowcasting,4239,1595,2022-10-01,3,3,1,1
Nowcasting,4248,1596,2022-01-01,2,3,0,1
Nowcasting,4249,1596,2022-05-01,3,1,1,0
Nowcasting,4250,1596,2022-07-01,3,1,1,0
Nowcasting,4251,1596,2022-10-01,3,3,1,1
Nowcasting,4260,1600,2022-01-01,3,2,1,0
Nowcasting,4261,1600,2022-05-01,3,2,1,0
Nowcasting,4262,1600,2022-07-01,3,2,1,0
Nowcasting,4263,1600,2022-10-01,3,3,1,1
Nowcasting,4265,1603,2022-01-01,3,1,1,0
Nowcasting,4266,1604,2022-07-01,3,4,1,1
Nowcasting,4273,1605,2022-07-01,3,1,1,0
Nowcasting,4274,1605,2022-10-01,3,3,1,1
Nowcasting,4283,1608,2022-01-01,3,3,1,1
Nowcasting,4284,1608,2022-05-01,3,2,1,0
Nowcasting,4285,1608,2022-07-01,3,4,1,1
Nowcasting,4286,1608,2022-10-01,3,3,1,1
Nowcasting,4293,1609,2022-07-01,3,1,1,0
Nowcasting,4294,1609,2022-10-01,3,3,1,1
Nowcasting,4319,1622,2022-01-01,3,2,1,0
Nowcasting,4320,1622,2022-10-01,3,2,1,0
Nowcasting,4323,1623,2022-01-01,3,2,1,0
Nowcasting,4324,1623,2022-10-01,3,2,1,0
Nowcasting,4332,1624,2022-01-01,3,1,1,0
Nowcasting,4333,1624,2022-05-01,3,1,1,0
Nowcasting,4334,1624,2022-07-01,3,1,1,0
Nowcasting,4335,1624,2022-10-01,3,3,1,1
Nowcasting,4355,1629,2022-01-01,3,3,1,1
Nowcasting,4356,1629,2022-05-01,3,1,1,0
Nowcasting,4357,1629,2022-07-01,4,1,1,0
Nowcasting,4358,1629,2022-10-01,3,3,1,1
Nowcasting,4365,1633,2022-01-01,3,1,1,0
Nowcasting,4367,1635,2022-07-01,4,1,1,0
Nowcasting,4375,1638,2022-01-01,3,3,1,1
Nowcasting,4376,1638,2022-05-01,3,2,1,0
Nowcasting,4388,1640,2022-01-01,3,3,1,1
Nowcasting,4389,1640,2022-05-01,3,1,1,0
Nowcasting,4390,1640,2022-10-01,3,2,1,0
Nowcasting,4395,1646,2022-01-01,3,3,1,1
Nowcasting,4396,1646,2022-05-01,3,2,1,0
Nowcasting,4401,1648,2022-01-01,3,1,1,0
Nowcasting,4406,1650,2022-05-01,3,2,1,0
Nowcasting,4407,1650,2022-07-01,3,2,1,0
Nowcasting,4408,1650,2022-10-01,3,2,1,0
Nowcasting,4410,1652,2022-01-01,3,3,1,1
Nowcasting,4418,1659,2022-08-01,3,2,1,0
Nowcasting,4419,1660,2022-08-01,3,2,1,0
Nowcasting,4429,1663,2022-01-01,3,3,1,1
Nowcasting,4430,1663,2022-05-01,3,2,1,0
Nowcasting,4431,1663,2022-07-01,3,2,1,0
Nowcasting,4432,1663,2022-10-01,3,2,1,0
Nowcasting,4440,1664,2022-01-01,3,3,1,1
Nowcasting,4441,1664,2022-05-01,3,2,1,0
Nowcasting,4442,1664,2022-07-01,3,2,1,0
Nowcasting,4443,1664,2022-10-01,3,2,1,0
Nowcasting,4445,1665,2022-08-01,2,2,0,0
Nowcasting,4447,1666,2022-08-01,2,2,0,0
Nowcasting,4455,1667,2022-01-01,3,1,1,0
Nowcasting,4456,1667,2022-05-01,3,2,1,0
Nowcasting,4457,1667,2022-07-01,3,2,1,0
Nowcasting,4458,1667,2022-10-01,3,3,1,1
Nowcasting,4460,1668,2022-08-01,3,2,1,0
Nowcasting,4462,1669,2022-08-01,3,2,1,0
Nowcasting,4464,1670,2022-08-01,3,2,1,0
Nowcasting,4472,1671,2022-01-01,3,1,1,0
Nowcasting,4473,1671,2022-05-01,3,1,1,0
Nowcasting,4474,1671,2022-07-01,3,2,1,0
Nowcasting,4475,1671,2022-10-01,3,2,1,0
Nowcasting,4477,1672,2022-01-01,3,1,1,0
Nowcasting,4484,1673,2022-10-01,3,2,1,0
Nowcasting,4491,1674,2022-10-01,3,2,1,0
Nowcasting,4502,1675,2022-01-01,3,1,1,0
Nowcasting,4503,1675,2022-05-01,3,1,1,0
Nowcasting,4504,1675,2022-07-01,3,2,1,0
Nowcasting,4505,1675,2022-10-01,3,3,1,1
Nowcasting,4515,1681,2022-10-01,3,2,1,0
Nowcasting,4521,1683,2022-10-01,3,2,1,0
Nowcasting,4525,1686,2022-08-01,3,2,1,0
Nowcasting,4526,1687,2022-08-01,3,2,1,0
Nowcasting,4536,1691,2022-01-01,3,1,1,0
Nowcasting,4537,1691,2022-05-01,3,1,1,0
Nowcasting,4538,1691,2022-07-01,3,2,1,0
Nowcasting,4539,1691,2022-10-01,3,3,1,1
Nowcasting,4544,1692,2022-10-01,3,1,1,0
Nowcasting,4555,1695,2022-01-01,3,1,1,0
Nowcasting,4556,1695,2022-05-01,3,1,1,0
Nowcasting,4557,1695,2022-07-01,3,1,1,0
Nowcasting,4558,1695,2022-10-01,3,3,1,1
Nowcasting,4567,1696,2022-01-01,3,1,1,0
Nowcasting,4568,1696,2022-05-01,3,1,1,0
Nowcasting,4569,1696,2022-07-01,3,1,1,0
Nowcasting,4570,1696,2022-10-01,3,3,1,1
Nowcasting,4575,1698,2022-05-01,3,1,1,0
Nowcasting,4576,1698,2022-10-01,3,2,1,0
Nowcasting,4581,1702,2022-10-01,3,2,1,0
Nowcasting,4593,1712,2022-01-01,3,1,1,0
Nowcasting,4594,1712,2022-05-01,3,2,1,0
Nowcasting,4595,1712,2022-10-01,3,2,1,0
Nowcasting,4605,1715,2022-01-01,3,1,1,0
Nowcasting,4606,1715,2022-05-01,3,2,1,0
Nowcasting,4607,1715,2022-10-01,3,2,1,0
Nowcasting,4614,1718,2022-01-01,3,2,1,0
Nowcasting,4615,1718,2022-05-01,3,2,1,0
Nowcasting,4616,1718,2022-10-01,3,2,1,0
Nowcasting,4623,1719,2022-01-01,3,2,1,0
Nowcasting,4624,1719,2022-05-01,3,2,1,0
Nowcasting,4625,1719,2022-10-01,3,2,1,0
Nowcasting,4632,1721,2022-10-01,3,1,1,0
Nowcasting,4642,1727,2022-01-01,2,2,0,0
Nowcasting,4643,1727,2022-05-01,3,1,1,0
Nowcasting,4644,1727,2022-07-01,3,2,1,0
Nowcasting,4645,1727,2022-10-01,3,2,1,0
Nowcasting,4654,1728,2022-01-01,2,2,0,0
Nowcasting,4655,1728,2022-05-01,3,2,1,0
Nowcasting,4656,1728,2022-07-01,3,2,1,0
Nowcasting,4657,1728,2022-10-01,3,2,1,0
Nowcasting,4659,1729,2022-01-01,2,2,0,0
Nowcasting,4660,1729,2022-10-01,3,2,1,0
Nowcasting,4662,1730,2022-01-01,2,2,0,0
Nowcasting,4663,1730,2022-10-01,3,2,1,0
Nowcasting,4673,1736,2022-01-01,2,2,0,0
Nowcasting,4674,1736,2022-05-01,3,2,1,0
Nowcasting,4675,1736,2022-07-01,3,2,1,0
Nowcasting,4676,1736,2022-10-01,3,2,1,0
Nowcasting,4685,1737,2022-01-01,2,2,0,0
Nowcasting,4686,1737,2022-05-01,3,2,1,0
Nowcasting,4687,1737,2022-07-01,3,2,1,0
Nowcasting,4688,1737,2022-10-01,3,2,1,0
Nowcasting,4692,1738,2022-01-01,2,2,0,0
Nowcasting,4693,1738,2022-07-01,3,2,1,0
Nowcasting,4697,1739,2022-01-01,2,2,0,0
Nowcasting,4698,1739,2022-07-01,3,2,1,0
Nowcasting,4702,1740,2022-05-01,3,2,1,0
Nowcasting,4707,1743,2022-05-01,3,2,1,0
Nowcasting,4725,1756,2022-03-01,3,3,1,1
Nowcasting,4726,1756,2022-09-01,3,3,1,1
Nowcasting,4734,1757,2022-03-01,3,3,1,1
Nowcasting,4735,1757,2022-09-01,3,3,1,1
Nowcasting,4743,1758,2022-03-01,3,3,1,1
Nowcasting,4744,1758,2022-09-01,3,3,1,1
Nowcasting,4751,1759,2022-03-01,4,3,1,1
Nowcasting,4755,1760,2022-07-01,3,4,1,1
Nowcasting,4763,1762,2022-03-01,4,4,1,1
Nowcasting,4764,1762,2022-09-01,3,3,1,1
Nowcasting,4771,1763,2022-03-01,3,3,1,1
Nowcasting,4772,1763,2022-09-01,3,3,1,1
Nowcasting,4782,1766,2022-03-01,3,3,1,1
Nowcasting,4783,1766,2022-09-01,3,3,1,1
Nowcasting,4790,1767,2022-03-01,3,3,1,1
Nowcasting,4791,1767,2022-09-01,3,3,1,1
Nowcasting,4798,1768,2022-03-01,4,3,1,1
Nowcasting,4799,1768,2022-09-01,3,3,1,1
Nowcasting,4807,1769,2022-03-01,4,3,1,1
Nowcasting,4808,1769,2022-09-01,4,3,1,1
Nowcasting,4812,1770,2022-07-01,3,3,1,1
Nowcasting,4815,1771,2022-07-01,3,3,1,1
Nowcasting,4825,1772,2022-03-01,3,3,1,1
Nowcasting,4826,1772,2022-07-01,3,3,1,1
Nowcasting,4827,1772,2022-09-01,3,3,1,1
Nowcasting,4837,1773,2022-03-01,4,3,1,1
Nowcasting,4838,1773,2022-07-01,3,3,1,1
Nowcasting,4839,1773,2022-09-01,3,3,1,1
Nowcasting,4846,1774,2022-03-01,4,3,1,1
Nowcasting,4847,1774,2022-09-01,3,3,1,1
Nowcasting,4857,1776,2022-03-01,4,3,1,1
Nowcasting,4858,1776,2022-09-01,3,3,1,1
Nowcasting,4865,1777,2022-03-01,4,3,1,1
Nowcasting,4866,1777,2022-09-01,3,3,1,1
Nowcasting,4873,1778,2022-03-01,3,3,1,1
Nowcasting,4881,1779,2022-03-01,4,3,1,1
Nowcasting,4889,1781,2022-07-01,3,3,1,1
Nowcasting,4898,1782,2022-03-01,4,2,1,0
Nowcasting,4899,1782,2022-09-01,3,3,1,1
Nowcasting,4906,1783,2022-03-01,3,3,1,1
Nowcasting,4907,1783,2022-09-01,3,3,1,1
Nowcasting,4909,1784,2022-07-01,3,3,1,1
Nowcasting,4917,1785,2022-03-01,3,3,1,1
Nowcasting,4918,1785,2022-07-01,3,3,1,1
Nowcasting,4919,1785,2022-09-01,3,3,1,1
Nowcasting,4921,1786,2022-09-01,3,3,1,1
Nowcasting,4924,1787,2022-07-01,3,3,1,1
Nowcasting,4925,1788,2022-07-01,2,3,0,1
Nowcasting,4933,1789,2022-09-01,3,3,1,1
Nowcasting,4943,1791,2022-03-01,3,3,1,1
Nowcasting,4944,1791,2022-09-01,3,3,1,1
Nowcasting,4946,1792,2022-07-01,3,3,1,1
Nowcasting,4955,1793,2022-03-01,4,3,1,1
Nowcasting,4956,1793,2022-09-01,3,3,1,1
Nowcasting,4958,1794,2022-07-01,2,3,0,1
Nowcasting,4961,1795,2022-03-01,3,3,1,1
Nowcasting,4970,1796,2022-03-01,3,3,1,1
Nowcasting,4979,1797,2022-03-01,3,3,1,1
Nowcasting,4987,1798,2022-03-01,3,3,1,1
Nowcasting,4997,1799,2022-03-01,3,3,1,1
Nowcasting,4998,1799,2022-09-01,3,3,1,1
Nowcasting,5007,1800,2022-03-01,3,3,1,1
Nowcasting,5008,1800,2022-09-01,3,3,1,1
Nowcasting,5017,1802,2022-03-01,3,3,1,1
Nowcasting,5018,1802,2022-09-01,3,3,1,1
Nowcasting,5027,1803,2022-03-01,3,4,1,1
Nowcasting,5028,1803,2022-09-01,3,3,1,1
Nowcasting,5039,1804,2022-03-01,3,3,1,1
Nowcasting,5040,1804,2022-07-01,3,3,1,1
Nowcasting,5041,1804,2022-09-01,3,3,1,1
Nowcasting,5051,1806,2022-03-01,3,3,1,1
Nowcasting,5052,1806,2022-09-01,3,3,1,1
Nowcasting,5054,1808,2022-07-01,3,3,1,1
Nowcasting,5059,1809,2022-07-01,3,3,1,1
Nowcasting,5067,1810,2022-03-01,3,3,1,1
Nowcasting,5068,1810,2022-09-01,3,3,1,1
Nowcasting,5080,1811,2022-03-01,3,2,1,0
Nowcasting,5081,1811,2022-07-01,3,3,1,1
Nowcasting,5082,1811,2022-09-01,3,2,1,0
Nowcasting,5093,1813,2022-03-01,3,3,1,1
Nowcasting,5094,1813,2022-07-01,3,3,1,1
Nowcasting,5095,1813,2022-09-01,3,3,1,1
Nowcasting,5099,1814,2022-07-01,3,3,1,1
Nowcasting,5106,1815,2022-03-01,3,3,1,1
Nowcasting,5118,1817,2022-03-01,3,3,1,1
Nowcasting,5119,1817,2022-07-01,3,3,1,1
Nowcasting,5120,1817,2022-09-01,3,3,1,1
Nowcasting,5130,1818,2022-03-01,3,3,1,1
Nowcasting,5131,1818,2022-07-01,3,3,1,1
Nowcasting,5132,1818,2022-09-01,3,3,1,1
Nowcasting,5142,1819,2022-03-01,4,3,1,1
Nowcasting,5143,1819,2022-09-01,3,3,1,1
Nowcasting,5151,1820,2022-03-01,4,3,1,1
Nowcasting,5152,1820,2022-09-01,3,3,1,1
Nowcasting,5158,1821,2022-03-01,4,3,1,1
Nowcasting,5159,1821,2022-09-01,3,3,1,1
Nowcasting,5170,1822,2022-03-01,3,3,1,1
Nowcasting,5171,1822,2022-07-01,3,3,1,1
Nowcasting,5172,1822,2022-09-01,3,3,1,1
Nowcasting,5175,1824,2022-03-01,3,3,1,1
Nowcasting,5176,1824,2022-09-01,3,3,1,1
Nowcasting,5179,1825,2022-09-01,3,3,1,1
Nowcasting,5188,1826,2022-03-01,3,3,1,1
Nowcasting,5189,1826,2022-07-01,3,2,1,0
Nowcasting,5190,1826,2022-09-01,3,2,1,0
Nowcasting,5199,1827,2022-03-01,3,3,1,1
Nowcasting,5200,1827,2022-07-01,3,2,1,0
Nowcasting,5201,1827,2022-09-01,3,2,1,0
Nowcasting,5211,1829,2022-03-01,3,3,1,1
Nowcasting,5212,1829,2022-09-01,3,3,1,1
Nowcasting,5218,1830,2022-03-01,3,3,1,1
Nowcasting,5219,1830,2022-07-01,3,3,1,1
Nowcasting,5220,1830,2022-09-01,3,3,1,1
Nowcasting,5230,1831,2022-03-01,3,3,1,1
Nowcasting,5231,1831,2022-07-01,3,3,1,1
Nowcasting,5232,1831,2022-09-01,3,3,1,1
Nowcasting,5239,1832,2022-03-01,4,3,1,1
Nowcasting,5240,1832,2022-09-01,3,3,1,1
Nowcasting,5260,1835,2022-03-01,3,3,1,1
Nowcasting,5261,1835,2022-07-01,3,3,1,1
Nowcasting,5262,1835,2022-09-01,3,3,1,1
Nowcasting,5271,1836,2022-03-01,3,3,1,1
Nowcasting,5272,1836,2022-07-01,3,3,1,1
Nowcasting,5273,1836,2022-09-01,3,3,1,1
Nowcasting,5283,1838,2022-03-01,3,3,1,1
Nowcasting,5284,1838,2022-09-01,3,3,1,1
Nowcasting,5294,1839,2022-07-01,3,3,1,1
Nowcasting,5305,1841,2022-07-01,3,3,1,1
Nowcasting,5316,1843,2022-07-01,3,3,1,1
Nowcasting,5328,1844,2022-03-01,3,3,1,1
Nowcasting,5329,1844,2022-07-01,3,3,1,1
Nowcasting,5330,1844,2022-09-01,3,3,1,1
Nowcasting,5333,1845,2022-09-01,3,3,1,1
Nowcasting,5336,1846,2022-09-01,3,3,1,1
Nowcasting,5345,1848,2022-03-01,3,3,1,1
Nowcasting,5346,1848,2022-09-01,3,3,1,1
Nowcasting,5357,1849,2022-03-01,4,3,1,1
Nowcasting,5358,1849,2022-07-01,3,3,1,1
Nowcasting,5359,1849,2022-09-01,3,3,1,1
Nowcasting,5370,1850,2022-03-01,3,3,1,1
Nowcasting,5371,1850,2022-07-01,3,3,1,1
Nowcasting,5372,1850,2022-09-01,3,3,1,1
Nowcasting,5373,1851,2022-07-01,3,3,1,1
Nowcasting,5379,1852,2022-03-01,4,4,1,1
Nowcasting,5380,1852,2022-09-01,4,3,1,1
Nowcasting,5388,1853,2022-03-01,3,3,1,1
Nowcasting,5389,1853,2022-07-01,3,3,1,1
Nowcasting,5398,1854,2022-09-01,3,3,1,1
Nowcasting,5403,1855,2022-03-01,4,4,1,1
Nowcasting,5404,1855,2022-09-01,4,3,1,1
Nowcasting,5413,1856,2022-09-01,4,3,1,1
Nowcasting,5421,1857,2022-03-01,3,3,1,1
Nowcasting,5422,1857,2022-07-01,3,3,1,1
Nowcasting,5423,1857,2022-09-01,3,3,1,1
Nowcasting,5429,1858,2022-09-01,4,3,1,1
Nowcasting,5440,1859,2022-03-01,3,3,1,1
Nowcasting,5441,1859,2022-07-01,3,3,1,1
Nowcasting,5442,1859,2022-09-01,3,3,1,1
Nowcasting,5448,1860,2022-03-01,4,3,1,1
Nowcasting,5460,1863,2022-03-01,3,3,1,1
Nowcasting,5468,1864,2022-07-01,3,3,1,1
Nowcasting,5469,1864,2022-09-01,3,3,1,1
Nowcasting,5477,1865,2022-03-01,3,3,1,1
Nowcasting,5478,1865,2022-07-01,3,3,1,1
Nowcasting,5479,1865,2022-09-01,3,2,1,0
Nowcasting,5487,1866,2022-03-01,3,3,1,1
Nowcasting,5488,1866,2022-07-01,3,3,1,1
Nowcasting,5489,1866,2022-09-01,3,2,1,0
Nowcasting,5500,1867,2022-03-01,3,3,1,1
Nowcasting,5501,1867,2022-07-01,3,3,1,1
Nowcasting,5502,1867,2022-09-01,3,3,1,1
Nowcasting,5508,1868,2022-09-01,4,3,1,1
Nowcasting,5523,1870,2022-03-01,3,3,1,1
Nowcasting,5524,1870,2022-07-01,3,3,1,1
Nowcasting,5525,1870,2022-09-01,3,3,1,1
Nowcasting,5530,1871,2022-09-01,3,3,1,1
Nowcasting,5535,1872,2022-09-01,3,3,1,1
Nowcasting,5544,1873,2022-03-01,4,3,1,1
Nowcasting,5545,1873,2022-09-01,4,3,1,1
Nowcasting,5561,1875,2022-03-01,3,3,1,1
Nowcasting,5562,1875,2022-07-01,3,3,1,1
Nowcasting,5563,1875,2022-09-01,3,3,1,1
Nowcasting,5572,1876,2022-03-01,3,3,1,1
Nowcasting,5573,1876,2022-07-01,3,3,1,1
Nowcasting,5574,1876,2022-09-01,3,3,1,1
