layer,feature_order,original_feature,feature_time_type,reference_month_rule,neighbor_eligible,knn5_feature_name,d200_feature_name
layer1_shared,0,elevation,static,package_snapshot_static,True,elevation__knn5_mean,elevation__d200_mean
layer1_shared,1,infra_index_m12_l12,dynamic,row_month_minus_12_calendar_months,True,infra_index_m12_l12__knn5_mean,infra_index_m12_l12__d200_mean
layer1_shared,2,infra_index_s12_l12,dynamic,row_month_minus_12_calendar_months,True,infra_index_s12_l12__knn5_mean,infra_index_s12_l12__d200_mean
layer1_shared,3,market_access,static,package_snapshot_static,True,market_access__knn5_mean,market_access__d200_mean
layer1_shared,4,nitrogen_5-15cm_mean,static,package_snapshot_static,True,nitrogen_5-15cm_mean__knn5_mean,nitrogen_5-15cm_mean__d200_mean
layer1_shared,5,phh2o_5-15cm_mean,static,package_snapshot_static,True,phh2o_5-15cm_mean__knn5_mean,phh2o_5-15cm_mean__d200_mean
layer1_shared,6,cec_5-15cm_mean,static,package_snapshot_static,True,cec_5-15cm_mean__knn5_mean,cec_5-15cm_mean__d200_mean
layer1_shared,7,cfvo_5-15cm_mean,static,package_snapshot_static,True,cfvo_5-15cm_mean__knn5_mean,cfvo_5-15cm_mean__d200_mean
layer1_shared,8,soc_5-15cm_mean,static,package_snapshot_static,True,soc_5-15cm_mean__knn5_mean,soc_5-15cm_mean__d200_mean
layer1_shared,9,aez_groupid_4000,static,package_snapshot_static,True,aez_groupid_4000__knn5_mean,aez_groupid_4000__d200_mean
layer1_shared,10,aez_groupid_7000,static,package_snapshot_static,True,aez_groupid_7000__knn5_mean,aez_groupid_7000__d200_mean
layer1_shared,11,aez_groupid_9000,static,package_snapshot_static,True,aez_groupid_9000__knn5_mean,aez_groupid_9000__d200_mean
layer1_shared,12,aez_groupid_10000,static,package_snapshot_static,True,aez_groupid_10000__knn5_mean,aez_groupid_10000__d200_mean
layer1_shared,13,aez_groupid_12000,static,package_snapshot_static,True,aez_groupid_12000__knn5_mean,aez_groupid_12000__d200_mean
layer1_shared,14,aez_groupid_17000,static,package_snapshot_static,True,aez_groupid_17000__knn5_mean,aez_groupid_17000__d200_mean
layer1_shared,15,aez_groupid_19000,static,package_snapshot_static,True,aez_groupid_19000__knn5_mean,aez_groupid_19000__d200_mean
layer1_shared,16,aez_groupid_25000,static,package_snapshot_static,True,aez_groupid_25000__knn5_mean,aez_groupid_25000__d200_mean
layer1_shared,17,aez_groupid_30000,static,package_snapshot_static,True,aez_groupid_30000__knn5_mean,aez_groupid_30000__d200_mean
layer1_shared,18,aez_groupid_31000,static,package_snapshot_static,True,aez_groupid_31000__knn5_mean,aez_groupid_31000__d200_mean
layer1_shared,19,aez_groupid_32000,static,package_snapshot_static,True,aez_groupid_32000__knn5_mean,aez_groupid_32000__d200_mean
layer1_shared,20,aez_groupid_33000,static,package_snapshot_static,True,aez_groupid_33000__knn5_mean,aez_groupid_33000__d200_mean
layer1_shared,21,aez_groupid_34000,static,package_snapshot_static,True,aez_groupid_34000__knn5_mean,aez_groupid_34000__d200_mean
layer1_shared,22,aez_groupid_36000,static,package_snapshot_static,True,aez_groupid_36000__knn5_mean,aez_groupid_36000__d200_mean
layer1_shared,23,aez_groupid_40000,static,package_snapshot_static,True,aez_groupid_40000__knn5_mean,aez_groupid_40000__d200_mean
layer1_shared,24,aez_groupid_43000,static,package_snapshot_static,True,aez_groupid_43000__knn5_mean,aez_groupid_43000__d200_mean
layer1_shared,25,slope,static,package_snapshot_static,True,slope__knn5_mean,slope__d200_mean
layer1_shared,26,estimated_population,dynamic,row_month_minus_12_calendar_months,True,estimated_population__knn5_mean,estimated_population__d200_mean
layer1_shared,27,lat,coordinate,distance_only,False,,
layer1_shared,28,lon,coordinate,distance_only,False,,
layer1_shared,29,cropland,static,package_snapshot_static,True,cropland__knn5_mean,cropland__d200_mean
layer1_shared,30,rangeland,static,package_snapshot_static,True,rangeland__knn5_mean,rangeland__d200_mean
layer1_shared,31,area,static,package_snapshot_static,True,area__knn5_mean,area__d200_mean
layer1_shared,32,es_urban_pop,static,package_snapshot_static,True,es_urban_pop__knn5_mean,es_urban_pop__d200_mean
layer1_shared,33,urban_area,static,package_snapshot_static,True,urban_area__knn5_mean,urban_area__d200_mean
layer1_shared,34,distance_to_river,static,package_snapshot_static,True,distance_to_river__knn5_mean,distance_to_river__d200_mean
layer1_shared,35,ruggedness_index,static,package_snapshot_static,True,ruggedness_index__knn5_mean,ruggedness_index__d200_mean
layer1_shared,36,fews_ipc_ha,dynamic,row_month_minus_12_calendar_months,True,fews_ipc_ha__knn5_mean,fews_ipc_ha__d200_mean
layer1_shared,37,WFP_Price_Change_l12,dynamic,row_month_minus_12_calendar_months,True,WFP_Price_Change_l12__knn5_mean,WFP_Price_Change_l12__d200_mean
layer1_shared,38,WFP_Price_Volatility_l12,dynamic,row_month_minus_12_calendar_months,True,WFP_Price_Volatility_l12__knn5_mean,WFP_Price_Volatility_l12__d200_mean
layer1_shared,39,fatalities_battles_l12,dynamic,row_month_minus_12_calendar_months,True,fatalities_battles_l12__knn5_mean,fatalities_battles_l12__d200_mean
layer1_shared,40,fatalities_explosions_l12,dynamic,row_month_minus_12_calendar_months,True,fatalities_explosions_l12__knn5_mean,fatalities_explosions_l12__d200_mean
layer1_shared,41,fatalities_violence_l12,dynamic,row_month_minus_12_calendar_months,True,fatalities_violence_l12__knn5_mean,fatalities_violence_l12__d200_mean
layer1_shared,42,event_count_battles_l12,dynamic,row_month_minus_12_calendar_months,True,event_count_battles_l12__knn5_mean,event_count_battles_l12__d200_mean
layer1_shared,43,event_count_explosions_l12,dynamic,row_month_minus_12_calendar_months,True,event_count_explosions_l12__knn5_mean,event_count_explosions_l12__d200_mean
layer1_shared,44,event_count_violence_l12,dynamic,row_month_minus_12_calendar_months,True,event_count_violence_l12__knn5_mean,event_count_violence_l12__d200_mean
layer1_shared,45,precipitation_sum_l12,dynamic,row_month_minus_12_calendar_months,True,precipitation_sum_l12__knn5_mean,precipitation_sum_l12__d200_mean
layer1_shared,46,soil_moisture_mean_l12,dynamic,row_month_minus_12_calendar_months,True,soil_moisture_mean_l12__knn5_mean,soil_moisture_mean_l12__d200_mean
layer1_shared,47,shortwave_radiation_sum_l12,dynamic,row_month_minus_12_calendar_months,True,shortwave_radiation_sum_l12__knn5_mean,shortwave_radiation_sum_l12__d200_mean
layer1_shared,48,temperature_2m_mean_l12,dynamic,row_month_minus_12_calendar_months,True,temperature_2m_mean_l12__knn5_mean,temperature_2m_mean_l12__d200_mean
layer1_shared,49,price_index_l12,dynamic,row_month_minus_12_calendar_months,True,price_index_l12__knn5_mean,price_index_l12__d200_mean
layer1_shared,50,rainfall_chirps_l12,dynamic,row_month_minus_12_calendar_months,True,rainfall_chirps_l12__knn5_mean,rainfall_chirps_l12__d200_mean
layer1_shared,51,nightlight_mean_l12,dynamic,row_month_minus_12_calendar_months,True,nightlight_mean_l12__knn5_mean,nightlight_mean_l12__d200_mean
layer1_shared,52,EVI_l12,dynamic,row_month_minus_12_calendar_months,True,EVI_l12__knn5_mean,EVI_l12__d200_mean
layer1_shared,53,fatalities_battles_w5_l12,dynamic,row_month_minus_12_calendar_months,True,fatalities_battles_w5_l12__knn5_mean,fatalities_battles_w5_l12__d200_mean
layer1_shared,54,fatalities_explosions_w5_l12,dynamic,row_month_minus_12_calendar_months,True,fatalities_explosions_w5_l12__knn5_mean,fatalities_explosions_w5_l12__d200_mean
layer1_shared,55,fatalities_violence_w5_l12,dynamic,row_month_minus_12_calendar_months,True,fatalities_violence_w5_l12__knn5_mean,fatalities_violence_w5_l12__d200_mean
layer1_shared,56,event_count_battles_w5_l12,dynamic,row_month_minus_12_calendar_months,True,event_count_battles_w5_l12__knn5_mean,event_count_battles_w5_l12__d200_mean
layer1_shared,57,event_count_explosions_w5_l12,dynamic,row_month_minus_12_calendar_months,True,event_count_explosions_w5_l12__knn5_mean,event_count_explosions_w5_l12__d200_mean
layer1_shared,58,event_count_violence_w5_l12,dynamic,row_month_minus_12_calendar_months,True,event_count_violence_w5_l12__knn5_mean,event_count_violence_w5_l12__d200_mean
layer1_shared,59,fatalities_battles_w10_l12,dynamic,row_month_minus_12_calendar_months,True,fatalities_battles_w10_l12__knn5_mean,fatalities_battles_w10_l12__d200_mean
layer1_shared,60,fatalities_explosions_w10_l12,dynamic,row_month_minus_12_calendar_months,True,fatalities_explosions_w10_l12__knn5_mean,fatalities_explosions_w10_l12__d200_mean
layer1_shared,61,fatalities_violence_w10_l12,dynamic,row_month_minus_12_calendar_months,True,fatalities_violence_w10_l12__knn5_mean,fatalities_violence_w10_l12__d200_mean
layer1_shared,62,event_count_battles_w10_l12,dynamic,row_month_minus_12_calendar_months,True,event_count_battles_w10_l12__knn5_mean,event_count_battles_w10_l12__d200_mean
layer1_shared,63,event_count_explosions_w10_l12,dynamic,row_month_minus_12_calendar_months,True,event_count_explosions_w10_l12__knn5_mean,event_count_explosions_w10_l12__d200_mean
layer1_shared,64,event_count_violence_w10_l12,dynamic,row_month_minus_12_calendar_months,True,event_count_violence_w10_l12__knn5_mean,event_count_violence_w10_l12__d200_mean
layer1_shared,65,rainfall_chirps_z_l12,dynamic,row_month_minus_12_calendar_months,True,rainfall_chirps_z_l12__knn5_mean,rainfall_chirps_z_l12__d200_mean
layer1_shared,66,temperature_2m_mean_z_l12,dynamic,row_month_minus_12_calendar_months,True,temperature_2m_mean_z_l12__knn5_mean,temperature_2m_mean_z_l12__d200_mean
layer1_shared,67,GOSIF_GPP_l12,dynamic,row_month_minus_12_calendar_months,True,GOSIF_GPP_l12__knn5_mean,GOSIF_GPP_l12__d200_mean
layer1_shared,68,WFP_Price_Change_s12_l12,dynamic,row_month_minus_12_calendar_months,True,WFP_Price_Change_s12_l12__knn5_mean,WFP_Price_Change_s12_l12__d200_mean
layer1_shared,69,WFP_Price_Volatility_s12_l12,dynamic,row_month_minus_12_calendar_months,True,WFP_Price_Volatility_s12_l12__knn5_mean,WFP_Price_Volatility_s12_l12__d200_mean
layer1_shared,70,fatalities_battles_s12_l12,dynamic,row_month_minus_12_calendar_months,True,fatalities_battles_s12_l12__knn5_mean,fatalities_battles_s12_l12__d200_mean
layer1_shared,71,fatalities_explosions_s12_l12,dynamic,row_month_minus_12_calendar_months,True,fatalities_explosions_s12_l12__knn5_mean,fatalities_explosions_s12_l12__d200_mean
layer1_shared,72,fatalities_violence_s12_l12,dynamic,row_month_minus_12_calendar_months,True,fatalities_violence_s12_l12__knn5_mean,fatalities_violence_s12_l12__d200_mean
layer1_shared,73,event_count_battles_s12_l12,dynamic,row_month_minus_12_calendar_months,True,event_count_battles_s12_l12__knn5_mean,event_count_battles_s12_l12__d200_mean
layer1_shared,74,event_count_explosions_s12_l12,dynamic,row_month_minus_12_calendar_months,True,event_count_explosions_s12_l12__knn5_mean,event_count_explosions_s12_l12__d200_mean
layer1_shared,75,event_count_violence_s12_l12,dynamic,row_month_minus_12_calendar_months,True,event_count_violence_s12_l12__knn5_mean,event_count_violence_s12_l12__d200_mean
layer1_shared,76,precipitation_sum_s12_l12,dynamic,row_month_minus_12_calendar_months,True,precipitation_sum_s12_l12__knn5_mean,precipitation_sum_s12_l12__d200_mean
layer1_shared,77,soil_moisture_mean_s12_l12,dynamic,row_month_minus_12_calendar_months,True,soil_moisture_mean_s12_l12__knn5_mean,soil_moisture_mean_s12_l12__d200_mean
layer1_shared,78,shortwave_radiation_sum_s12_l12,dynamic,row_month_minus_12_calendar_months,True,shortwave_radiation_sum_s12_l12__knn5_mean,shortwave_radiation_sum_s12_l12__d200_mean
layer1_shared,79,temperature_2m_mean_s12_l12,dynamic,row_month_minus_12_calendar_months,True,temperature_2m_mean_s12_l12__knn5_mean,temperature_2m_mean_s12_l12__d200_mean
layer1_shared,80,price_index_s12_l12,dynamic,row_month_minus_12_calendar_months,True,price_index_s12_l12__knn5_mean,price_index_s12_l12__d200_mean
layer1_shared,81,rainfall_chirps_s12_l12,dynamic,row_month_minus_12_calendar_months,True,rainfall_chirps_s12_l12__knn5_mean,rainfall_chirps_s12_l12__d200_mean
layer1_shared,82,nightlight_mean_s12_l12,dynamic,row_month_minus_12_calendar_months,True,nightlight_mean_s12_l12__knn5_mean,nightlight_mean_s12_l12__d200_mean
layer1_shared,83,EVI_s12_l12,dynamic,row_month_minus_12_calendar_months,True,EVI_s12_l12__knn5_mean,EVI_s12_l12__d200_mean
layer1_shared,84,fatalities_battles_w5_s12_l12,dynamic,row_month_minus_12_calendar_months,True,fatalities_battles_w5_s12_l12__knn5_mean,fatalities_battles_w5_s12_l12__d200_mean
layer1_shared,85,fatalities_explosions_w5_s12_l12,dynamic,row_month_minus_12_calendar_months,True,fatalities_explosions_w5_s12_l12__knn5_mean,fatalities_explosions_w5_s12_l12__d200_mean
layer1_shared,86,fatalities_violence_w5_s12_l12,dynamic,row_month_minus_12_calendar_months,True,fatalities_violence_w5_s12_l12__knn5_mean,fatalities_violence_w5_s12_l12__d200_mean
layer1_shared,87,event_count_battles_w5_s12_l12,dynamic,row_month_minus_12_calendar_months,True,event_count_battles_w5_s12_l12__knn5_mean,event_count_battles_w5_s12_l12__d200_mean
layer1_shared,88,event_count_explosions_w5_s12_l12,dynamic,row_month_minus_12_calendar_months,True,event_count_explosions_w5_s12_l12__knn5_mean,event_count_explosions_w5_s12_l12__d200_mean
layer1_shared,89,event_count_violence_w5_s12_l12,dynamic,row_month_minus_12_calendar_months,True,event_count_violence_w5_s12_l12__knn5_mean,event_count_violence_w5_s12_l12__d200_mean
layer1_shared,90,fatalities_battles_w10_s12_l12,dynamic,row_month_minus_12_calendar_months,True,fatalities_battles_w10_s12_l12__knn5_mean,fatalities_battles_w10_s12_l12__d200_mean
layer1_shared,91,fatalities_explosions_w10_s12_l12,dynamic,row_month_minus_12_calendar_months,True,fatalities_explosions_w10_s12_l12__knn5_mean,fatalities_explosions_w10_s12_l12__d200_mean
layer1_shared,92,fatalities_violence_w10_s12_l12,dynamic,row_month_minus_12_calendar_months,True,fatalities_violence_w10_s12_l12__knn5_mean,fatalities_violence_w10_s12_l12__d200_mean
layer1_shared,93,event_count_battles_w10_s12_l12,dynamic,row_month_minus_12_calendar_months,True,event_count_battles_w10_s12_l12__knn5_mean,event_count_battles_w10_s12_l12__d200_mean
layer1_shared,94,event_count_explosions_w10_s12_l12,dynamic,row_month_minus_12_calendar_months,True,event_count_explosions_w10_s12_l12__knn5_mean,event_count_explosions_w10_s12_l12__d200_mean
layer1_shared,95,event_count_violence_w10_s12_l12,dynamic,row_month_minus_12_calendar_months,True,event_count_violence_w10_s12_l12__knn5_mean,event_count_violence_w10_s12_l12__d200_mean
layer1_shared,96,rainfall_chirps_z_s12_l12,dynamic,row_month_minus_12_calendar_months,True,rainfall_chirps_z_s12_l12__knn5_mean,rainfall_chirps_z_s12_l12__d200_mean
layer1_shared,97,temperature_2m_mean_z_s12_l12,dynamic,row_month_minus_12_calendar_months,True,temperature_2m_mean_z_s12_l12__knn5_mean,temperature_2m_mean_z_s12_l12__d200_mean
layer1_shared,98,GOSIF_GPP_s12_l12,dynamic,row_month_minus_12_calendar_months,True,GOSIF_GPP_s12_l12__knn5_mean,GOSIF_GPP_s12_l12__d200_mean
layer1_shared,99,NY.GDP.PCAP.KD_l12,dynamic,row_month_minus_12_calendar_months,True,NY.GDP.PCAP.KD_l12__knn5_mean,NY.GDP.PCAP.KD_l12__d200_mean
layer1_shared,100,cpi_l12,dynamic,row_month_minus_12_calendar_months,True,cpi_l12__knn5_mean,cpi_l12__d200_mean
layer1_shared,101,GDP_l12,dynamic,row_month_minus_12_calendar_months,True,GDP_l12__knn5_mean,GDP_l12__d200_mean
layer1_shared,102,CPI_l12,dynamic,row_month_minus_12_calendar_months,True,CPI_l12__knn5_mean,CPI_l12__d200_mean
layer1_shared,103,infra_index_l12,dynamic,row_month_minus_12_calendar_months,True,infra_index_l12__knn5_mean,infra_index_l12__d200_mean
layer1_shared,104,CC.PER.RNK_l12,dynamic,row_month_minus_12_calendar_months,True,CC.PER.RNK_l12__knn5_mean,CC.PER.RNK_l12__d200_mean
layer1_shared,105,gini_l12,dynamic,row_month_minus_12_calendar_months,True,gini_l12__knn5_mean,gini_l12__d200_mean
nowcasting_layer2,0,CPI,dynamic,row_month,True,CPI__knn5_mean,CPI__d200_mean
nowcasting_layer2,1,fatalities_explosions_w5_m12,dynamic,row_month,True,fatalities_explosions_w5_m12__knn5_mean,fatalities_explosions_w5_m12__d200_mean
nowcasting_layer2,2,GDP,dynamic,row_month,True,GDP__knn5_mean,GDP__d200_mean
nowcasting_layer2,3,soil_moisture_mean_m12,dynamic,row_month,True,soil_moisture_mean_m12__knn5_mean,soil_moisture_mean_m12__d200_mean
nowcasting_layer2,4,fatalities_explosions,dynamic,row_month,True,fatalities_explosions__knn5_mean,fatalities_explosions__d200_mean
nowcasting_layer2,5,chirps_z_score,dynamic,row_month,True,chirps_z_score__knn5_mean,chirps_z_score__d200_mean
nowcasting_layer2,6,EVI_m12,dynamic,row_month,True,EVI_m12__knn5_mean,EVI_m12__d200_mean
nowcasting_layer2,7,event_count_battles_w10_m12,dynamic,row_month,True,event_count_battles_w10_m12__knn5_mean,event_count_battles_w10_m12__d200_mean
nowcasting_layer2,8,event_count_battles_w5_m12,dynamic,row_month,True,event_count_battles_w5_m12__knn5_mean,event_count_battles_w5_m12__d200_mean
nowcasting_layer2,9,price_index_s12,dynamic,row_month,True,price_index_s12__knn5_mean,price_index_s12__d200_mean
nowcasting_layer2,10,event_count_explosions,dynamic,row_month,True,event_count_explosions__knn5_mean,event_count_explosions__d200_mean
nowcasting_layer2,11,rainfall_chirps_s12,dynamic,row_month,True,rainfall_chirps_s12__knn5_mean,rainfall_chirps_s12__d200_mean
nowcasting_layer2,12,event_count_violence_w10_m12,dynamic,row_month,True,event_count_violence_w10_m12__knn5_mean,event_count_violence_w10_m12__d200_mean
nowcasting_layer2,13,WFP_Price_Change_s12,dynamic,row_month,True,WFP_Price_Change_s12__knn5_mean,WFP_Price_Change_s12__d200_mean
nowcasting_layer2,14,WFP_Price_Volatility_m12,dynamic,row_month,True,WFP_Price_Volatility_m12__knn5_mean,WFP_Price_Volatility_m12__d200_mean
nowcasting_layer2,15,WFP_Price_Change_m12,dynamic,row_month,True,WFP_Price_Change_m12__knn5_mean,WFP_Price_Change_m12__d200_mean
nowcasting_layer2,16,infra_index_m12,dynamic,row_month,True,infra_index_m12__knn5_mean,infra_index_m12__d200_mean
nowcasting_layer2,17,temperature_2m_mean_s12,dynamic,row_month,True,temperature_2m_mean_s12__knn5_mean,temperature_2m_mean_s12__d200_mean
nowcasting_layer2,18,event_count_battles_m12,dynamic,row_month,True,event_count_battles_m12__knn5_mean,event_count_battles_m12__d200_mean
nowcasting_layer2,19,fatalities_battles,dynamic,row_month,True,fatalities_battles__knn5_mean,fatalities_battles__d200_mean
nowcasting_layer2,20,event_count_violence_m12,dynamic,row_month,True,event_count_violence_m12__knn5_mean,event_count_violence_m12__d200_mean
nowcasting_layer2,21,event_count_explosions_m12,dynamic,row_month,True,event_count_explosions_m12__knn5_mean,event_count_explosions_m12__d200_mean
nowcasting_layer2,22,fatalities_battles_w5_m12,dynamic,row_month,True,fatalities_battles_w5_m12__knn5_mean,fatalities_battles_w5_m12__d200_mean
nowcasting_layer2,23,event_count_violence_w5_m12,dynamic,row_month,True,event_count_violence_w5_m12__knn5_mean,event_count_violence_w5_m12__d200_mean
nowcasting_layer2,24,soil_moisture_mean_s12,dynamic,row_month,True,soil_moisture_mean_s12__knn5_mean,soil_moisture_mean_s12__d200_mean
nowcasting_layer2,25,event_count_explosions_w5_m12,dynamic,row_month,True,event_count_explosions_w5_m12__knn5_mean,event_count_explosions_w5_m12__d200_mean
nowcasting_layer2,26,WFP_Price_Volatility_s12,dynamic,row_month,True,WFP_Price_Volatility_s12__knn5_mean,WFP_Price_Volatility_s12__d200_mean
nowcasting_layer2,27,event_count_violence,dynamic,row_month,True,event_count_violence__knn5_mean,event_count_violence__d200_mean
nowcasting_layer2,28,precipitation_sum_m12,dynamic,row_month,True,precipitation_sum_m12__knn5_mean,precipitation_sum_m12__d200_mean
nowcasting_layer2,29,event_count_violence_w10,dynamic,row_month,True,event_count_violence_w10__knn5_mean,event_count_violence_w10__d200_mean
nowcasting_layer2,30,fatalities_violence_w10_m12,dynamic,row_month,True,fatalities_violence_w10_m12__knn5_mean,fatalities_violence_w10_m12__d200_mean
nowcasting_layer2,31,event_count_battles,dynamic,row_month,True,event_count_battles__knn5_mean,event_count_battles__d200_mean
nowcasting_layer2,32,event_count_explosions_w5,dynamic,row_month,True,event_count_explosions_w5__knn5_mean,event_count_explosions_w5__d200_mean
nowcasting_layer2,33,fatalities_explosions_w10_m12,dynamic,row_month,True,fatalities_explosions_w10_m12__knn5_mean,fatalities_explosions_w10_m12__d200_mean
nowcasting_layer2,34,event_count_battles_w10,dynamic,row_month,True,event_count_battles_w10__knn5_mean,event_count_battles_w10__d200_mean
nowcasting_layer2,35,temperature_2m_mean_m12,dynamic,row_month,True,temperature_2m_mean_m12__knn5_mean,temperature_2m_mean_m12__d200_mean
nowcasting_layer2,36,rainfall_chirps_m12,dynamic,row_month,True,rainfall_chirps_m12__knn5_mean,rainfall_chirps_m12__d200_mean
nowcasting_layer2,37,fatalities_violence_m12,dynamic,row_month,True,fatalities_violence_m12__knn5_mean,fatalities_violence_m12__d200_mean
nowcasting_layer2,38,WFP_Price_Change,dynamic,row_month,True,WFP_Price_Change__knn5_mean,WFP_Price_Change__d200_mean
nowcasting_layer2,39,event_count_explosions_w10,dynamic,row_month,True,event_count_explosions_w10__knn5_mean,event_count_explosions_w10__d200_mean
nowcasting_layer2,40,gini,dynamic,row_month,True,gini__knn5_mean,gini__d200_mean
nowcasting_layer2,41,cpi,dynamic,row_month,True,cpi__knn5_mean,cpi__d200_mean
nowcasting_layer2,42,fatalities_violence_w5_m12,dynamic,row_month,True,fatalities_violence_w5_m12__knn5_mean,fatalities_violence_w5_m12__d200_mean
nowcasting_layer2,43,infra_index_s12,dynamic,row_month,True,infra_index_s12__knn5_mean,infra_index_s12__d200_mean
nowcasting_layer2,44,shortwave_radiation_sum_m12,dynamic,row_month,True,shortwave_radiation_sum_m12__knn5_mean,shortwave_radiation_sum_m12__d200_mean
nowcasting_layer2,45,price_index_m12,dynamic,row_month,True,price_index_m12__knn5_mean,price_index_m12__d200_mean
nowcasting_layer2,46,fatalities_battles_w10_m12,dynamic,row_month,True,fatalities_battles_w10_m12__knn5_mean,fatalities_battles_w10_m12__d200_mean
nowcasting_layer2,47,event_count_violence_w5,dynamic,row_month,True,event_count_violence_w5__knn5_mean,event_count_violence_w5__d200_mean
nowcasting_layer2,48,fatalities_explosions_w10,dynamic,row_month,True,fatalities_explosions_w10__knn5_mean,fatalities_explosions_w10__d200_mean
nowcasting_layer2,49,CC.PER.RNK,dynamic,row_month,True,CC.PER.RNK__knn5_mean,CC.PER.RNK__d200_mean
nowcasting_layer2,50,fatalities_violence_w5,dynamic,row_month,True,fatalities_violence_w5__knn5_mean,fatalities_violence_w5__d200_mean
nowcasting_layer2,51,shortwave_radiation_sum_s12,dynamic,row_month,True,shortwave_radiation_sum_s12__knn5_mean,shortwave_radiation_sum_s12__d200_mean
nowcasting_layer2,52,fatalities_battles_w10,dynamic,row_month,True,fatalities_battles_w10__knn5_mean,fatalities_battles_w10__d200_mean
nowcasting_layer2,53,fatalities_battles_m12,dynamic,row_month,True,fatalities_battles_m12__knn5_mean,fatalities_battles_m12__d200_mean
nowcasting_layer2,54,nightlight_mean_m12,dynamic,row_month,True,nightlight_mean_m12__knn5_mean,nightlight_mean_m12__d200_mean
nowcasting_layer2,55,fatalities_battles_w5,dynamic,row_month,True,fatalities_battles_w5__knn5_mean,fatalities_battles_w5__d200_mean
nowcasting_layer2,56,event_count_battles_w5,dynamic,row_month,True,event_count_battles_w5__knn5_mean,event_count_battles_w5__d200_mean
nowcasting_layer2,57,fatalities_violence_w10,dynamic,row_month,True,fatalities_violence_w10__knn5_mean,fatalities_violence_w10__d200_mean
nowcasting_layer2,58,fatalities_violence,dynamic,row_month,True,fatalities_violence__knn5_mean,fatalities_violence__d200_mean
nowcasting_layer2,59,infra_index,dynamic,row_month,True,infra_index__knn5_mean,infra_index__d200_mean
nowcasting_layer2,60,fatalities_explosions_m12,dynamic,row_month,True,fatalities_explosions_m12__knn5_mean,fatalities_explosions_m12__d200_mean
nowcasting_layer2,61,temperature_z_score,dynamic,row_month,True,temperature_z_score__knn5_mean,temperature_z_score__d200_mean
nowcasting_layer2,62,event_count_explosions_w10_m12,dynamic,row_month,True,event_count_explosions_w10_m12__knn5_mean,event_count_explosions_w10_m12__d200_mean
nowcasting_layer2,63,NY.GDP.PCAP.KD,dynamic,row_month,True,NY.GDP.PCAP.KD__knn5_mean,NY.GDP.PCAP.KD__d200_mean
nowcasting_layer2,64,fatalities_explosions_w5,dynamic,row_month,True,fatalities_explosions_w5__knn5_mean,fatalities_explosions_w5__d200_mean
nowcasting_layer2,65,precipitation_sum_s12,dynamic,row_month,True,precipitation_sum_s12__knn5_mean,precipitation_sum_s12__d200_mean
nowcasting_layer2,66,WFP_Price_Volatility,dynamic,row_month,True,WFP_Price_Volatility__knn5_mean,WFP_Price_Volatility__d200_mean
nowcasting_layer2,67,nightlight_mean_s12,dynamic,row_month,True,nightlight_mean_s12__knn5_mean,nightlight_mean_s12__d200_mean
nowcasting_layer2,68,GOSIF_GPP_m12,dynamic,row_month,True,GOSIF_GPP_m12__knn5_mean,GOSIF_GPP_m12__d200_mean
