condition,condition_label,model,production_run,run_label,evaluation_protocol,evaluation_population,validation_design,cutoff,source_rows,train_rows,test_rows,n_splits,fold_rows,fold_assignment_sha256,source_row_index_sha256,population_key_sha256,shuffle_seed,kfold_shuffle,kfolds_predictor_included,source_areas,source_countries,coordinates_complete_passed,coordinates_unique_within_area_passed,coordinates_cross_table_equal_passed,coordinate_area_count,coordinate_area_count_passed,coordinate_table_sha256,knn5_diagnostic_rows,d200_diagnostic_rows,d200_zero_neighbor_count,knn5_contract_passed,d200_contract_passed,freeze_id,reference_environment_id,xgboost_random_state_override,contemporaneous_estimator_random_state,workers_requested,max_parallel_models,process_start_method,xgboost_n_jobs_override,xgboost_uses_default_threads,python_version,pandas_version,numpy_version,sklearn_version,xgboost_version,matplotlib_version,test_key_sha256,n_test,n_test_areas,n_test_countries,layer1_feature_count,layer2_feature_count,contemporaneous_feature_count,contemporaneous_feature_order_sha256,layer1_train_matrix_sha256,layer1_test_matrix_sha256,layer1_full_oof_matrix_sha256,layer2_train_matrix_sha256,layer2_test_matrix_sha256,layer2_full_oof_matrix_sha256,consumed_interpolation_event_count,layer1_interpolation_event_count,layer1_own_history_event_count,layer1_same_country_event_count,layer1_global_event_count,layer2_interpolation_event_count,layer2_own_history_event_count,layer2_same_country_event_count,layer2_global_event_count,temporal_violation_count,metric_reference_type,metric_reference_applied,cross_protocol_directly_comparable,contemporaneous_reference_reproduced,main_result_notebook_path,main_result_notebook_cell_index,main_result_phase3plus_precision,main_result_phase3plus_recall,main_result_overall_accuracy,main_result_phase3plus_r2,same_environment_baseline_phase3plus_precision,same_environment_baseline_phase3plus_recall,same_environment_baseline_overall_accuracy,same_environment_baseline_phase3plus_r2,same_environment_baseline_phase3plus_r2_raw,freeze_source_path,freeze_source_sha256,feature_manifest_sha256,forecasting_input_sha256,nowcasting_input_sha256,country_lookup_sha256,general_params_sha256,phase3_params_sha256,contemporaneous_params_sha256,contemporaneous_reference_predictions_sha256,contemporaneous_reference_audit_sha256,generator_sha256,predictions_csv_path,predictions_csv_sha256,metrics_csv_path,metrics_csv_sha256,feature_manifest_csv_path,feature_manifest_csv_sha256,weight_diagnostics_csv_path,weight_diagnostics_csv_sha256,interpolation_audit_csv_gz_path,interpolation_audit_csv_gz_sha256,interpolation_summary_csv_path,interpolation_summary_csv_sha256,figure_jpg_path,figure_jpg_sha256,figure_png_path,figure_png_sha256,figure_pdf_path,figure_pdf_sha256
baseline_with_lat_lon,Baseline with latitude/longitude,Forecasting,True,formal,fixed_2022_temporal_test,temporal_test_2022_1170,fixed_temporal_holdout,2022-01-01,5575,4405,1170,1,,,,,,,False,1198,29,True,True,True,1198,True,ac52f4bc9dcdee1b8cde754ddf217c1702b5d0abb27cdf269e03cb539e47d683,1198,1198,10,True,True,main-result-figure1-v1,windows_py3113_xgb203_defaultthreads_no_explicit_seed,,,1,1,serial,,True,3.11.3,2.2.3,1.26.4,1.5.2,2.0.3,3.10.1,288059e7dad989ecfa5e634c01b6ec39282a81e22f17aa28625bad76455fe6c2,1170,646,27,106,,,,808a28246884bc43e400a2ffc7c833b19540e0f820bc09405b171f7f6f91a3e2,f3e0f432a2e4302b8ea06a3f700c0b88428c5f2d473f363544e310cceb827a09,,,,,0,0,0,0,0,0,0,0,0,0,frozen_main_result_same_environment,True,False,,2.Source Code/Table1_Forecasting_main.ipynb,1,0.77507029053420806,0.9408418657565415,0.6495726495726496,0.24899857049868279,0.77507029053420806,0.9408418657565415,0.6495726495726496,0.24899857049868279,0.24806540191173954,C:\Users\swl00\IFPRI Dropbox\Weilun Shi\monitoring-food-crises\Monitoring-food-crisis-codespace\NCOMMS-25-105821-T-Replication-Package\NCOMMS-25-105821-T-Replication-Package\2.Source Code\main_result_figure1_v1.py,a33b9b2a8ef72569efe017049fdd831ada9411e44d3e59cf4d840a7a7fc01fe2,1db069835d553fcfd00fb56f431ec2c8839a98ddea40f1cc819839a4fd77f082,60f17f079ab569060a29fd8c7af0d3f6feaab558f7a29a104c9a0e702172dc0e,d541f7c0c21c1878fcf8a74c99c953ddda200d0dfeda7365e7ff5934af8f550f,01b58c577b53cbadd1258766244c071d8ef44759da92015566c5507d894f85a7,3742300661466f22eba8198e5d4f9c2a277615ba59562fbf27f251ecc932dd76,cdc0e55aa15bdda932465088568b9ee717d226208ffb32076f438fb274e6317b,583ba961a5e7478f61ca5163889247991a1b878c27eb6bfc7938f47c609ad3d7,4eb561baedaf22a51d534177b768afb82865f44f7b781cc334a481d40759cde3,1502cbf77e99d32ef9946d3df2a9655f9596dee600743b9139faea2a93ef75d3,5e6c27c785de95454400a8fc7ab17cffdcbdc7b880c8bb4cbedbc79a6f6a0583,spatial_feature_comparison_predictions.csv,6bc28fe3f2bd438c3a95a07ea5ac73d053c050f35daa3902f6fe411cfcd9fbc3,spatial_feature_comparison_metrics.csv,8d307c4e1bf479b4e7fec193ada011366362221a13a9b7f0ab4cc950b8b167d6,spatial_feature_comparison_feature_manifest.csv,8fda463a21cdd6a90ee502df0a986a722c3a08b38ba5bf57264d51067a91a37c,spatial_feature_comparison_weight_diagnostics.csv,9cd1e5bb31cd394e5e878342a58589d92fd2fc846d1682d00cb399b6696bcf09,spatial_feature_interpolation_audit.csv.gz,c6769b453538c19be0745e66772ad7c794960eb2c77e96e914d35a422f8e39b4,spatial_feature_interpolation_summary.csv,7222f13f2d00ae2b43d5f7edb0fdd976d46cdf6882db2913d2d7295ed41774cb,precision_recall_accuracy_p3r2_spatial_feature_comparison.jpg,89041e591bb5385ea7973406ce40d29514cce991cf330bc40cf5c63a01311996,precision_recall_accuracy_p3r2_spatial_feature_comparison.png,d29d9fa1e5b13a5b0e92dd33b11511b105c677956f4df22d3353b6aed686528a,precision_recall_accuracy_p3r2_spatial_feature_comparison.pdf,1dc8116b0dacc584437e9cd1cb6b8da456322e1031e419fca7b860b463e6ebbe
baseline_with_lat_lon,Baseline with latitude/longitude,Nowcasting,True,formal,fixed_2022_temporal_test,temporal_test_2022_1170,fixed_temporal_holdout,2022-01-01,5575,4405,1170,1,,,,,,,False,1198,29,True,True,True,1198,True,ac52f4bc9dcdee1b8cde754ddf217c1702b5d0abb27cdf269e03cb539e47d683,1198,1198,10,True,True,main-result-figure1-v1,windows_py3113_xgb203_defaultthreads_no_explicit_seed,,,1,1,serial,,True,3.11.3,2.2.3,1.26.4,1.5.2,2.0.3,3.10.1,288059e7dad989ecfa5e634c01b6ec39282a81e22f17aa28625bad76455fe6c2,1170,646,27,106,69,,,808a28246884bc43e400a2ffc7c833b19540e0f820bc09405b171f7f6f91a3e2,f3e0f432a2e4302b8ea06a3f700c0b88428c5f2d473f363544e310cceb827a09,,dfcb6eff5c6f96279b410d5e208fcd1bb3b3d7213e60cee1d2e90635a359e33c,3868abc56d21a1ce5c30156eb992b1d00554f7437d0497399f00ba849dd43a63,,0,0,0,0,0,0,0,0,0,0,frozen_main_result_same_environment,True,False,,2.Source Code/Figure2_Nowcasting_two_layer_feature_importance.ipynb,1,0.77746478873239433,0.94197952218430037,0.65384615384615385,0.252784701177865,0.77746478873239433,0.94197952218430037,0.65384615384615385,0.252784701177865,0.2543868927430617,C:\Users\swl00\IFPRI Dropbox\Weilun Shi\monitoring-food-crises\Monitoring-food-crisis-codespace\NCOMMS-25-105821-T-Replication-Package\NCOMMS-25-105821-T-Replication-Package\2.Source Code\main_result_figure1_v1.py,a33b9b2a8ef72569efe017049fdd831ada9411e44d3e59cf4d840a7a7fc01fe2,1db069835d553fcfd00fb56f431ec2c8839a98ddea40f1cc819839a4fd77f082,60f17f079ab569060a29fd8c7af0d3f6feaab558f7a29a104c9a0e702172dc0e,d541f7c0c21c1878fcf8a74c99c953ddda200d0dfeda7365e7ff5934af8f550f,01b58c577b53cbadd1258766244c071d8ef44759da92015566c5507d894f85a7,3742300661466f22eba8198e5d4f9c2a277615ba59562fbf27f251ecc932dd76,cdc0e55aa15bdda932465088568b9ee717d226208ffb32076f438fb274e6317b,583ba961a5e7478f61ca5163889247991a1b878c27eb6bfc7938f47c609ad3d7,4eb561baedaf22a51d534177b768afb82865f44f7b781cc334a481d40759cde3,1502cbf77e99d32ef9946d3df2a9655f9596dee600743b9139faea2a93ef75d3,5e6c27c785de95454400a8fc7ab17cffdcbdc7b880c8bb4cbedbc79a6f6a0583,spatial_feature_comparison_predictions.csv,6bc28fe3f2bd438c3a95a07ea5ac73d053c050f35daa3902f6fe411cfcd9fbc3,spatial_feature_comparison_metrics.csv,8d307c4e1bf479b4e7fec193ada011366362221a13a9b7f0ab4cc950b8b167d6,spatial_feature_comparison_feature_manifest.csv,8fda463a21cdd6a90ee502df0a986a722c3a08b38ba5bf57264d51067a91a37c,spatial_feature_comparison_weight_diagnostics.csv,9cd1e5bb31cd394e5e878342a58589d92fd2fc846d1682d00cb399b6696bcf09,spatial_feature_interpolation_audit.csv.gz,c6769b453538c19be0745e66772ad7c794960eb2c77e96e914d35a422f8e39b4,spatial_feature_interpolation_summary.csv,7222f13f2d00ae2b43d5f7edb0fdd976d46cdf6882db2913d2d7295ed41774cb,precision_recall_accuracy_p3r2_spatial_feature_comparison.jpg,89041e591bb5385ea7973406ce40d29514cce991cf330bc40cf5c63a01311996,precision_recall_accuracy_p3r2_spatial_feature_comparison.png,d29d9fa1e5b13a5b0e92dd33b11511b105c677956f4df22d3353b6aed686528a,precision_recall_accuracy_p3r2_spatial_feature_comparison.pdf,1dc8116b0dacc584437e9cd1cb6b8da456322e1031e419fca7b860b463e6ebbe
baseline_with_lat_lon,Baseline with latitude/longitude,Contemporaneous,True,formal,random_5fold_row_cv,random_5fold_full_oof_5575,random_row_cv,,5575,4460,5575,5,1115|1115|1115|1115|1115,bc2b0a13def3c2979b562236cedbeff0cc030bf67d4b5de9160f8b916937b099,2fb4fda348302e0acf6f04860b6e1faaf3af8653d33c4a524a7d03e3721ddfa2,f540e216e9ee286c7502b3aa465fe222a66a1a87eec014158d0db9ace13f6651,0,False,True,1198,29,True,True,True,1198,True,ac52f4bc9dcdee1b8cde754ddf217c1702b5d0abb27cdf269e03cb539e47d683,1198,1198,10,True,True,main-result-figure1-v1,windows_py3113_xgb203_defaultthreads_no_explicit_seed,,0,1,1,serial,,True,3.11.3,2.2.3,1.26.4,1.5.2,2.0.3,3.10.1,f540e216e9ee286c7502b3aa465fe222a66a1a87eec014158d0db9ace13f6651,5575,1198,29,106,69,174,cc0e523aed46327df56e39043f012e242131c92a2570348edd6d414fd1c1ca56,,,bfb29e9bbdb41b603d9da79030e21b6537ea1cd59861a1f6da97de36b169ba6d,,,edf8550cdb10f5e07cf32042714815e3b084dfee966a7cc173913a7b11266a7d,0,0,0,0,0,0,0,0,0,0,canonical_contemporaneous_random_cv_baseline,True,False,True,,,,,,,0.79725885699508658,0.90437078322088593,0.69345291479820625,0.64161899861528793,0.64221096145821099,C:\Users\swl00\IFPRI Dropbox\Weilun Shi\monitoring-food-crises\Monitoring-food-crisis-codespace\NCOMMS-25-105821-T-Replication-Package\NCOMMS-25-105821-T-Replication-Package\2.Source Code\main_result_figure1_v1.py,a33b9b2a8ef72569efe017049fdd831ada9411e44d3e59cf4d840a7a7fc01fe2,1db069835d553fcfd00fb56f431ec2c8839a98ddea40f1cc819839a4fd77f082,60f17f079ab569060a29fd8c7af0d3f6feaab558f7a29a104c9a0e702172dc0e,d541f7c0c21c1878fcf8a74c99c953ddda200d0dfeda7365e7ff5934af8f550f,01b58c577b53cbadd1258766244c071d8ef44759da92015566c5507d894f85a7,3742300661466f22eba8198e5d4f9c2a277615ba59562fbf27f251ecc932dd76,cdc0e55aa15bdda932465088568b9ee717d226208ffb32076f438fb274e6317b,583ba961a5e7478f61ca5163889247991a1b878c27eb6bfc7938f47c609ad3d7,4eb561baedaf22a51d534177b768afb82865f44f7b781cc334a481d40759cde3,1502cbf77e99d32ef9946d3df2a9655f9596dee600743b9139faea2a93ef75d3,5e6c27c785de95454400a8fc7ab17cffdcbdc7b880c8bb4cbedbc79a6f6a0583,spatial_feature_comparison_predictions.csv,6bc28fe3f2bd438c3a95a07ea5ac73d053c050f35daa3902f6fe411cfcd9fbc3,spatial_feature_comparison_metrics.csv,8d307c4e1bf479b4e7fec193ada011366362221a13a9b7f0ab4cc950b8b167d6,spatial_feature_comparison_feature_manifest.csv,8fda463a21cdd6a90ee502df0a986a722c3a08b38ba5bf57264d51067a91a37c,spatial_feature_comparison_weight_diagnostics.csv,9cd1e5bb31cd394e5e878342a58589d92fd2fc846d1682d00cb399b6696bcf09,spatial_feature_interpolation_audit.csv.gz,c6769b453538c19be0745e66772ad7c794960eb2c77e96e914d35a422f8e39b4,spatial_feature_interpolation_summary.csv,7222f13f2d00ae2b43d5f7edb0fdd976d46cdf6882db2913d2d7295ed41774cb,precision_recall_accuracy_p3r2_spatial_feature_comparison.jpg,89041e591bb5385ea7973406ce40d29514cce991cf330bc40cf5c63a01311996,precision_recall_accuracy_p3r2_spatial_feature_comparison.png,d29d9fa1e5b13a5b0e92dd33b11511b105c677956f4df22d3353b6aed686528a,precision_recall_accuracy_p3r2_spatial_feature_comparison.pdf,1dc8116b0dacc584437e9cd1cb6b8da456322e1031e419fca7b860b463e6ebbe
no_lat_lon,No latitude/longitude,Forecasting,True,formal,fixed_2022_temporal_test,temporal_test_2022_1170,fixed_temporal_holdout,2022-01-01,5575,4405,1170,1,,,,,,,False,1198,29,True,True,True,1198,True,ac52f4bc9dcdee1b8cde754ddf217c1702b5d0abb27cdf269e03cb539e47d683,1198,1198,10,True,True,main-result-figure1-v1,windows_py3113_xgb203_defaultthreads_no_explicit_seed,,,1,1,serial,,True,3.11.3,2.2.3,1.26.4,1.5.2,2.0.3,3.10.1,288059e7dad989ecfa5e634c01b6ec39282a81e22f17aa28625bad76455fe6c2,1170,646,27,104,,,,6552cd761a4b0d39007a8412ad872e616e9f985140dfca8ddfd4f043866a4da3,d97d2a7203d4515ef0c37e337cf465fcc6ecf5bd327c271bae7652e7287776ad,,,,,0,0,0,0,0,0,0,0,0,0,frozen_main_result_same_environment,True,False,,2.Source Code/Table1_Forecasting_main.ipynb,1,0.77507029053420806,0.9408418657565415,0.6495726495726496,0.24899857049868279,0.77507029053420806,0.9408418657565415,0.6495726495726496,0.24899857049868279,0.24806540191173954,C:\Users\swl00\IFPRI Dropbox\Weilun Shi\monitoring-food-crises\Monitoring-food-crisis-codespace\NCOMMS-25-105821-T-Replication-Package\NCOMMS-25-105821-T-Replication-Package\2.Source Code\main_result_figure1_v1.py,a33b9b2a8ef72569efe017049fdd831ada9411e44d3e59cf4d840a7a7fc01fe2,1db069835d553fcfd00fb56f431ec2c8839a98ddea40f1cc819839a4fd77f082,60f17f079ab569060a29fd8c7af0d3f6feaab558f7a29a104c9a0e702172dc0e,d541f7c0c21c1878fcf8a74c99c953ddda200d0dfeda7365e7ff5934af8f550f,01b58c577b53cbadd1258766244c071d8ef44759da92015566c5507d894f85a7,3742300661466f22eba8198e5d4f9c2a277615ba59562fbf27f251ecc932dd76,cdc0e55aa15bdda932465088568b9ee717d226208ffb32076f438fb274e6317b,583ba961a5e7478f61ca5163889247991a1b878c27eb6bfc7938f47c609ad3d7,4eb561baedaf22a51d534177b768afb82865f44f7b781cc334a481d40759cde3,1502cbf77e99d32ef9946d3df2a9655f9596dee600743b9139faea2a93ef75d3,5e6c27c785de95454400a8fc7ab17cffdcbdc7b880c8bb4cbedbc79a6f6a0583,spatial_feature_comparison_predictions.csv,6bc28fe3f2bd438c3a95a07ea5ac73d053c050f35daa3902f6fe411cfcd9fbc3,spatial_feature_comparison_metrics.csv,8d307c4e1bf479b4e7fec193ada011366362221a13a9b7f0ab4cc950b8b167d6,spatial_feature_comparison_feature_manifest.csv,8fda463a21cdd6a90ee502df0a986a722c3a08b38ba5bf57264d51067a91a37c,spatial_feature_comparison_weight_diagnostics.csv,9cd1e5bb31cd394e5e878342a58589d92fd2fc846d1682d00cb399b6696bcf09,spatial_feature_interpolation_audit.csv.gz,c6769b453538c19be0745e66772ad7c794960eb2c77e96e914d35a422f8e39b4,spatial_feature_interpolation_summary.csv,7222f13f2d00ae2b43d5f7edb0fdd976d46cdf6882db2913d2d7295ed41774cb,precision_recall_accuracy_p3r2_spatial_feature_comparison.jpg,89041e591bb5385ea7973406ce40d29514cce991cf330bc40cf5c63a01311996,precision_recall_accuracy_p3r2_spatial_feature_comparison.png,d29d9fa1e5b13a5b0e92dd33b11511b105c677956f4df22d3353b6aed686528a,precision_recall_accuracy_p3r2_spatial_feature_comparison.pdf,1dc8116b0dacc584437e9cd1cb6b8da456322e1031e419fca7b860b463e6ebbe
no_lat_lon,No latitude/longitude,Nowcasting,True,formal,fixed_2022_temporal_test,temporal_test_2022_1170,fixed_temporal_holdout,2022-01-01,5575,4405,1170,1,,,,,,,False,1198,29,True,True,True,1198,True,ac52f4bc9dcdee1b8cde754ddf217c1702b5d0abb27cdf269e03cb539e47d683,1198,1198,10,True,True,main-result-figure1-v1,windows_py3113_xgb203_defaultthreads_no_explicit_seed,,,1,1,serial,,True,3.11.3,2.2.3,1.26.4,1.5.2,2.0.3,3.10.1,288059e7dad989ecfa5e634c01b6ec39282a81e22f17aa28625bad76455fe6c2,1170,646,27,104,69,,,6552cd761a4b0d39007a8412ad872e616e9f985140dfca8ddfd4f043866a4da3,d97d2a7203d4515ef0c37e337cf465fcc6ecf5bd327c271bae7652e7287776ad,,dfcb6eff5c6f96279b410d5e208fcd1bb3b3d7213e60cee1d2e90635a359e33c,3868abc56d21a1ce5c30156eb992b1d00554f7437d0497399f00ba849dd43a63,,0,0,0,0,0,0,0,0,0,0,frozen_main_result_same_environment,True,False,,2.Source Code/Figure2_Nowcasting_two_layer_feature_importance.ipynb,1,0.77746478873239433,0.94197952218430037,0.65384615384615385,0.252784701177865,0.77746478873239433,0.94197952218430037,0.65384615384615385,0.252784701177865,0.2543868927430617,C:\Users\swl00\IFPRI Dropbox\Weilun Shi\monitoring-food-crises\Monitoring-food-crisis-codespace\NCOMMS-25-105821-T-Replication-Package\NCOMMS-25-105821-T-Replication-Package\2.Source Code\main_result_figure1_v1.py,a33b9b2a8ef72569efe017049fdd831ada9411e44d3e59cf4d840a7a7fc01fe2,1db069835d553fcfd00fb56f431ec2c8839a98ddea40f1cc819839a4fd77f082,60f17f079ab569060a29fd8c7af0d3f6feaab558f7a29a104c9a0e702172dc0e,d541f7c0c21c1878fcf8a74c99c953ddda200d0dfeda7365e7ff5934af8f550f,01b58c577b53cbadd1258766244c071d8ef44759da92015566c5507d894f85a7,3742300661466f22eba8198e5d4f9c2a277615ba59562fbf27f251ecc932dd76,cdc0e55aa15bdda932465088568b9ee717d226208ffb32076f438fb274e6317b,583ba961a5e7478f61ca5163889247991a1b878c27eb6bfc7938f47c609ad3d7,4eb561baedaf22a51d534177b768afb82865f44f7b781cc334a481d40759cde3,1502cbf77e99d32ef9946d3df2a9655f9596dee600743b9139faea2a93ef75d3,5e6c27c785de95454400a8fc7ab17cffdcbdc7b880c8bb4cbedbc79a6f6a0583,spatial_feature_comparison_predictions.csv,6bc28fe3f2bd438c3a95a07ea5ac73d053c050f35daa3902f6fe411cfcd9fbc3,spatial_feature_comparison_metrics.csv,8d307c4e1bf479b4e7fec193ada011366362221a13a9b7f0ab4cc950b8b167d6,spatial_feature_comparison_feature_manifest.csv,8fda463a21cdd6a90ee502df0a986a722c3a08b38ba5bf57264d51067a91a37c,spatial_feature_comparison_weight_diagnostics.csv,9cd1e5bb31cd394e5e878342a58589d92fd2fc846d1682d00cb399b6696bcf09,spatial_feature_interpolation_audit.csv.gz,c6769b453538c19be0745e66772ad7c794960eb2c77e96e914d35a422f8e39b4,spatial_feature_interpolation_summary.csv,7222f13f2d00ae2b43d5f7edb0fdd976d46cdf6882db2913d2d7295ed41774cb,precision_recall_accuracy_p3r2_spatial_feature_comparison.jpg,89041e591bb5385ea7973406ce40d29514cce991cf330bc40cf5c63a01311996,precision_recall_accuracy_p3r2_spatial_feature_comparison.png,d29d9fa1e5b13a5b0e92dd33b11511b105c677956f4df22d3353b6aed686528a,precision_recall_accuracy_p3r2_spatial_feature_comparison.pdf,1dc8116b0dacc584437e9cd1cb6b8da456322e1031e419fca7b860b463e6ebbe
no_lat_lon,No latitude/longitude,Contemporaneous,True,formal,random_5fold_row_cv,random_5fold_full_oof_5575,random_row_cv,,5575,4460,5575,5,1115|1115|1115|1115|1115,bc2b0a13def3c2979b562236cedbeff0cc030bf67d4b5de9160f8b916937b099,2fb4fda348302e0acf6f04860b6e1faaf3af8653d33c4a524a7d03e3721ddfa2,f540e216e9ee286c7502b3aa465fe222a66a1a87eec014158d0db9ace13f6651,0,False,True,1198,29,True,True,True,1198,True,ac52f4bc9dcdee1b8cde754ddf217c1702b5d0abb27cdf269e03cb539e47d683,1198,1198,10,True,True,main-result-figure1-v1,windows_py3113_xgb203_defaultthreads_no_explicit_seed,,0,1,1,serial,,True,3.11.3,2.2.3,1.26.4,1.5.2,2.0.3,3.10.1,f540e216e9ee286c7502b3aa465fe222a66a1a87eec014158d0db9ace13f6651,5575,1198,29,104,69,172,3d31618a25d701619700ee09672180fe470a985d55d887ed51d523ad42e3a463,,,95824895ec13e03126e93788f1caebc8bff88280c118b3672382b5d8425c4b5d,,,edf8550cdb10f5e07cf32042714815e3b084dfee966a7cc173913a7b11266a7d,0,0,0,0,0,0,0,0,0,0,canonical_contemporaneous_random_cv_baseline,True,False,True,,,,,,,0.79725885699508658,0.90437078322088593,0.69345291479820625,0.64161899861528793,0.64221096145821099,C:\Users\swl00\IFPRI Dropbox\Weilun Shi\monitoring-food-crises\Monitoring-food-crisis-codespace\NCOMMS-25-105821-T-Replication-Package\NCOMMS-25-105821-T-Replication-Package\2.Source Code\main_result_figure1_v1.py,a33b9b2a8ef72569efe017049fdd831ada9411e44d3e59cf4d840a7a7fc01fe2,1db069835d553fcfd00fb56f431ec2c8839a98ddea40f1cc819839a4fd77f082,60f17f079ab569060a29fd8c7af0d3f6feaab558f7a29a104c9a0e702172dc0e,d541f7c0c21c1878fcf8a74c99c953ddda200d0dfeda7365e7ff5934af8f550f,01b58c577b53cbadd1258766244c071d8ef44759da92015566c5507d894f85a7,3742300661466f22eba8198e5d4f9c2a277615ba59562fbf27f251ecc932dd76,cdc0e55aa15bdda932465088568b9ee717d226208ffb32076f438fb274e6317b,583ba961a5e7478f61ca5163889247991a1b878c27eb6bfc7938f47c609ad3d7,4eb561baedaf22a51d534177b768afb82865f44f7b781cc334a481d40759cde3,1502cbf77e99d32ef9946d3df2a9655f9596dee600743b9139faea2a93ef75d3,5e6c27c785de95454400a8fc7ab17cffdcbdc7b880c8bb4cbedbc79a6f6a0583,spatial_feature_comparison_predictions.csv,6bc28fe3f2bd438c3a95a07ea5ac73d053c050f35daa3902f6fe411cfcd9fbc3,spatial_feature_comparison_metrics.csv,8d307c4e1bf479b4e7fec193ada011366362221a13a9b7f0ab4cc950b8b167d6,spatial_feature_comparison_feature_manifest.csv,8fda463a21cdd6a90ee502df0a986a722c3a08b38ba5bf57264d51067a91a37c,spatial_feature_comparison_weight_diagnostics.csv,9cd1e5bb31cd394e5e878342a58589d92fd2fc846d1682d00cb399b6696bcf09,spatial_feature_interpolation_audit.csv.gz,c6769b453538c19be0745e66772ad7c794960eb2c77e96e914d35a422f8e39b4,spatial_feature_interpolation_summary.csv,7222f13f2d00ae2b43d5f7edb0fdd976d46cdf6882db2913d2d7295ed41774cb,precision_recall_accuracy_p3r2_spatial_feature_comparison.jpg,89041e591bb5385ea7973406ce40d29514cce991cf330bc40cf5c63a01311996,precision_recall_accuracy_p3r2_spatial_feature_comparison.png,d29d9fa1e5b13a5b0e92dd33b11511b105c677956f4df22d3353b6aed686528a,precision_recall_accuracy_p3r2_spatial_feature_comparison.pdf,1dc8116b0dacc584437e9cd1cb6b8da456322e1031e419fca7b860b463e6ebbe
knn5_spatial_means,KNN-5 spatial means,Forecasting,True,formal,fixed_2022_temporal_test,temporal_test_2022_1170,fixed_temporal_holdout,2022-01-01,5575,4405,1170,1,,,,,,,False,1198,29,True,True,True,1198,True,ac52f4bc9dcdee1b8cde754ddf217c1702b5d0abb27cdf269e03cb539e47d683,1198,1198,10,True,True,main-result-figure1-v1,windows_py3113_xgb203_defaultthreads_no_explicit_seed,,,1,1,serial,,True,3.11.3,2.2.3,1.26.4,1.5.2,2.0.3,3.10.1,288059e7dad989ecfa5e634c01b6ec39282a81e22f17aa28625bad76455fe6c2,1170,646,27,208,,,,a09cb7b1d7a91ccd1cdd575e5da6d93da831c06ae1329aa894e8709c540a102c,7a932a7b66645513b342eebd0cf4cf2632193e66b44ff0e57ab6ea69007c75be,,,,,1087904,1087904,656431,250331,181142,0,0,0,0,0,frozen_main_result_same_environment,True,False,,2.Source Code/Table1_Forecasting_main.ipynb,1,0.77507029053420806,0.9408418657565415,0.6495726495726496,0.24899857049868279,0.77507029053420806,0.9408418657565415,0.6495726495726496,0.24899857049868279,0.24806540191173954,C:\Users\swl00\IFPRI Dropbox\Weilun Shi\monitoring-food-crises\Monitoring-food-crisis-codespace\NCOMMS-25-105821-T-Replication-Package\NCOMMS-25-105821-T-Replication-Package\2.Source Code\main_result_figure1_v1.py,a33b9b2a8ef72569efe017049fdd831ada9411e44d3e59cf4d840a7a7fc01fe2,1db069835d553fcfd00fb56f431ec2c8839a98ddea40f1cc819839a4fd77f082,60f17f079ab569060a29fd8c7af0d3f6feaab558f7a29a104c9a0e702172dc0e,d541f7c0c21c1878fcf8a74c99c953ddda200d0dfeda7365e7ff5934af8f550f,01b58c577b53cbadd1258766244c071d8ef44759da92015566c5507d894f85a7,3742300661466f22eba8198e5d4f9c2a277615ba59562fbf27f251ecc932dd76,cdc0e55aa15bdda932465088568b9ee717d226208ffb32076f438fb274e6317b,583ba961a5e7478f61ca5163889247991a1b878c27eb6bfc7938f47c609ad3d7,4eb561baedaf22a51d534177b768afb82865f44f7b781cc334a481d40759cde3,1502cbf77e99d32ef9946d3df2a9655f9596dee600743b9139faea2a93ef75d3,5e6c27c785de95454400a8fc7ab17cffdcbdc7b880c8bb4cbedbc79a6f6a0583,spatial_feature_comparison_predictions.csv,6bc28fe3f2bd438c3a95a07ea5ac73d053c050f35daa3902f6fe411cfcd9fbc3,spatial_feature_comparison_metrics.csv,8d307c4e1bf479b4e7fec193ada011366362221a13a9b7f0ab4cc950b8b167d6,spatial_feature_comparison_feature_manifest.csv,8fda463a21cdd6a90ee502df0a986a722c3a08b38ba5bf57264d51067a91a37c,spatial_feature_comparison_weight_diagnostics.csv,9cd1e5bb31cd394e5e878342a58589d92fd2fc846d1682d00cb399b6696bcf09,spatial_feature_interpolation_audit.csv.gz,c6769b453538c19be0745e66772ad7c794960eb2c77e96e914d35a422f8e39b4,spatial_feature_interpolation_summary.csv,7222f13f2d00ae2b43d5f7edb0fdd976d46cdf6882db2913d2d7295ed41774cb,precision_recall_accuracy_p3r2_spatial_feature_comparison.jpg,89041e591bb5385ea7973406ce40d29514cce991cf330bc40cf5c63a01311996,precision_recall_accuracy_p3r2_spatial_feature_comparison.png,d29d9fa1e5b13a5b0e92dd33b11511b105c677956f4df22d3353b6aed686528a,precision_recall_accuracy_p3r2_spatial_feature_comparison.pdf,1dc8116b0dacc584437e9cd1cb6b8da456322e1031e419fca7b860b463e6ebbe
knn5_spatial_means,KNN-5 spatial means,Nowcasting,True,formal,fixed_2022_temporal_test,temporal_test_2022_1170,fixed_temporal_holdout,2022-01-01,5575,4405,1170,1,,,,,,,False,1198,29,True,True,True,1198,True,ac52f4bc9dcdee1b8cde754ddf217c1702b5d0abb27cdf269e03cb539e47d683,1198,1198,10,True,True,main-result-figure1-v1,windows_py3113_xgb203_defaultthreads_no_explicit_seed,,,1,1,serial,,True,3.11.3,2.2.3,1.26.4,1.5.2,2.0.3,3.10.1,288059e7dad989ecfa5e634c01b6ec39282a81e22f17aa28625bad76455fe6c2,1170,646,27,208,138,,,a09cb7b1d7a91ccd1cdd575e5da6d93da831c06ae1329aa894e8709c540a102c,7a932a7b66645513b342eebd0cf4cf2632193e66b44ff0e57ab6ea69007c75be,,31481fd3818ee028190ccbe8097115b7d4719988509f0cbac268d4044d4d2ba8,ed627033b3f06210f091c8aea9703b1bd22426a8e2beabbb4f2a4ca56e1378a5,,1879278,1087904,656431,250331,181142,791374,458126,197319,135929,0,frozen_main_result_same_environment,True,False,,2.Source Code/Figure2_Nowcasting_two_layer_feature_importance.ipynb,1,0.77746478873239433,0.94197952218430037,0.65384615384615385,0.252784701177865,0.77746478873239433,0.94197952218430037,0.65384615384615385,0.252784701177865,0.2543868927430617,C:\Users\swl00\IFPRI Dropbox\Weilun Shi\monitoring-food-crises\Monitoring-food-crisis-codespace\NCOMMS-25-105821-T-Replication-Package\NCOMMS-25-105821-T-Replication-Package\2.Source Code\main_result_figure1_v1.py,a33b9b2a8ef72569efe017049fdd831ada9411e44d3e59cf4d840a7a7fc01fe2,1db069835d553fcfd00fb56f431ec2c8839a98ddea40f1cc819839a4fd77f082,60f17f079ab569060a29fd8c7af0d3f6feaab558f7a29a104c9a0e702172dc0e,d541f7c0c21c1878fcf8a74c99c953ddda200d0dfeda7365e7ff5934af8f550f,01b58c577b53cbadd1258766244c071d8ef44759da92015566c5507d894f85a7,3742300661466f22eba8198e5d4f9c2a277615ba59562fbf27f251ecc932dd76,cdc0e55aa15bdda932465088568b9ee717d226208ffb32076f438fb274e6317b,583ba961a5e7478f61ca5163889247991a1b878c27eb6bfc7938f47c609ad3d7,4eb561baedaf22a51d534177b768afb82865f44f7b781cc334a481d40759cde3,1502cbf77e99d32ef9946d3df2a9655f9596dee600743b9139faea2a93ef75d3,5e6c27c785de95454400a8fc7ab17cffdcbdc7b880c8bb4cbedbc79a6f6a0583,spatial_feature_comparison_predictions.csv,6bc28fe3f2bd438c3a95a07ea5ac73d053c050f35daa3902f6fe411cfcd9fbc3,spatial_feature_comparison_metrics.csv,8d307c4e1bf479b4e7fec193ada011366362221a13a9b7f0ab4cc950b8b167d6,spatial_feature_comparison_feature_manifest.csv,8fda463a21cdd6a90ee502df0a986a722c3a08b38ba5bf57264d51067a91a37c,spatial_feature_comparison_weight_diagnostics.csv,9cd1e5bb31cd394e5e878342a58589d92fd2fc846d1682d00cb399b6696bcf09,spatial_feature_interpolation_audit.csv.gz,c6769b453538c19be0745e66772ad7c794960eb2c77e96e914d35a422f8e39b4,spatial_feature_interpolation_summary.csv,7222f13f2d00ae2b43d5f7edb0fdd976d46cdf6882db2913d2d7295ed41774cb,precision_recall_accuracy_p3r2_spatial_feature_comparison.jpg,89041e591bb5385ea7973406ce40d29514cce991cf330bc40cf5c63a01311996,precision_recall_accuracy_p3r2_spatial_feature_comparison.png,d29d9fa1e5b13a5b0e92dd33b11511b105c677956f4df22d3353b6aed686528a,precision_recall_accuracy_p3r2_spatial_feature_comparison.pdf,1dc8116b0dacc584437e9cd1cb6b8da456322e1031e419fca7b860b463e6ebbe
knn5_spatial_means,KNN-5 spatial means,Contemporaneous,True,formal,random_5fold_row_cv,random_5fold_full_oof_5575,random_row_cv,,5575,4460,5575,5,1115|1115|1115|1115|1115,bc2b0a13def3c2979b562236cedbeff0cc030bf67d4b5de9160f8b916937b099,2fb4fda348302e0acf6f04860b6e1faaf3af8653d33c4a524a7d03e3721ddfa2,f540e216e9ee286c7502b3aa465fe222a66a1a87eec014158d0db9ace13f6651,0,False,True,1198,29,True,True,True,1198,True,ac52f4bc9dcdee1b8cde754ddf217c1702b5d0abb27cdf269e03cb539e47d683,1198,1198,10,True,True,main-result-figure1-v1,windows_py3113_xgb203_defaultthreads_no_explicit_seed,,0,1,1,serial,,True,3.11.3,2.2.3,1.26.4,1.5.2,2.0.3,3.10.1,f540e216e9ee286c7502b3aa465fe222a66a1a87eec014158d0db9ace13f6651,5575,1198,29,208,138,343,c3201b15d16c0fd74d968e25c307369107adbdf57af6e0fdb09516d7165deecd,,,0e24b12ae168446f67a526ddac2fede21a4d965317321803d6c5689da52947bd,,,55d7d30e756484f21944ec48b3e31d52a5bd429dd6969f6ca1b7b1307f9c99d6,1879278,1087904,656431,250331,181142,791374,458126,197319,135929,0,canonical_contemporaneous_random_cv_baseline,True,False,True,,,,,,,0.79725885699508658,0.90437078322088593,0.69345291479820625,0.64161899861528793,0.64221096145821099,C:\Users\swl00\IFPRI Dropbox\Weilun Shi\monitoring-food-crises\Monitoring-food-crisis-codespace\NCOMMS-25-105821-T-Replication-Package\NCOMMS-25-105821-T-Replication-Package\2.Source Code\main_result_figure1_v1.py,a33b9b2a8ef72569efe017049fdd831ada9411e44d3e59cf4d840a7a7fc01fe2,1db069835d553fcfd00fb56f431ec2c8839a98ddea40f1cc819839a4fd77f082,60f17f079ab569060a29fd8c7af0d3f6feaab558f7a29a104c9a0e702172dc0e,d541f7c0c21c1878fcf8a74c99c953ddda200d0dfeda7365e7ff5934af8f550f,01b58c577b53cbadd1258766244c071d8ef44759da92015566c5507d894f85a7,3742300661466f22eba8198e5d4f9c2a277615ba59562fbf27f251ecc932dd76,cdc0e55aa15bdda932465088568b9ee717d226208ffb32076f438fb274e6317b,583ba961a5e7478f61ca5163889247991a1b878c27eb6bfc7938f47c609ad3d7,4eb561baedaf22a51d534177b768afb82865f44f7b781cc334a481d40759cde3,1502cbf77e99d32ef9946d3df2a9655f9596dee600743b9139faea2a93ef75d3,5e6c27c785de95454400a8fc7ab17cffdcbdc7b880c8bb4cbedbc79a6f6a0583,spatial_feature_comparison_predictions.csv,6bc28fe3f2bd438c3a95a07ea5ac73d053c050f35daa3902f6fe411cfcd9fbc3,spatial_feature_comparison_metrics.csv,8d307c4e1bf479b4e7fec193ada011366362221a13a9b7f0ab4cc950b8b167d6,spatial_feature_comparison_feature_manifest.csv,8fda463a21cdd6a90ee502df0a986a722c3a08b38ba5bf57264d51067a91a37c,spatial_feature_comparison_weight_diagnostics.csv,9cd1e5bb31cd394e5e878342a58589d92fd2fc846d1682d00cb399b6696bcf09,spatial_feature_interpolation_audit.csv.gz,c6769b453538c19be0745e66772ad7c794960eb2c77e96e914d35a422f8e39b4,spatial_feature_interpolation_summary.csv,7222f13f2d00ae2b43d5f7edb0fdd976d46cdf6882db2913d2d7295ed41774cb,precision_recall_accuracy_p3r2_spatial_feature_comparison.jpg,89041e591bb5385ea7973406ce40d29514cce991cf330bc40cf5c63a01311996,precision_recall_accuracy_p3r2_spatial_feature_comparison.png,d29d9fa1e5b13a5b0e92dd33b11511b105c677956f4df22d3353b6aed686528a,precision_recall_accuracy_p3r2_spatial_feature_comparison.pdf,1dc8116b0dacc584437e9cd1cb6b8da456322e1031e419fca7b860b463e6ebbe
d200_spatial_means,200 km spatial means,Forecasting,True,formal,fixed_2022_temporal_test,temporal_test_2022_1170,fixed_temporal_holdout,2022-01-01,5575,4405,1170,1,,,,,,,False,1198,29,True,True,True,1198,True,ac52f4bc9dcdee1b8cde754ddf217c1702b5d0abb27cdf269e03cb539e47d683,1198,1198,10,True,True,main-result-figure1-v1,windows_py3113_xgb203_defaultthreads_no_explicit_seed,,,1,1,serial,,True,3.11.3,2.2.3,1.26.4,1.5.2,2.0.3,3.10.1,288059e7dad989ecfa5e634c01b6ec39282a81e22f17aa28625bad76455fe6c2,1170,646,27,208,,,,49796ba37671df2bc6981465383212c48fe055d5752122fb94e84b807cab823e,ab5e44e69003cde5989e290a6f7a493f5b101ed53654e633b569d3ebffb79b45,,,,,7786671,7786671,4997500,1734869,1054302,0,0,0,0,0,frozen_main_result_same_environment,True,False,,2.Source Code/Table1_Forecasting_main.ipynb,1,0.77507029053420806,0.9408418657565415,0.6495726495726496,0.24899857049868279,0.77507029053420806,0.9408418657565415,0.6495726495726496,0.24899857049868279,0.24806540191173954,C:\Users\swl00\IFPRI Dropbox\Weilun Shi\monitoring-food-crises\Monitoring-food-crisis-codespace\NCOMMS-25-105821-T-Replication-Package\NCOMMS-25-105821-T-Replication-Package\2.Source Code\main_result_figure1_v1.py,a33b9b2a8ef72569efe017049fdd831ada9411e44d3e59cf4d840a7a7fc01fe2,1db069835d553fcfd00fb56f431ec2c8839a98ddea40f1cc819839a4fd77f082,60f17f079ab569060a29fd8c7af0d3f6feaab558f7a29a104c9a0e702172dc0e,d541f7c0c21c1878fcf8a74c99c953ddda200d0dfeda7365e7ff5934af8f550f,01b58c577b53cbadd1258766244c071d8ef44759da92015566c5507d894f85a7,3742300661466f22eba8198e5d4f9c2a277615ba59562fbf27f251ecc932dd76,cdc0e55aa15bdda932465088568b9ee717d226208ffb32076f438fb274e6317b,583ba961a5e7478f61ca5163889247991a1b878c27eb6bfc7938f47c609ad3d7,4eb561baedaf22a51d534177b768afb82865f44f7b781cc334a481d40759cde3,1502cbf77e99d32ef9946d3df2a9655f9596dee600743b9139faea2a93ef75d3,5e6c27c785de95454400a8fc7ab17cffdcbdc7b880c8bb4cbedbc79a6f6a0583,spatial_feature_comparison_predictions.csv,6bc28fe3f2bd438c3a95a07ea5ac73d053c050f35daa3902f6fe411cfcd9fbc3,spatial_feature_comparison_metrics.csv,8d307c4e1bf479b4e7fec193ada011366362221a13a9b7f0ab4cc950b8b167d6,spatial_feature_comparison_feature_manifest.csv,8fda463a21cdd6a90ee502df0a986a722c3a08b38ba5bf57264d51067a91a37c,spatial_feature_comparison_weight_diagnostics.csv,9cd1e5bb31cd394e5e878342a58589d92fd2fc846d1682d00cb399b6696bcf09,spatial_feature_interpolation_audit.csv.gz,c6769b453538c19be0745e66772ad7c794960eb2c77e96e914d35a422f8e39b4,spatial_feature_interpolation_summary.csv,7222f13f2d00ae2b43d5f7edb0fdd976d46cdf6882db2913d2d7295ed41774cb,precision_recall_accuracy_p3r2_spatial_feature_comparison.jpg,89041e591bb5385ea7973406ce40d29514cce991cf330bc40cf5c63a01311996,precision_recall_accuracy_p3r2_spatial_feature_comparison.png,d29d9fa1e5b13a5b0e92dd33b11511b105c677956f4df22d3353b6aed686528a,precision_recall_accuracy_p3r2_spatial_feature_comparison.pdf,1dc8116b0dacc584437e9cd1cb6b8da456322e1031e419fca7b860b463e6ebbe
d200_spatial_means,200 km spatial means,Nowcasting,True,formal,fixed_2022_temporal_test,temporal_test_2022_1170,fixed_temporal_holdout,2022-01-01,5575,4405,1170,1,,,,,,,False,1198,29,True,True,True,1198,True,ac52f4bc9dcdee1b8cde754ddf217c1702b5d0abb27cdf269e03cb539e47d683,1198,1198,10,True,True,main-result-figure1-v1,windows_py3113_xgb203_defaultthreads_no_explicit_seed,,,1,1,serial,,True,3.11.3,2.2.3,1.26.4,1.5.2,2.0.3,3.10.1,288059e7dad989ecfa5e634c01b6ec39282a81e22f17aa28625bad76455fe6c2,1170,646,27,208,138,,,49796ba37671df2bc6981465383212c48fe055d5752122fb94e84b807cab823e,ab5e44e69003cde5989e290a6f7a493f5b101ed53654e633b569d3ebffb79b45,,d0e809094ee6e736983ac6212f68e268161feeb7258653e3a93bc068cb922eb2,304d47c9285692ddef8f66754e4285270f46b8aeb787950d93ebb368593e44af,,13416114,7786671,4997500,1734869,1054302,5629443,3495515,1320200,813728,0,frozen_main_result_same_environment,True,False,,2.Source Code/Figure2_Nowcasting_two_layer_feature_importance.ipynb,1,0.77746478873239433,0.94197952218430037,0.65384615384615385,0.252784701177865,0.77746478873239433,0.94197952218430037,0.65384615384615385,0.252784701177865,0.2543868927430617,C:\Users\swl00\IFPRI Dropbox\Weilun Shi\monitoring-food-crises\Monitoring-food-crisis-codespace\NCOMMS-25-105821-T-Replication-Package\NCOMMS-25-105821-T-Replication-Package\2.Source Code\main_result_figure1_v1.py,a33b9b2a8ef72569efe017049fdd831ada9411e44d3e59cf4d840a7a7fc01fe2,1db069835d553fcfd00fb56f431ec2c8839a98ddea40f1cc819839a4fd77f082,60f17f079ab569060a29fd8c7af0d3f6feaab558f7a29a104c9a0e702172dc0e,d541f7c0c21c1878fcf8a74c99c953ddda200d0dfeda7365e7ff5934af8f550f,01b58c577b53cbadd1258766244c071d8ef44759da92015566c5507d894f85a7,3742300661466f22eba8198e5d4f9c2a277615ba59562fbf27f251ecc932dd76,cdc0e55aa15bdda932465088568b9ee717d226208ffb32076f438fb274e6317b,583ba961a5e7478f61ca5163889247991a1b878c27eb6bfc7938f47c609ad3d7,4eb561baedaf22a51d534177b768afb82865f44f7b781cc334a481d40759cde3,1502cbf77e99d32ef9946d3df2a9655f9596dee600743b9139faea2a93ef75d3,5e6c27c785de95454400a8fc7ab17cffdcbdc7b880c8bb4cbedbc79a6f6a0583,spatial_feature_comparison_predictions.csv,6bc28fe3f2bd438c3a95a07ea5ac73d053c050f35daa3902f6fe411cfcd9fbc3,spatial_feature_comparison_metrics.csv,8d307c4e1bf479b4e7fec193ada011366362221a13a9b7f0ab4cc950b8b167d6,spatial_feature_comparison_feature_manifest.csv,8fda463a21cdd6a90ee502df0a986a722c3a08b38ba5bf57264d51067a91a37c,spatial_feature_comparison_weight_diagnostics.csv,9cd1e5bb31cd394e5e878342a58589d92fd2fc846d1682d00cb399b6696bcf09,spatial_feature_interpolation_audit.csv.gz,c6769b453538c19be0745e66772ad7c794960eb2c77e96e914d35a422f8e39b4,spatial_feature_interpolation_summary.csv,7222f13f2d00ae2b43d5f7edb0fdd976d46cdf6882db2913d2d7295ed41774cb,precision_recall_accuracy_p3r2_spatial_feature_comparison.jpg,89041e591bb5385ea7973406ce40d29514cce991cf330bc40cf5c63a01311996,precision_recall_accuracy_p3r2_spatial_feature_comparison.png,d29d9fa1e5b13a5b0e92dd33b11511b105c677956f4df22d3353b6aed686528a,precision_recall_accuracy_p3r2_spatial_feature_comparison.pdf,1dc8116b0dacc584437e9cd1cb6b8da456322e1031e419fca7b860b463e6ebbe
d200_spatial_means,200 km spatial means,Contemporaneous,True,formal,random_5fold_row_cv,random_5fold_full_oof_5575,random_row_cv,,5575,4460,5575,5,1115|1115|1115|1115|1115,bc2b0a13def3c2979b562236cedbeff0cc030bf67d4b5de9160f8b916937b099,2fb4fda348302e0acf6f04860b6e1faaf3af8653d33c4a524a7d03e3721ddfa2,f540e216e9ee286c7502b3aa465fe222a66a1a87eec014158d0db9ace13f6651,0,False,True,1198,29,True,True,True,1198,True,ac52f4bc9dcdee1b8cde754ddf217c1702b5d0abb27cdf269e03cb539e47d683,1198,1198,10,True,True,main-result-figure1-v1,windows_py3113_xgb203_defaultthreads_no_explicit_seed,,0,1,1,serial,,True,3.11.3,2.2.3,1.26.4,1.5.2,2.0.3,3.10.1,f540e216e9ee286c7502b3aa465fe222a66a1a87eec014158d0db9ace13f6651,5575,1198,29,208,138,343,920e9963f554ea46ab1d74a6ebf9b07b6792d6e31f9e3d46d52885bcf578cf60,,,659d5f2a1c88b69a2668ac23b28f2807350642122971aaf32a54c786cfbdd7f8,,,79737acec1a3afb4b3d20fe6468afd46c7587d9848e148fcfd5e9b89956c95bd,13416114,7786671,4997500,1734869,1054302,5629443,3495515,1320200,813728,0,canonical_contemporaneous_random_cv_baseline,True,False,True,,,,,,,0.79725885699508658,0.90437078322088593,0.69345291479820625,0.64161899861528793,0.64221096145821099,C:\Users\swl00\IFPRI Dropbox\Weilun Shi\monitoring-food-crises\Monitoring-food-crisis-codespace\NCOMMS-25-105821-T-Replication-Package\NCOMMS-25-105821-T-Replication-Package\2.Source Code\main_result_figure1_v1.py,a33b9b2a8ef72569efe017049fdd831ada9411e44d3e59cf4d840a7a7fc01fe2,1db069835d553fcfd00fb56f431ec2c8839a98ddea40f1cc819839a4fd77f082,60f17f079ab569060a29fd8c7af0d3f6feaab558f7a29a104c9a0e702172dc0e,d541f7c0c21c1878fcf8a74c99c953ddda200d0dfeda7365e7ff5934af8f550f,01b58c577b53cbadd1258766244c071d8ef44759da92015566c5507d894f85a7,3742300661466f22eba8198e5d4f9c2a277615ba59562fbf27f251ecc932dd76,cdc0e55aa15bdda932465088568b9ee717d226208ffb32076f438fb274e6317b,583ba961a5e7478f61ca5163889247991a1b878c27eb6bfc7938f47c609ad3d7,4eb561baedaf22a51d534177b768afb82865f44f7b781cc334a481d40759cde3,1502cbf77e99d32ef9946d3df2a9655f9596dee600743b9139faea2a93ef75d3,5e6c27c785de95454400a8fc7ab17cffdcbdc7b880c8bb4cbedbc79a6f6a0583,spatial_feature_comparison_predictions.csv,6bc28fe3f2bd438c3a95a07ea5ac73d053c050f35daa3902f6fe411cfcd9fbc3,spatial_feature_comparison_metrics.csv,8d307c4e1bf479b4e7fec193ada011366362221a13a9b7f0ab4cc950b8b167d6,spatial_feature_comparison_feature_manifest.csv,8fda463a21cdd6a90ee502df0a986a722c3a08b38ba5bf57264d51067a91a37c,spatial_feature_comparison_weight_diagnostics.csv,9cd1e5bb31cd394e5e878342a58589d92fd2fc846d1682d00cb399b6696bcf09,spatial_feature_interpolation_audit.csv.gz,c6769b453538c19be0745e66772ad7c794960eb2c77e96e914d35a422f8e39b4,spatial_feature_interpolation_summary.csv,7222f13f2d00ae2b43d5f7edb0fdd976d46cdf6882db2913d2d7295ed41774cb,precision_recall_accuracy_p3r2_spatial_feature_comparison.jpg,89041e591bb5385ea7973406ce40d29514cce991cf330bc40cf5c63a01311996,precision_recall_accuracy_p3r2_spatial_feature_comparison.png,d29d9fa1e5b13a5b0e92dd33b11511b105c677956f4df22d3353b6aed686528a,precision_recall_accuracy_p3r2_spatial_feature_comparison.pdf,1dc8116b0dacc584437e9cd1cb6b8da456322e1031e419fca7b860b463e6ebbe
