test_index,overall_phase,overall_phase_pred,phase3_pred,area_id,date,lat,lon,nowcast_predict,phase3_nowcast
1,2,3,0.26,2,2022-10-01,19.2534004377252,-70.08120181852628,3,0.26
2,2,3,0.29,5,2022-10-01,19.322621636996907,-70.89148103736872,3,0.29
3,4,3,0.28,9,2022-09-01,19.430858338795733,-71.59479994397275,3,0.28
6,4,3,0.26,10,2022-09-01,19.141165641421363,-71.95798637936777,3,0.27
7,3,3,0.22,10,2022-10-01,19.141165641421363,-71.95798637936777,3,0.23
11,4,3,0.3,11,2022-09-01,19.001220287245125,-71.98199349244065,3,0.31
12,3,3,0.22,11,2022-10-01,19.001220287245125,-71.98199349244065,3,0.23
16,4,3,0.3,12,2022-09-01,19.001216405436185,-71.98199780429063,3,0.31
17,3,3,0.22,12,2022-10-01,19.001216405436185,-71.98199780429063,3,0.23
19,3,3,0.27,13,2022-09-01,18.843052305915048,-72.00912642807387,3,0.27
22,2,3,0.22,16,2022-10-01,19.693349123565184,-72.37977926955817,3,0.22
27,3,3,0.2,19,2022-10-01,19.187972622477616,-72.46864179150957,3,0.2
30,3,3,0.2,20,2022-10-01,19.18797262398859,-72.46864214112368,3,0.2
31,3,3,0.29,21,2022-09-01,18.84735139082037,-72.4841038631325,3,0.29
32,3,3,0.2,21,2022-10-01,18.84735139082037,-72.4841038631325,3,0.21
33,3,3,0.28,22,2022-09-01,18.847351366459705,-72.48410387102814,3,0.29
34,3,3,0.2,22,2022-10-01,18.847351366459705,-72.48410387102814,3,0.21
66,3,3,0.25,38,2022-03-01,15.664246006611547,-87.13518436737925,3,0.26
92,3,3,0.25,41,2022-03-01,15.306406319772146,-87.2014526269426,3,0.26
105,3,3,0.23,42,2022-03-01,14.624161482341592,-87.63293543293771,3,0.24
131,3,3,0.22,45,2022-03-01,13.77728039850087,-88.10646524639691,3,0.21
150,3,3,0.21,47,2022-03-01,13.540718934622571,-88.25569729767084,3,0.2
161,3,3,0.23,48,2022-03-01,15.093597086668868,-88.34383987136007,3,0.24
172,3,3,0.24,49,2022-03-01,15.099402887103157,-88.35212316787185,3,0.25
186,3,3,0.21,50,2022-03-01,13.375049854856414,-88.49603809831335,3,0.21
193,3,3,0.22,51,2022-03-01,14.409740971274433,-88.59282932786864,3,0.22
200,3,3,0.22,52,2022-03-01,14.410137220752128,-88.59319446261775,3,0.22
212,3,3,0.24,54,2022-03-01,13.607839842934425,-88.72295327554927,3,0.23
226,3,3,0.24,55,2022-03-01,14.905212742761655,-88.89913122628634,3,0.25
240,3,3,0.24,56,2022-03-01,14.909851205785817,-88.90026956152772,3,0.25
251,2,3,0.23,57,2022-03-01,13.478481961507262,-88.967936690919,3,0.22
264,3,3,0.25,58,2022-03-01,15.559242218829173,-88.99339963222313,3,0.25
277,3,3,0.24,59,2022-03-01,15.559062138042188,-88.99422222384915,3,0.25
289,2,3,0.24,60,2022-03-01,13.846311211594587,-89.02353734246168,3,0.24
304,3,3,0.22,63,2022-03-01,14.145799802533933,-89.07733573687676,3,0.22
323,2,3,0.22,65,2022-03-01,13.77225408145671,-89.17408708299047,3,0.22
338,2,3,0.24,66,2022-03-01,13.705447580050244,-89.3671312631946,3,0.24
348,3,3,0.22,67,2022-03-01,14.73996082192876,-89.37181920973343,3,0.22
358,3,3,0.25,68,2022-03-01,14.688052103627298,-89.4256700299092,3,0.25
368,3,3,0.25,69,2022-03-01,14.689244336896811,-89.42648577371524,3,0.25
378,3,3,0.23,70,2022-03-01,15.037907196083522,-89.50815348444067,3,0.24
388,3,3,0.23,71,2022-03-01,15.03876340550682,-89.5081638796777,3,0.24
402,2,3,0.23,72,2022-03-01,14.121903436557565,-89.50913452357109,3,0.22
415,2,3,0.22,73,2022-03-01,13.6968751100309,-89.68929349869879,3,0.22
418,2,3,0.24,74,2022-03-01,14.318263463064556,-89.70723545476665,3,0.24
427,2,3,0.24,75,2022-03-01,14.20978450631007,-89.89923802152826,3,0.25
436,2,3,0.25,76,2022-03-01,14.210059699137457,-89.89939373335093,3,0.25
450,2,3,0.25,77,2022-03-01,13.85936023685551,-89.90565463895045,3,0.25
458,2,3,0.24,78,2022-03-01,14.621150763207329,-89.9476549790736,3,0.25
466,2,3,0.25,79,2022-03-01,14.621107569243442,-89.94797684068095,3,0.25
468,3,3,0.31,80,2022-03-01,16.978933554052794,-90.01881839163254,3,0.32
470,3,3,0.31,81,2022-03-01,16.97967222576478,-90.02082112434097,3,0.32
478,2,3,0.23,82,2022-03-01,14.90663465155529,-90.08361607620724,3,0.24
486,2,3,0.23,83,2022-03-01,14.906386262729724,-90.08383267523276,3,0.23
515,2,3,0.26,86,2022-03-01,14.157319140496986,-90.35697538517786,3,0.27
524,2,3,0.26,87,2022-03-01,14.15789571549866,-90.357002695774,3,0.27
551,2,2,0.19,90,2022-03-01,14.63543333823434,-90.47943182619592,3,0.2
566,2,2,0.19,91,2022-03-01,14.627879008605044,-90.49473038114635,3,0.2
581,2,2,0.19,92,2022-03-01,14.627057702486136,-90.4964013574588,3,0.2
591,2,3,0.22,93,2022-03-01,14.551472465128152,-90.74738342687972,3,0.22
601,2,3,0.22,94,2022-03-01,14.551696590639184,-90.74739675583602,3,0.23
632,2,3,0.23,99,2022-03-01,14.163605390791226,-91.00908587193642,3,0.23
641,2,3,0.22,100,2022-03-01,14.163944125387848,-91.0094356316972,3,0.23
672,3,3,0.23,109,2022-03-01,14.788199791726871,-91.71384063438016,3,0.24
677,3,3,0.23,110,2022-03-01,14.788157763909824,-91.71394928827613,3,0.24
681,2,3,0.24,111,2022-03-01,14.418268658672709,-91.78851729490732,3,0.24
685,2,3,0.22,112,2022-03-01,14.44555690192063,-91.8032028268455,3,0.22
689,3,3,0.26,113,2022-03-01,15.019312737366256,-91.93119008886646,3,0.26
693,3,3,0.25,114,2022-03-01,15.019658702547268,-91.93153486123332,3,0.26
706,2,3,0.21,136,2022-07-01,-4.371280948333694,15.243099299235324,3,0.21
717,3,3,0.2,160,2022-07-01,-4.502003860613465,15.440657576372546,3,0.21
718,3,3,0.2,161,2022-07-01,-4.502003932103652,15.44066046279375,3,0.21
724,4,3,0.46,165,2022-09-01,7.276495535437487,15.662690233962794,3,0.46
735,3,3,0.21,169,2022-07-01,-4.447937851062532,15.927552351734947,3,0.21
744,3,3,0.49,174,2022-09-01,6.7333520291043545,16.13061089825588,3,0.48
752,3,3,0.48,175,2022-09-01,6.728179375949253,16.140372835329476,3,0.47
760,3,3,0.48,177,2022-09-01,6.734033857201086,16.147776917946352,3,0.47
778,3,3,0.2,189,2022-07-01,-3.56112275900601,16.670312626788167,3,0.2
779,3,2,0.19,190,2022-07-01,-3.579368206980776,16.678114082948472,3,0.2
801,3,3,0.34,216,2022-09-01,5.116320334511704,17.99567995207725,3,0.34
811,3,3,0.3,229,2022-09-01,4.33360936306061,18.473284215166224,3,0.3
812,3,3,0.2,230,2022-07-01,-2.6957002686033915,18.52824988141355,3,0.21
819,3,3,0.25,234,2022-07-01,4.38766621030321,18.5454582382816,3,0.23
820,3,3,0.27,234,2022-09-01,4.38766621030321,18.5454582382816,3,0.26
832,3,3,0.26,237,2022-07-01,4.38125841282701,18.565889511241828,3,0.24
833,3,3,0.23,237,2022-09-01,4.38125841282701,18.565889511241828,3,0.23
842,3,3,0.26,239,2022-07-01,4.3753862217185295,18.56845712264221,3,0.24
843,3,3,0.23,239,2022-09-01,4.3753862217185295,18.56845712264221,3,0.23
844,2,3,0.23,242,2022-07-01,-4.7825204692744405,18.65493602062814,3,0.24
847,3,3,0.31,251,2022-09-01,5.820233980737779,19.14299279608086,3,0.31
854,3,3,0.27,258,2022-09-01,5.797773427666894,19.298035440929663,3,0.27
862,3,3,0.2,263,2022-07-01,-4.674455424291666,19.527436632184628,3,0.21
863,3,3,0.2,264,2022-07-01,-4.6744554061223225,19.52743665127653,3,0.21
873,3,3,0.4,280,2022-09-01,8.421596039222367,20.57411284710136,3,0.39
880,3,3,0.28,282,2022-07-01,5.677885012875843,20.677306167351183,3,0.27
881,3,3,0.36,282,2022-09-01,5.677885012875843,20.677306167351183,3,0.36
888,3,3,0.28,283,2022-07-01,5.676185475831244,20.682120065353857,3,0.27
889,3,3,0.37,283,2022-09-01,5.676185475831244,20.682120065353857,3,0.37
892,3,3,0.34,284,2022-07-01,-6.544746569765913,20.716462820089465,3,0.36
895,3,3,0.34,285,2022-07-01,-6.544746597670956,20.716462827628845,3,0.36
903,3,3,0.39,286,2022-09-01,6.127358639098937,20.74918747950848,3,0.39
906,3,3,0.43,290,2022-09-01,8.742931503877866,20.891101605651063,3,0.42
915,3,3,0.34,291,2022-07-01,5.703780063246739,20.91264425838824,3,0.32
916,3,3,0.35,291,2022-09-01,5.703780063246739,20.91264425838824,3,0.36
920,3,3,0.28,296,2022-07-01,-4.950244185179267,21.104945433741868,3,0.29
936,3,3,0.3,305,2022-07-01,4.892834983827334,21.36060543376893,3,0.28
939,3,3,0.3,314,2022-07-01,4.5434774736229615,21.59483850139752,3,0.28
947,3,3,0.44,319,2022-09-01,6.572260891009279,21.971441317490072,3,0.43
952,3,3,0.45,322,2022-09-01,6.550146326711707,21.984955629836914,3,0.44
957,3,3,0.39,323,2022-09-01,6.753921159717046,22.0039120750967,3,0.38
968,2,3,0.38,334,2022-04-01,9.82360919195923,22.514435011037182,3,0.39
971,2,3,0.4,335,2022-04-01,10.003226056600854,22.534867030307066,3,0.41
979,4,3,0.42,347,2022-09-01,7.469426832294936,22.922963673171434,3,0.4
990,3,3,0.26,370,2022-07-01,-6.150731546254273,23.51862771395276,3,0.26
993,3,3,0.27,374,2022-07-01,-6.116397356900867,23.595834991399126,3,0.27
1001,3,3,0.27,391,2022-07-01,1.740907916785939,23.971803577390613,3,0.28
1009,2,3,0.26,409,2022-07-01,-6.1302269698058005,24.63799188766592,3,0.26
1011,2,3,0.26,410,2022-07-01,-6.130226949959877,24.63799192151635,3,0.26
1013,2,3,0.23,413,2022-07-01,-6.213920085510792,24.68236609886629,3,0.23
1020,3,3,0.33,417,2022-07-01,3.626458707236128,25.14441167371952,3,0.34
1021,2,3,0.28,420,2022-07-01,0.4812240200399161,25.207215517253488,3,0.29
1036,3,3,0.29,435,2022-10-01,6.306275099466496,25.5847718362426,3,0.28
1047,3,3,0.3,436,2022-10-01,6.308274412676711,25.58840893499816,3,0.29
1066,3,3,0.3,441,2022-10-01,6.306275099466498,25.590264836242586,3,0.29
1068,3,3,0.28,443,2022-07-01,-2.4429173064605423,25.65685279776518,3,0.28
1071,2,3,0.24,446,2022-07-01,-2.9697436048011627,25.91261941369201,3,0.24
1077,3,3,0.3,451,2022-07-01,4.476381856413203,26.06036553426372,3,0.29
1083,3,3,0.24,452,2022-07-01,4.471866382892718,26.07259417177397,3,0.23
1095,3,3,0.27,459,2022-07-01,-3.085212685859211,26.423294898155348,3,0.28
1103,2,3,0.26,471,2022-07-01,-11.299113135229536,26.58947490833676,3,0.26
1105,2,3,0.26,472,2022-07-01,-11.299113121457042,26.58947490993832,3,0.26
1123,3,3,0.26,492,2022-07-01,0.7415599122441155,26.97189120842096,3,0.27
1125,3,3,0.26,494,2022-07-01,0.7354915722834863,26.99689274029096,3,0.27
1129,4,3,0.42,495,2022-02-01,6.045039917782409,27.144279889596387,3,0.41
1130,3,3,0.3,495,2022-10-01,6.045039917782409,27.144279889596387,3,0.29
1134,4,3,0.42,496,2022-02-01,6.045038995818201,27.144280170575897,3,0.41
1135,3,3,0.3,496,2022-10-01,6.045038995818201,27.144280170575897,3,0.29
1163,4,3,0.57,512,2022-10-01,9.242886464174504,27.613216513621307,3,0.57
1168,4,3,0.57,513,2022-10-01,9.242931626982482,27.613220810581108,3,0.56
1174,3,3,0.27,518,2022-07-01,-4.546279019410677,27.72261514826186,3,0.28
1179,3,3,0.25,519,2022-07-01,-4.547274827654831,27.72629295309696,3,0.26
1180,3,3,0.44,520,2022-02-01,8.667977359863357,27.73611499437571,3,0.44
1181,3,3,0.44,521,2022-02-01,8.66797735986336,27.73611499437571,3,0.44
1191,3,3,0.3,534,2022-02-01,3.5128165025993816,27.8744115141001,3,0.29
1192,2,3,0.34,534,2022-10-01,3.5128165025993816,27.8744115141001,3,0.32
1200,3,3,0.3,537,2022-02-01,3.512476423796408,27.90167473498284,3,0.3
1201,2,3,0.33,537,2022-10-01,3.512476423796408,27.90167473498284,3,0.31
1218,3,3,0.32,547,2022-07-01,-6.565052824448996,28.04529196050943,3,0.33
1243,3,3,0.24,555,2022-07-01,-1.1119959017706993,28.187571037694365,3,0.25
1264,2,3,0.22,564,2022-04-01,-3.329745037225541,28.36653396537524,3,0.2
1265,2,2,0.19,564,2022-06-01,-3.329745037225541,28.36653396537524,3,0.2
1266,3,3,0.22,564,2022-07-01,-3.329745037225541,28.36653396537524,3,0.23
1279,2,3,0.21,565,2022-04-01,-3.3292522810780234,28.36960238057077,3,0.2
1280,2,2,0.19,565,2022-06-01,-3.3292522810780234,28.36960238057077,2,0.19
1281,3,3,0.25,565,2022-07-01,-3.3292522810780234,28.36960238057077,3,0.25
1285,4,3,0.53,568,2022-10-01,9.135898825186528,28.39197873247408,3,0.53
1299,3,3,0.35,570,2022-02-01,4.075947724299512,28.395501053271047,3,0.35
1313,3,3,0.34,571,2022-02-01,4.072232084296422,28.41859748598734,3,0.34
1326,2,3,0.37,577,2022-10-01,5.129871327283814,28.54612627299853,3,0.36
1337,2,3,0.37,578,2022-10-01,5.129880727343161,28.54612738482512,3,0.36
1358,3,3,0.3,586,2022-02-01,3.3460666205256784,28.591650330289056,3,0.3
1359,3,3,0.31,586,2022-07-01,3.3460666205256784,28.591650330289056,3,0.31
1360,2,3,0.35,586,2022-10-01,3.3460666205256784,28.591650330289056,3,0.34
1373,2,3,0.24,587,2022-04-01,-2.073309798518693,28.59981279582653,3,0.23
1374,1,2,0.19,587,2022-06-01,-2.073309798518693,28.59981279582653,3,0.2
1375,3,3,0.24,587,2022-07-01,-2.073309798518693,28.59981279582653,3,0.25
1389,2,2,0.18,591,2022-04-01,-2.4243338160954133,28.637503721789948,2,0.16
1390,3,3,0.21,591,2022-07-01,-2.4243338160954133,28.637503721789948,3,0.22
1402,2,2,0.18,592,2022-04-01,-2.4242603532904754,28.638225485160703,2,0.16
1403,3,3,0.21,592,2022-07-01,-2.4242603532904754,28.638225485160703,3,0.22
1423,3,3,0.23,598,2022-07-01,-0.6136194949061192,28.680943228983576,3,0.24
1436,2,2,0.18,602,2022-04-01,-4.242442426235746,28.71838914151386,2,0.17
1437,2,2,0.19,602,2022-06-01,-4.242442426235746,28.71838914151386,3,0.2
1438,3,3,0.22,602,2022-07-01,-4.242442426235746,28.71838914151386,3,0.22
1444,4,3,0.48,605,2022-10-01,7.080648164521872,28.734655002582123,3,0.48
1448,4,3,0.48,606,2022-10-01,7.0806481645218735,28.734655002582123,3,0.48
1455,3,3,0.23,607,2022-07-01,0.0344896389884226,28.737675086275296,3,0.23
1462,3,3,0.28,608,2022-07-01,1.4986816125024542,28.76111638651379,3,0.29
1469,3,3,0.28,609,2022-07-01,1.4935260605338807,28.78242415419022,3,0.29
1479,2,3,0.24,611,2022-06-01,0.0100335235706559,28.79111619603085,3,0.24
1480,3,3,0.23,611,2022-07-01,0.0100335235706559,28.79111619603085,3,0.23
1492,2,3,0.2,613,2022-04-01,-1.4857301268634104,28.805070870723288,2,0.19
1493,2,3,0.21,613,2022-06-01,-1.4857301268634104,28.805070870723288,3,0.22
1494,3,3,0.23,613,2022-07-01,-1.4857301268634104,28.805070870723288,3,0.24
1499,3,3,0.28,614,2022-07-01,-6.012572515224624,28.823649632337503,3,0.29
1512,2,2,0.17,615,2022-04-01,-4.280322106312487,28.83408749085728,2,0.16
1513,2,2,0.18,615,2022-06-01,-4.280322106312487,28.83408749085728,2,0.19
1514,3,3,0.21,615,2022-07-01,-4.280322106312487,28.83408749085728,3,0.22
1521,2,2,0.17,616,2022-04-01,-2.5121749315043527,28.83749284435306,2,0.16
1535,2,3,0.22,618,2022-04-01,-1.4122532347696084,28.846986602568656,3,0.21
1536,2,3,0.22,618,2022-06-01,-1.4122532347696084,28.846986602568656,3,0.23
1537,3,3,0.24,618,2022-07-01,-1.4122532347696084,28.846986602568656,3,0.25
1546,3,3,0.29,623,2022-07-01,-5.964193938568275,28.94061062990296,3,0.3
1560,2,2,0.18,625,2022-04-01,-3.2010301473365668,29.00566082466688,2,0.17
1561,1,2,0.18,625,2022-06-01,-3.2010301473365668,29.00566082466688,2,0.19
1562,3,3,0.2,625,2022-07-01,-3.2010301473365668,29.00566082466688,3,0.21
1576,2,2,0.18,626,2022-04-01,-3.231106507266775,29.00670795035517,2,0.17
1577,1,2,0.17,626,2022-06-01,-3.231106507266775,29.00670795035517,2,0.18
1578,3,3,0.2,626,2022-07-01,-3.231106507266775,29.00670795035517,3,0.21
1581,2,3,0.24,630,2022-06-01,-8.72945741042088,29.121423368406607,3,0.23
1584,2,3,0.25,633,2022-06-01,-8.728668399062647,29.142679560850883,3,0.24
1598,2,2,0.17,634,2022-04-01,-1.654084566680078,29.19790365105944,2,0.16
1599,2,2,0.18,634,2022-06-01,-1.654084566680078,29.19790365105944,2,0.19
1600,2,3,0.22,634,2022-07-01,-1.654084566680078,29.19790365105944,3,0.23
1615,4,3,0.5,637,2022-02-01,9.094565601574448,29.21649841140939,3,0.5
1616,4,3,0.48,637,2022-10-01,9.094565601574448,29.21649841140939,3,0.47
1625,4,3,0.5,638,2022-02-01,9.09456560157445,29.2164984114094,3,0.5
1626,4,3,0.48,638,2022-10-01,9.09456560157445,29.2164984114094,3,0.47
1633,4,3,0.5,639,2022-02-01,7.082292189975081,29.224923446241714,3,0.49
1640,4,3,0.5,640,2022-02-01,7.082292189975082,29.224923446241714,3,0.5
1643,4,3,0.52,642,2022-10-01,7.847276593247393,29.284940428192684,3,0.52
1645,4,3,0.52,643,2022-10-01,7.847276593247392,29.28494042819268,3,0.52
1650,2,3,0.31,644,2022-06-01,0.1392920790299892,29.28539705993192,3,0.33
1651,2,3,0.23,644,2022-07-01,0.1392920790299892,29.28539705993192,3,0.25
1656,2,3,0.31,645,2022-06-01,0.1392920667909222,29.285399804049668,3,0.33
1657,2,3,0.23,645,2022-07-01,0.1392920667909222,29.285399804049668,3,0.25
1668,2,2,0.19,646,2022-04-01,-1.5395846265394948,29.285943733146727,2,0.18
1669,3,3,0.21,646,2022-07-01,-1.5395846265394948,29.285943733146727,3,0.22
1680,2,2,0.19,647,2022-04-01,-1.5395846939390043,29.28594438617188,2,0.18
1681,3,3,0.21,647,2022-07-01,-1.5395846939390043,29.28594438617188,3,0.22
1700,2,3,0.23,649,2022-04-01,-1.0325214773745996,29.347351940781028,3,0.21
1701,2,3,0.23,649,2022-06-01,-1.0325214773745996,29.347351940781028,3,0.24
1702,3,3,0.24,649,2022-07-01,-1.0325214773745996,29.347351940781028,3,0.26
1720,2,3,0.2,650,2022-04-01,-1.0072057177424698,29.353385993244306,2,0.19
1721,2,3,0.22,650,2022-06-01,-1.0072057177424698,29.353385993244306,3,0.24
1722,3,3,0.23,650,2022-07-01,-1.0072057177424698,29.353385993244306,3,0.25
1737,2,2,0.17,651,2022-04-01,-3.360095136321636,29.399558537980457,2,0.17
1738,1,2,0.15,651,2022-06-01,-3.360095136321636,29.399558537980457,2,0.14
1739,3,3,0.2,651,2022-07-01,-3.360095136321636,29.399558537980457,2,0.19
1754,2,2,0.18,652,2022-04-01,-3.360281292446869,29.399621589736743,2,0.17
1755,1,2,0.18,652,2022-06-01,-3.360281292446869,29.399621589736743,2,0.17
1756,3,3,0.2,652,2022-07-01,-3.360281292446869,29.399621589736743,2,0.19
1766,2,3,0.28,654,2022-06-01,1.75492457441589,29.450798501729643,3,0.29
1767,3,3,0.28,654,2022-07-01,1.75492457441589,29.450798501729643,3,0.29
1777,2,3,0.23,655,2022-06-01,0.4748281828649454,29.455417660201,3,0.24
1778,3,3,0.23,655,2022-07-01,0.4748281828649454,29.455417660201,3,0.25
1788,2,3,0.27,658,2022-06-01,0.4030482905794501,29.53184204548605,3,0.28
1789,3,3,0.27,658,2022-07-01,0.4030482905794501,29.53184204548605,3,0.28
1802,2,3,0.26,661,2022-06-01,0.4174902410207224,29.54908619441847,3,0.27
1803,3,3,0.27,661,2022-07-01,0.4174902410207224,29.54908619441847,3,0.28
1823,2,3,0.36,668,2022-02-01,5.096657296887512,29.684724676467333,3,0.35
1824,3,3,0.33,668,2022-07-01,5.096657296887512,29.684724676467333,3,0.33
1831,2,3,0.36,669,2022-02-01,5.096657296887512,29.684724676467336,3,0.34
1832,3,3,0.32,669,2022-07-01,5.096657296887512,29.684724676467336,3,0.31
1834,4,3,0.47,670,2022-02-01,7.524610527086097,29.704378531600664,3,0.47
1836,4,3,0.47,671,2022-02-01,7.524610527086098,29.70437853160067,3,0.47
1846,3,3,0.48,672,2022-02-01,7.018500007061417,29.784040179421776,3,0.48
1847,3,3,0.51,672,2022-10-01,7.018500007061417,29.784040179421776,3,0.5
1857,3,3,0.48,673,2022-02-01,7.018500007061416,29.78404017942177,3,0.48
1858,3,3,0.51,673,2022-10-01,7.018500007061416,29.78404017942177,3,0.5
1868,3,3,0.22,674,2022-07-01,-4.201058176025881,29.821212908584894,3,0.21
1878,3,3,0.22,675,2022-07-01,-4.173838448443978,29.828783578927,3,0.21
1893,2,3,0.21,676,2022-04-01,-3.2054183863489696,29.844680359582387,3,0.21
1894,2,3,0.2,676,2022-06-01,-3.2054183863489696,29.844680359582387,2,0.19
1895,3,3,0.23,676,2022-07-01,-3.2054183863489696,29.844680359582387,3,0.23
1910,2,3,0.21,677,2022-04-01,-3.206416126934612,29.84505205174326,3,0.21
1911,2,3,0.2,677,2022-06-01,-3.206416126934612,29.84505205174326,2,0.19
1912,3,3,0.23,677,2022-07-01,-3.206416126934612,29.84505205174326,3,0.23
1917,4,3,0.62,678,2022-02-01,8.63336473860274,29.856322094738346,3,0.62
1918,2,3,0.59,678,2022-04-01,8.63336473860274,29.856322094738346,3,0.58
1923,4,3,0.62,679,2022-02-01,8.633903237452937,29.857417313068737,3,0.62
1924,2,3,0.57,679,2022-04-01,8.633903237452937,29.857417313068737,3,0.57
1927,3,3,0.3,680,2022-02-01,3.5143326200893665,29.897072073695533,3,0.31
1928,3,3,0.3,680,2022-07-01,3.5143326200893665,29.897072073695533,3,0.3
1929,3,3,0.39,680,2022-10-01,3.5143326200893665,29.897072073695533,3,0.38
1939,2,3,0.34,681,2022-06-01,1.2276439233636434,29.906021100393456,3,0.36
1940,3,3,0.33,681,2022-07-01,1.2276439233636434,29.906021100393456,3,0.35
1942,4,3,0.57,682,2022-02-01,8.122515678131741,29.91969431627841,3,0.58
1944,4,3,0.57,683,2022-02-01,8.122514618182532,29.91973750855577,3,0.58
1954,2,3,0.34,684,2022-06-01,1.2211900663881574,29.92493147233746,3,0.36
1955,3,3,0.32,684,2022-07-01,1.2211900663881574,29.92493147233746,3,0.35
1958,3,3,0.29,685,2022-02-01,3.539810640967216,29.97795385867332,3,0.3
1959,3,3,0.31,685,2022-07-01,3.539810640967216,29.97795385867332,3,0.31
1977,3,3,0.62,691,2022-02-01,9.197521641393609,30.07519193053802,3,0.63
1981,3,3,0.63,692,2022-02-01,9.196053205337652,30.075510706859287,3,0.63
2008,2,2,0.15,699,2022-04-01,-2.5233832752777947,30.209773765141875,2,0.14
2009,2,2,0.16,699,2022-06-01,-2.5233832752777947,30.209773765141875,2,0.17
2010,2,2,0.17,699,2022-07-01,-2.5233832752777947,30.209773765141875,2,0.17
2023,2,2,0.15,700,2022-04-01,-2.484639155109467,30.22234560485848,2,0.14
2024,2,2,0.16,700,2022-07-01,-2.484639155109467,30.22234560485848,2,0.17
2028,4,3,0.6,701,2022-02-01,8.174468130484282,30.22688743063595,3,0.6
2032,4,3,0.62,702,2022-02-01,8.174243511120208,30.22816671776852,3,0.62
2046,2,2,0.16,703,2022-04-01,-3.141422820221653,30.268067076488773,2,0.15
2047,2,2,0.16,703,2022-06-01,-3.141422820221653,30.268067076488773,2,0.15
2048,3,3,0.22,703,2022-07-01,-3.141422820221653,30.268067076488773,3,0.21
2062,2,2,0.15,704,2022-04-01,-3.181794023367621,30.27556637607493,2,0.15
2063,2,2,0.17,704,2022-06-01,-3.181794023367621,30.27556637607493,2,0.16
2064,3,3,0.22,704,2022-07-01,-3.181794023367621,30.27556637607493,3,0.22
2067,2,2,0.19,705,2022-10-01,-25.87364860326113,30.298997789764424,2,0.18
2075,2,3,0.35,706,2022-06-01,1.9446064326865444,30.323459484254663,3,0.37
2076,3,3,0.37,706,2022-07-01,1.9446064326865444,30.323459484254663,3,0.38
2087,2,2,0.19,707,2022-04-01,-3.677829419214176,30.33172232128116,2,0.18
2088,2,3,0.2,707,2022-06-01,-3.677829419214176,30.33172232128116,2,0.19
2089,3,3,0.2,707,2022-07-01,-3.677829419214176,30.33172232128116,3,0.2
2100,2,2,0.19,708,2022-04-01,-3.676165548086301,30.33392406512915,2,0.19
2101,2,3,0.2,708,2022-06-01,-3.676165548086301,30.33392406512915,3,0.2
2102,3,3,0.21,708,2022-07-01,-3.676165548086301,30.33392406512915,3,0.2
2118,3,3,0.37,711,2022-02-01,4.249163343225854,30.346059095706515,3,0.37
2119,3,3,0.33,711,2022-07-01,4.249163343225854,30.346059095706515,3,0.33
2133,3,3,0.37,712,2022-02-01,4.249163343225855,30.34605909570657,3,0.37
2134,3,3,0.33,712,2022-07-01,4.249163343225855,30.34605909570657,3,0.33
2146,3,3,0.31,716,2022-02-01,3.0258325983365544,30.51941449416477,3,0.32
2147,3,3,0.27,716,2022-06-01,3.0258325983365544,30.51941449416477,3,0.28
2154,3,3,0.31,717,2022-02-01,3.066472170722616,30.53331047216244,3,0.32
2155,3,3,0.29,717,2022-06-01,3.066472170722616,30.53331047216244,3,0.3
2162,4,3,0.59,723,2022-02-01,9.066619807304551,30.684993312598326,3,0.6
2165,4,3,0.54,724,2022-02-01,9.071977082585752,30.68802575265071,3,0.54
2171,3,3,0.29,726,2022-02-01,2.3528469819852305,30.714288625445185,3,0.3
2179,2,3,0.22,727,2022-06-01,-28.716598794106844,30.74857137801932,3,0.23
2180,2,3,0.26,727,2022-07-01,-28.716598794106844,30.74857137801932,3,0.25
2195,3,3,0.29,732,2022-06-01,3.741014735156552,30.833558625750147,3,0.29
2196,3,3,0.34,732,2022-10-01,3.741014735156552,30.833558625750147,3,0.36
2206,3,3,0.29,733,2022-06-01,3.7404053264035344,30.83394788536907,3,0.29
2207,3,3,0.34,733,2022-10-01,3.7404053264035344,30.83394788536907,3,0.36
2221,3,3,0.37,735,2022-02-01,4.277820250744592,30.85363095845952,3,0.37
2222,3,3,0.38,735,2022-10-01,4.277820250744592,30.85363095845952,3,0.39
2231,3,3,0.37,736,2022-02-01,4.277641055861267,30.85372640578665,3,0.37
2232,3,3,0.38,736,2022-10-01,4.277641055861267,30.85372640578665,3,0.39
2239,4,3,0.57,748,2022-02-01,8.291713303181382,30.98016433988058,3,0.57
2240,4,3,0.55,749,2022-02-01,8.291425797370566,30.980720691484176,3,0.55
2242,3,3,0.3,752,2022-10-01,3.525584927323721,31.007976265432283,3,0.31
2244,3,3,0.3,753,2022-10-01,3.5254665900787967,31.007976724030545,3,0.31
2274,2,2,0.18,759,2022-06-01,-26.55003359713076,31.228195883969136,2,0.17
2275,2,3,0.22,759,2022-10-01,-26.55003359713076,31.228195883969136,3,0.21
2279,3,3,0.49,760,2022-02-01,6.14985875188833,31.22834059298805,3,0.49
2285,2,2,0.18,761,2022-06-01,-26.551911377105128,31.22879881871352,2,0.17
2286,2,3,0.22,761,2022-10-01,-26.551911377105128,31.22879881871352,3,0.21
2290,3,3,0.49,762,2022-02-01,6.150162057976404,31.22946127375245,3,0.49
2295,4,3,0.52,768,2022-02-01,7.101158660543925,31.321834515793302,3,0.52
2298,4,3,0.52,769,2022-02-01,7.100770112717187,31.32270401310585,3,0.52
2299,2,2,0.16,770,2022-06-01,-26.08679509880121,31.323579905082607,2,0.16
2300,2,3,0.21,770,2022-10-01,-26.08679509880121,31.323579905082607,3,0.21
2307,2,2,0.16,773,2022-06-01,-26.08666749596347,31.326040128991583,2,0.16
2308,2,3,0.21,773,2022-10-01,-26.08666749596347,31.326040128991583,3,0.21
2317,4,3,0.6,779,2022-02-01,9.084142827439464,31.44145313922302,3,0.6
2318,4,3,0.52,779,2022-10-01,9.084142827439464,31.44145313922302,3,0.52
2322,4,3,0.6,780,2022-02-01,9.083722360439078,31.44209703330032,3,0.61
2323,4,3,0.52,780,2022-10-01,9.083722360439078,31.44209703330032,3,0.52
2326,5,3,0.58,781,2022-10-01,9.443023925425797,31.44278777611559,3,0.58
2329,5,3,0.56,782,2022-10-01,9.443584784625385,31.45213688497838,3,0.56
2337,3,3,0.4,783,2022-10-01,3.895831425473928,31.45997927928481,3,0.4
2345,3,3,0.39,784,2022-10-01,3.895499463524106,31.46087499342469,3,0.4
2357,3,3,0.27,785,2022-06-01,4.717080318791422,31.483400991046352,3,0.28
2358,3,3,0.39,785,2022-10-01,4.717080318791422,31.483400991046352,3,0.4
2370,3,3,0.26,786,2022-06-01,4.7170803187914245,31.483400991046366,3,0.26
2371,3,3,0.38,786,2022-10-01,4.7170803187914245,31.483400991046366,3,0.38
2376,4,3,0.48,789,2022-10-01,9.65850421897388,31.64273321405269,3,0.48
2379,3,3,0.47,793,2022-02-01,11.1483499631829,31.725390855677013,3,0.48
2381,2,3,0.26,794,2022-10-01,-26.66560289629896,31.73272494022728,3,0.25
2386,3,3,0.34,796,2022-06-01,3.223490861362594,31.769653801430064,3,0.34
2390,3,3,0.34,797,2022-06-01,3.2235243733514167,31.76967511894975,3,0.34
2393,3,3,0.23,798,2022-06-01,-26.54617071202336,31.84085243863571,3,0.23
2396,3,3,0.23,799,2022-06-01,-26.54647146553956,31.84309390808041,3,0.23
2399,4,3,0.53,800,2022-10-01,9.980311287134604,31.84418582922299,3,0.54
2402,4,3,0.53,801,2022-10-01,9.980311287134604,31.844185829223,3,0.54
2409,3,3,0.49,806,2022-02-01,6.465311504308056,32.00438092711511,3,0.49
2410,3,3,0.46,806,2022-10-01,6.465311504308056,32.00438092711511,3,0.47
2417,3,3,0.5,807,2022-02-01,6.4656441839259085,32.00485920452718,3,0.51
2418,3,3,0.46,807,2022-10-01,6.4656441839259085,32.00485920452718,3,0.47
2422,4,3,0.53,815,2022-02-01,7.625309967320448,32.111288402229576,3,0.54
2423,4,3,0.49,815,2022-10-01,7.625309967320448,32.111288402229576,3,0.5
2427,4,3,0.53,816,2022-02-01,7.625320008183991,32.1113103410957,3,0.54
2428,4,3,0.49,816,2022-10-01,7.625320008183991,32.1113103410957,3,0.5
2434,4,3,0.61,817,2022-02-01,8.583197257397682,32.11955070837021,3,0.62
2435,4,3,0.54,817,2022-10-01,8.583197257397682,32.11955070837021,3,0.55
2441,4,3,0.61,818,2022-02-01,8.583062639715807,32.11969983574082,3,0.62
2442,4,3,0.54,818,2022-10-01,8.583062639715807,32.11969983574082,3,0.55
2449,3,3,0.33,820,2022-02-01,3.9082691115645023,32.21278485123014,3,0.32
2450,3,3,0.34,820,2022-03-01,3.9082691115645023,32.21278485123014,3,0.34
2451,3,3,0.33,820,2022-06-01,3.9082691115645023,32.21278485123014,3,0.33
2458,3,3,0.31,821,2022-02-01,3.9082499568329774,32.21382324011973,3,0.3
2459,3,3,0.34,821,2022-03-01,3.9082499568329774,32.21382324011973,3,0.34
2460,3,3,0.33,821,2022-06-01,3.9082499568329774,32.21382324011973,3,0.33
2461,3,3,0.41,825,2022-04-01,12.368839883714625,32.309466012231375,3,0.42
2464,3,3,0.54,828,2022-04-01,11.13094152956019,32.3702216193108,3,0.55
2467,3,3,0.54,829,2022-04-01,11.130957258981184,32.37023256322225,3,0.55
2470,3,3,0.21,837,2022-06-01,0.31106833652833,32.54426104425187,3,0.21
2482,3,3,0.3,842,2022-02-01,4.372431386764218,32.56709827856256,3,0.28
2483,3,3,0.33,842,2022-03-01,4.372431386764218,32.56709827856256,3,0.31
2484,3,3,0.35,842,2022-06-01,4.372431386764218,32.56709827856256,3,0.33
2485,3,3,0.3,842,2022-10-01,4.372431386764218,32.56709827856256,3,0.28
2495,3,3,0.28,843,2022-02-01,4.37243138676422,32.56709827856257,3,0.26
2496,3,3,0.33,843,2022-03-01,4.37243138676422,32.56709827856257,3,0.31
2497,3,3,0.35,843,2022-06-01,4.37243138676422,32.56709827856257,3,0.33
2498,3,3,0.3,843,2022-10-01,4.37243138676422,32.56709827856257,3,0.28
2500,3,3,0.5,844,2022-10-01,10.380961048588157,32.56855076328116,3,0.52
2502,3,3,0.5,845,2022-10-01,10.380957727838378,32.5685649606128,3,0.51
2512,3,3,0.21,852,2022-06-01,0.335830410833754,32.62768363029173,3,0.21
2522,3,3,0.3,857,2022-03-01,3.5506074835530232,32.72385534685052,3,0.29
2525,3,3,0.3,858,2022-03-01,3.550574854389542,32.72386474460977,3,0.29
2553,4,3,0.62,882,2022-02-01,8.835858544470309,33.16188070155229,3,0.63
2558,4,3,0.62,883,2022-02-01,8.835525615352612,33.1621070391518,3,0.63
2571,3,3,0.38,893,2022-02-01,4.360311284162612,33.44631309124367,3,0.37
2572,3,3,0.35,893,2022-10-01,4.360311284162612,33.44631309124367,3,0.35
2578,3,3,0.4,894,2022-02-01,4.360349105593482,33.446335866723004,3,0.39
2579,3,3,0.35,894,2022-10-01,4.360349105593482,33.446335866723004,3,0.35
2584,4,3,0.48,896,2022-04-01,10.02401639967633,33.46000413380029,3,0.48
2587,4,3,0.48,897,2022-04-01,10.023982493090816,33.46007447953302,3,0.47
2588,3,3,0.36,898,2022-03-01,5.306581852488034,33.461914035496115,3,0.33
2589,2,3,0.33,898,2022-06-01,5.306581852488034,33.461914035496115,3,0.31
2590,3,3,0.44,898,2022-10-01,5.306581852488034,33.461914035496115,3,0.43
2591,3,3,0.36,899,2022-03-01,5.306581852488034,33.46191403549613,3,0.33
2592,2,3,0.33,899,2022-06-01,5.306581852488034,33.46191403549613,3,0.31
2593,3,3,0.44,899,2022-10-01,5.306581852488034,33.46191403549613,3,0.43
2596,4,3,0.48,901,2022-02-01,9.255838240458672,33.52721924685858,3,0.49
2598,4,3,0.48,902,2022-02-01,9.2558382229943,33.527219249759845,3,0.49
2615,3,3,0.37,913,2022-02-01,4.563412836396222,33.68025835042004,3,0.36
2619,3,3,0.39,914,2022-02-01,4.563412836396224,33.68025835042004,3,0.38
2621,2,3,0.26,915,2022-10-01,-14.016783588344724,33.684872931143374,3,0.26
2622,3,3,0.21,916,2022-03-01,2.1037073402583544,33.687021612283324,3,0.2
2624,3,3,0.2,917,2022-02-01,2.7505386617669503,33.729987858056866,3,0.2
2625,2,3,0.25,917,2022-06-01,2.7505386617669503,33.729987858056866,3,0.25
2627,3,2,0.18,918,2022-02-01,2.747519638125968,33.73073869819806,2,0.18
2628,2,3,0.25,918,2022-06-01,2.747519638125968,33.73073869819806,3,0.25
2629,3,3,0.2,919,2022-03-01,2.213390517560496,33.74387877022712,2,0.19
2631,2,3,0.24,921,2022-10-01,-13.917696614810454,33.77760027432865,3,0.23
2645,3,3,0.34,929,2022-10-01,3.658282924281038,33.8471879937993,3,0.34
2649,4,3,0.54,930,2022-02-01,8.74640466145791,33.85941682874336,3,0.55
2650,3,3,0.57,930,2022-10-01,8.74640466145791,33.85941682874336,3,0.58
2655,4,3,0.54,931,2022-02-01,8.746092007189747,33.85957961188501,3,0.55
2656,3,3,0.57,931,2022-10-01,8.746092007189747,33.85957961188501,3,0.58
2672,3,3,0.27,937,2022-02-01,3.034767153307107,33.98118516146341,3,0.26
2673,3,3,0.28,937,2022-03-01,3.034767153307107,33.98118516146341,3,0.28
2674,3,3,0.29,937,2022-06-01,3.034767153307107,33.98118516146341,3,0.29
2675,3,3,0.25,937,2022-07-01,3.034767153307107,33.98118516146341,3,0.26
2676,3,3,0.28,937,2022-10-01,3.034767153307107,33.98118516146341,3,0.28
2685,3,3,0.29,938,2022-02-01,3.0234159643085734,33.98681683708714,3,0.28
2686,3,3,0.29,938,2022-03-01,3.0234159643085734,33.98681683708714,3,0.29
2687,3,3,0.29,938,2022-06-01,3.0234159643085734,33.98681683708714,3,0.29
2688,3,3,0.28,938,2022-07-01,3.0234159643085734,33.98681683708714,3,0.28
2689,3,3,0.29,938,2022-10-01,3.0234159643085734,33.98681683708714,3,0.29
2692,3,3,0.27,941,2022-03-01,1.9222794271209536,34.0381296991822,3,0.26
2695,3,3,0.27,942,2022-03-01,1.92223685546848,34.03813141697458,3,0.26
2701,3,3,0.34,948,2022-02-01,3.56664003216657,34.21308573458042,3,0.33
2702,3,3,0.38,948,2022-03-01,3.56664003216657,34.21308573458042,3,0.38
2711,2,2,0.14,951,2022-02-01,2.399727678613972,34.22124540465259,2,0.14
2712,3,2,0.17,951,2022-03-01,2.399727678613972,34.22124540465259,2,0.16
2713,3,3,0.22,951,2022-06-01,2.399727678613972,34.22124540465259,3,0.22
2714,2,2,0.15,951,2022-07-01,2.399727678613972,34.22124540465259,2,0.15
2719,2,2,0.16,952,2022-02-01,2.396684728775533,34.22158309087123,2,0.15
2720,3,2,0.18,952,2022-03-01,2.396684728775533,34.22158309087123,2,0.18
2721,3,3,0.22,952,2022-06-01,2.396684728775533,34.22158309087123,3,0.22
2722,2,2,0.15,952,2022-07-01,2.396684728775533,34.22158309087123,2,0.15
2727,2,3,0.2,957,2022-07-01,-1.005712648720196,34.43259184996448,2,0.19
2730,2,2,0.16,965,2022-02-01,1.8857972864241543,34.56389234094532,2,0.15
2731,2,3,0.21,965,2022-06-01,1.8857972864241543,34.56389234094532,3,0.22
2733,2,2,0.14,966,2022-02-01,1.7796916864598753,34.58009348938414,2,0.13
2734,2,3,0.25,966,2022-06-01,1.7796916864598753,34.58009348938414,3,0.25
2738,3,2,0.16,968,2022-02-01,2.651957811452534,34.630901158698066,2,0.16
2739,3,3,0.31,968,2022-03-01,2.651957811452534,34.630901158698066,3,0.3
2740,3,3,0.27,968,2022-06-01,2.651957811452534,34.630901158698066,3,0.27
2741,3,3,0.24,968,2022-07-01,2.651957811452534,34.630901158698066,3,0.24
2745,3,2,0.16,969,2022-02-01,2.6489729632461034,34.63167404334529,2,0.15
2746,3,3,0.31,969,2022-03-01,2.6489729632461034,34.63167404334529,3,0.31
2747,3,3,0.27,969,2022-06-01,2.6489729632461034,34.63167404334529,3,0.28
2748,3,3,0.26,969,2022-07-01,2.6489729632461034,34.63167404334529,3,0.26
2751,3,3,0.4,971,2022-03-01,5.13814868587675,34.65254819119481,3,0.4
2752,3,3,0.41,971,2022-06-01,5.13814868587675,34.65254819119481,3,0.41
2755,3,3,0.4,972,2022-03-01,5.137946256624015,34.654749639018256,3,0.39
2756,3,3,0.43,972,2022-06-01,5.137946256624015,34.654749639018256,3,0.42
2760,3,3,0.29,983,2022-06-01,-17.77187136710052,35.006640604170386,3,0.29
2761,3,3,0.34,984,2022-06-01,-17.78348269571686,35.00784016645155,3,0.34
2762,3,3,0.34,985,2022-06-01,-17.783451288429866,35.0078860998018,3,0.34
2765,2,2,0.18,994,2022-02-01,1.722897981987991,35.2427622488213,2,0.17
2766,2,2,0.19,994,2022-06-01,1.722897981987991,35.2427622488213,2,0.19
2769,2,2,0.18,995,2022-02-01,1.7414640542203297,35.24335224279403,2,0.17
2770,2,2,0.19,995,2022-06-01,1.7414640542203297,35.24335224279403,2,0.19
2774,3,3,0.38,997,2022-09-01,33.21235181366715,35.2738226483997,3,0.37
2777,3,3,0.31,1001,2022-09-01,33.44815901397418,35.35504539153301,3,0.31
2781,3,2,0.16,1003,2022-02-01,3.4062477704204985,35.408741954142855,2,0.16
2782,3,3,0.31,1003,2022-03-01,3.4062477704204985,35.408741954142855,3,0.31
2783,3,3,0.24,1003,2022-07-01,3.4062477704204985,35.408741954142855,3,0.24
2787,3,2,0.18,1005,2022-02-01,3.427214751250639,35.435115000112184,2,0.18
2788,3,3,0.32,1005,2022-03-01,3.427214751250639,35.435115000112184,3,0.32
2789,3,3,0.25,1005,2022-07-01,3.427214751250639,35.435115000112184,3,0.24
2791,3,3,0.37,1008,2022-09-01,33.888031085288816,35.50369193695151,3,0.37
2796,3,3,0.2,1011,2022-02-01,0.7976720119218726,35.53716090536701,2,0.19
2797,3,3,0.2,1011,2022-03-01,0.7976720119218726,35.53716090536701,3,0.2
2798,2,3,0.23,1011,2022-06-01,0.7976720119218726,35.53716090536701,3,0.23
2799,3,3,0.23,1011,2022-07-01,0.7976720119218726,35.53716090536701,3,0.22
2806,3,3,0.39,1016,2022-09-01,33.7705110197846,35.61100403106371,3,0.39
2807,3,3,0.36,1017,2022-09-01,33.843566558088874,35.67171771767602,3,0.37
2808,3,3,0.33,1020,2022-09-01,33.61751812997648,35.75988810540599,3,0.34
2809,2,3,0.31,1023,2022-09-01,34.12428569460943,35.81066102478415,3,0.31
2815,3,2,0.15,1032,2022-02-01,0.6715678247735237,35.94577974111879,2,0.15
2816,3,2,0.18,1032,2022-03-01,0.6715678247735237,35.94577974111879,2,0.17
2817,2,3,0.21,1032,2022-06-01,0.6715678247735237,35.94577974111879,3,0.21
2820,3,2,0.15,1033,2022-02-01,0.823058093659811,35.965464558710885,2,0.15
2821,3,2,0.17,1033,2022-03-01,0.823058093659811,35.965464558710885,2,0.17
2822,2,2,0.19,1033,2022-06-01,0.823058093659811,35.965464558710885,2,0.18
2824,3,3,0.37,1038,2022-09-01,34.54853964678057,36.18444194803802,3,0.37
2825,3,3,0.34,1039,2022-09-01,34.10336835388196,36.26265095736411,3,0.34
2831,2,2,0.17,1046,2022-02-01,0.325980484821008,36.77101818753719,2,0.16
2832,3,2,0.18,1046,2022-07-01,0.325980484821008,36.77101818753719,2,0.17
2835,2,2,0.17,1047,2022-02-01,0.3228149536977212,36.77228247884803,2,0.16
2836,3,2,0.18,1047,2022-07-01,0.3228149536977212,36.77228247884803,2,0.17
2837,2,3,0.22,1048,2022-07-01,-1.069779425928043,36.82338581093592,3,0.21
2838,3,3,0.25,1048,2022-10-01,-1.069779425928043,36.82338581093592,3,0.25
2839,3,2,0.19,1049,2022-10-01,-2.1189412734883994,36.90815056033831,2,0.19
2840,3,2,0.19,1050,2022-10-01,-2.12127290457235,36.90898476376916,2,0.18
2846,2,3,0.2,1057,2022-07-01,-3.068983912970372,37.08269942121727,3,0.2
2848,3,3,0.21,1059,2022-02-01,1.3192632956713233,37.11767935052778,3,0.21
2849,3,3,0.23,1059,2022-07-01,1.3192632956713233,37.11767935052778,3,0.23
2851,3,3,0.21,1060,2022-02-01,1.316815402061638,37.11877833330625,3,0.21
2852,3,3,0.23,1060,2022-07-01,1.316815402061638,37.11877833330625,3,0.23
2857,2,2,0.19,1061,2022-07-01,-1.2914137143319235,37.407177547803904,2,0.19
2865,3,3,0.3,1068,2022-02-01,2.981055811617193,37.56886676628365,3,0.3
2866,3,3,0.27,1068,2022-07-01,2.981055811617193,37.56886676628365,3,0.27
2870,3,3,0.29,1071,2022-02-01,2.953310709783113,37.66046915023474,3,0.29
2871,3,3,0.26,1071,2022-07-01,2.953310709783113,37.66046915023474,3,0.26
2878,3,2,0.16,1097,2022-02-01,-1.4884245269199752,38.406207705682654,2,0.16
2879,3,2,0.16,1099,2022-02-01,-1.4901547861413915,38.40828528503688,2,0.16
2882,3,3,0.25,1102,2022-02-01,1.009828854904755,38.54049504246596,3,0.25
2883,3,3,0.24,1102,2022-07-01,1.009828854904755,38.54049504246596,3,0.24
2886,3,3,0.25,1103,2022-02-01,1.0127915881590102,38.541428012318256,3,0.25
2887,3,3,0.24,1103,2022-07-01,1.0127915881590102,38.541428012318256,3,0.24
2888,2,3,0.3,1107,2022-10-01,-12.52402863123628,38.6744777237552,3,0.3
2889,2,3,0.25,1112,2022-10-01,-13.744653294628188,38.89417998873997,3,0.25
2890,2,3,0.25,1113,2022-10-01,-13.735628676535866,38.9052026135462,3,0.25
2891,2,3,0.27,1114,2022-10-01,-13.707091526982468,38.90552305511568,3,0.26
2899,2,3,0.25,1124,2022-10-01,-14.965331146651616,39.243933197749385,3,0.24
2903,2,3,0.21,1128,2022-10-01,-15.10326342936202,39.26254947530463,3,0.21
2911,3,3,0.29,1131,2022-10-01,-12.461535960466737,39.363319348554825,3,0.28
2919,3,3,0.26,1145,2022-10-01,-13.463702571655382,39.69578796035344,3,0.25
2921,3,3,0.26,1146,2022-10-01,-13.467728617526795,39.70267983555416,3,0.25
2922,3,3,0.27,1148,2022-10-01,-12.978530244039415,39.76657900316754,3,0.26
2923,3,3,0.28,1150,2022-10-01,-12.971164352610366,39.77334937160624,3,0.27
2926,3,3,0.32,1151,2022-10-01,-11.160663997800702,39.77527125863466,3,0.31
2929,3,3,0.32,1152,2022-10-01,-11.160006712612072,39.77569581384645,3,0.31
2933,3,3,0.3,1154,2022-10-01,-11.834983769500422,39.83653930868625,3,0.29
2943,3,3,0.29,1157,2022-02-01,1.8104830317011515,40.03434701992693,3,0.29
2944,3,3,0.25,1157,2022-07-01,1.8104830317011515,40.03434701992693,3,0.25
2945,2,3,0.32,1157,2022-10-01,1.8104830317011515,40.03434701992693,3,0.32
2953,3,3,0.29,1158,2022-02-01,1.8071653572537385,40.035570600550535,3,0.29
2954,3,3,0.25,1158,2022-07-01,1.8071653572537385,40.035570600550535,3,0.25
2955,2,3,0.32,1158,2022-10-01,1.8071653572537385,40.035570600550535,3,0.32
2967,3,2,0.17,1160,2022-01-01,-0.4895318460438221,40.1836499906457,2,0.17
2968,3,2,0.17,1160,2022-02-01,-0.4895318460438221,40.1836499906457,2,0.17
2969,3,2,0.18,1160,2022-05-01,-0.4895318460438221,40.1836499906457,2,0.17
2970,3,2,0.17,1160,2022-07-01,-0.4895318460438221,40.1836499906457,2,0.17
2971,1,2,0.19,1160,2022-10-01,-0.4895318460438221,40.1836499906457,2,0.18
2983,3,3,0.2,1161,2022-01-01,-0.4866823291774572,40.19880743151197,3,0.2
2984,3,3,0.2,1161,2022-02-01,-0.4866823291774572,40.19880743151197,3,0.2
2985,3,3,0.21,1161,2022-05-01,-0.4866823291774572,40.19880743151197,3,0.2
2986,3,3,0.2,1161,2022-07-01,-0.4866823291774572,40.19880743151197,3,0.2
2987,1,3,0.21,1161,2022-10-01,-0.4866823291774572,40.19880743151197,3,0.2
2997,2,3,0.26,1173,2022-01-01,3.435604745659064,40.739099845391976,3,0.26
2998,3,3,0.31,1173,2022-02-01,3.435604745659064,40.739099845391976,3,0.32
2999,3,3,0.21,1173,2022-07-01,3.435604745659064,40.739099845391976,3,0.22
3000,2,3,0.26,1173,2022-10-01,3.435604745659064,40.739099845391976,3,0.25
3020,3,2,0.13,1182,2022-01-01,0.7108671129459643,41.43921800568455,2,0.13
3021,3,2,0.14,1182,2022-05-01,0.7108671129459643,41.43921800568455,2,0.14
3022,1,2,0.14,1182,2022-10-01,0.7108671129459643,41.43921800568455,2,0.14
3028,2,3,0.21,1183,2022-01-01,2.6803770178670336,41.44278067653666,3,0.21
3029,3,3,0.2,1183,2022-02-01,2.6803770178670336,41.44278067653666,3,0.21
3035,2,3,0.22,1184,2022-01-01,2.676807020612609,41.45665804895815,3,0.22
3036,3,3,0.21,1184,2022-02-01,2.676807020612609,41.45665804895815,3,0.22
3048,2,2,0.14,1188,2022-01-01,2.101059312195268,41.70480874488074,2,0.15
3049,3,2,0.16,1188,2022-02-01,2.101059312195268,41.70480874488074,2,0.17
3050,3,2,0.16,1188,2022-05-01,2.101059312195268,41.70480874488074,2,0.17
3051,3,2,0.17,1188,2022-07-01,2.101059312195268,41.70480874488074,2,0.17
3058,2,3,0.25,1189,2022-01-01,3.436743355882157,41.730839931183255,3,0.25
3059,3,3,0.24,1189,2022-02-01,3.436743355882157,41.730839931183255,3,0.25
3060,2,3,0.32,1189,2022-10-01,3.436743355882157,41.730839931183255,3,0.32
3069,3,2,0.14,1190,2022-01-01,0.5912365672926183,41.784539281390586,2,0.13
3070,3,2,0.15,1190,2022-05-01,0.5912365672926183,41.784539281390586,2,0.14
3071,2,3,0.2,1190,2022-07-01,0.5912365672926183,41.784539281390586,2,0.19
3072,2,3,0.2,1190,2022-10-01,0.5912365672926183,41.784539281390586,3,0.2
3077,2,3,0.35,1192,2022-10-01,4.637228830577923,41.792285355005546,3,0.33
3089,3,2,0.12,1195,2022-01-01,0.4446291777845302,41.88723997386713,2,0.12
3090,3,2,0.12,1195,2022-05-01,0.4446291777845302,41.88723997386713,2,0.12
3091,2,2,0.19,1195,2022-07-01,0.4446291777845302,41.88723997386713,2,0.19
3092,2,2,0.18,1195,2022-10-01,0.4446291777845302,41.88723997386713,2,0.18
3104,2,3,0.21,1196,2022-01-01,2.898569855180769,41.98650257215835,3,0.21
3105,3,3,0.2,1196,2022-02-01,2.898569855180769,41.98650257215835,3,0.21
3106,3,3,0.27,1196,2022-05-01,2.898569855180769,41.98650257215835,3,0.27
3107,3,3,0.26,1196,2022-07-01,2.898569855180769,41.98650257215835,3,0.27
3108,2,3,0.25,1196,2022-10-01,2.898569855180769,41.98650257215835,3,0.26
3120,2,3,0.21,1197,2022-01-01,2.89856975930851,41.986503876822034,3,0.21
3121,3,3,0.2,1197,2022-02-01,2.89856975930851,41.986503876822034,3,0.21
3122,3,3,0.27,1197,2022-05-01,2.89856975930851,41.986503876822034,3,0.27
3123,3,3,0.26,1197,2022-07-01,2.89856975930851,41.986503876822034,3,0.27
3124,2,3,0.25,1197,2022-10-01,2.89856975930851,41.986503876822034,3,0.26
3133,3,2,0.19,1200,2022-10-01,1.6286266420377824,42.06273933212504,2,0.17
3138,3,3,0.24,1203,2022-02-01,4.003066597776744,42.14040839107087,3,0.24
3139,3,3,0.34,1203,2022-10-01,4.003066597776744,42.14040839107087,3,0.35
3144,3,3,0.24,1204,2022-02-01,4.106943231176197,42.18241610605428,3,0.25
3145,3,3,0.34,1204,2022-10-01,4.106943231176197,42.18241610605428,3,0.33
3152,2,2,0.15,1207,2022-01-01,2.363670436731335,42.27256762817745,2,0.15
3153,3,2,0.17,1207,2022-05-01,2.363670436731335,42.27256762817745,2,0.17
3154,3,2,0.19,1207,2022-07-01,2.363670436731335,42.27256762817745,2,0.19
3156,2,3,0.3,1210,2022-07-01,5.319352960237539,42.291509567542455,3,0.32
3166,2,3,0.23,1211,2022-01-01,3.2059983830919334,42.3591255670317,3,0.23
3167,3,3,0.24,1211,2022-05-01,3.2059983830919334,42.3591255670317,3,0.24
3168,3,3,0.33,1211,2022-07-01,3.2059983830919334,42.3591255670317,3,0.32
3171,2,3,0.25,1212,2022-10-01,1.7238638437671936,42.37390133998234,3,0.23
3179,3,3,0.24,1214,2022-05-01,3.804964830911188,42.507623203547126,3,0.24
3180,3,3,0.32,1214,2022-07-01,3.804964830911188,42.507623203547126,3,0.34
3181,3,3,0.33,1214,2022-10-01,3.804964830911188,42.507623203547126,3,0.32
3183,2,3,0.36,1215,2022-10-01,12.003380329181898,42.53350484458002,3,0.38
3190,3,2,0.17,1216,2022-01-01,1.2279837802732485,42.53842357158104,2,0.18
3191,2,3,0.3,1216,2022-10-01,1.2279837802732485,42.53842357158104,3,0.3
3198,3,2,0.17,1217,2022-01-01,1.227983601216017,42.538423619143856,2,0.18
3199,2,3,0.3,1217,2022-10-01,1.227983601216017,42.538423619143856,3,0.3
3213,3,2,0.15,1220,2022-01-01,-0.1380705136347873,42.55534947821442,2,0.15
3214,3,2,0.17,1220,2022-05-01,-0.1380705136347873,42.55534947821442,2,0.16
3215,2,3,0.25,1220,2022-07-01,-0.1380705136347873,42.55534947821442,3,0.24
3216,2,3,0.25,1220,2022-10-01,-0.1380705136347873,42.55534947821442,3,0.24
3224,3,3,0.25,1222,2022-05-01,3.793303434518424,42.697554414048646,3,0.25
3225,3,3,0.33,1222,2022-07-01,3.793303434518424,42.697554414048646,3,0.34
3226,2,3,0.35,1222,2022-10-01,3.793303434518424,42.697554414048646,3,0.35
3233,3,2,0.16,1223,2022-01-01,0.1024865605495139,42.712442067288535,2,0.16
3234,2,2,0.16,1223,2022-07-01,0.1024865605495139,42.712442067288535,2,0.16
3235,2,3,0.26,1223,2022-10-01,0.1024865605495139,42.712442067288535,3,0.25
3249,3,2,0.18,1226,2022-01-01,0.1232081908607519,42.80293120547307,2,0.17
3250,3,3,0.27,1226,2022-07-01,0.1232081908607519,42.80293120547307,3,0.26
3251,2,3,0.24,1226,2022-10-01,0.1232081908607519,42.80293120547307,3,0.24
3258,2,3,0.21,1227,2022-01-01,2.81795401842992,42.83595866691495,3,0.21
3265,2,2,0.19,1228,2022-01-01,2.815134891705484,42.84024253641012,3,0.2
3266,4,3,0.22,1228,2022-05-01,2.815134891705484,42.84024253641012,3,0.22
3275,2,2,0.17,1231,2022-01-01,2.102026999372079,42.90188793549876,2,0.18
3276,4,2,0.18,1231,2022-05-01,2.102026999372079,42.90188793549876,2,0.18
3277,3,3,0.21,1231,2022-10-01,2.102026999372079,42.90188793549876,3,0.21
3283,2,3,0.31,1234,2022-10-01,9.413546214095105,42.93659882337982,3,0.31
3290,3,3,0.31,1238,2022-01-01,4.4423996104067855,43.04267446695805,3,0.32
3291,2,3,0.32,1238,2022-07-01,4.4423996104067855,43.04267446695805,3,0.34
3292,2,3,0.33,1238,2022-10-01,4.4423996104067855,43.04267446695805,3,0.33
3302,3,2,0.14,1241,2022-01-01,0.644792224497194,43.05641004098121,2,0.14
3303,2,2,0.19,1241,2022-10-01,0.644792224497194,43.05641004098121,2,0.19
3306,4,2,0.18,1243,2022-05-01,2.608279,43.08550333333333,2,0.19
3312,2,3,0.28,1249,2022-01-01,10.188418425911191,43.17070161523176,3,0.28
3313,3,3,0.3,1249,2022-03-01,10.188418425911191,43.17070161523176,3,0.29
3314,3,3,0.27,1249,2022-05-01,10.188418425911191,43.17070161523176,3,0.27
3321,2,3,0.28,1252,2022-01-01,9.984851562981886,43.19438345149224,3,0.28
3322,3,3,0.28,1252,2022-03-01,9.984851562981886,43.19438345149224,3,0.27
3323,3,3,0.27,1252,2022-05-01,9.984851562981886,43.19438345149224,3,0.27
3327,3,3,0.33,1254,2022-01-01,4.243315905656326,43.21154236911015,3,0.34
3328,3,3,0.32,1254,2022-05-01,4.243315905656326,43.21154236911015,3,0.33
3329,3,3,0.27,1254,2022-07-01,4.243315905656326,43.21154236911015,3,0.28
3330,3,3,0.27,1254,2022-10-01,4.243315905656326,43.21154236911015,3,0.27
3335,2,2,0.19,1255,2022-10-01,0.5684257885807978,43.22632772434869,2,0.19
3337,3,3,0.31,1256,2022-10-01,9.151446701149702,43.23681288269717,3,0.31
3340,3,3,0.29,1257,2022-05-01,4.20627916726975,43.24299172782949,3,0.29
3341,3,3,0.27,1257,2022-10-01,4.20627916726975,43.24299172782949,3,0.28
3372,3,3,0.31,1276,2022-01-01,3.894615607411108,43.36922505458163,3,0.31
3373,3,3,0.28,1276,2022-05-01,3.894615607411108,43.36922505458163,3,0.29
3374,3,3,0.33,1276,2022-07-01,3.894615607411108,43.36922505458163,3,0.34
3375,3,3,0.34,1276,2022-10-01,3.894615607411108,43.36922505458163,3,0.34
3387,3,3,0.29,1284,2022-01-01,3.816449939511237,43.43285191104739,3,0.3
3388,3,3,0.26,1284,2022-05-01,3.816449939511237,43.43285191104739,3,0.27
3389,4,3,0.29,1284,2022-07-01,3.816449939511237,43.43285191104739,3,0.29
3390,4,3,0.3,1284,2022-10-01,3.816449939511237,43.43285191104739,3,0.3
3405,2,3,0.25,1293,2022-01-01,3.2044792148108385,43.48297656787805,3,0.25
3406,4,3,0.23,1293,2022-05-01,3.2044792148108385,43.48297656787805,3,0.24
3407,4,3,0.25,1293,2022-07-01,3.2044792148108385,43.48297656787805,3,0.26
3408,4,3,0.3,1293,2022-10-01,3.2044792148108385,43.48297656787805,3,0.3
3417,2,3,0.38,1298,2022-03-01,13.940492734464414,43.49715743213212,3,0.39
3431,2,3,0.23,1308,2022-01-01,2.6548478759253875,43.56732164489212,3,0.23
3432,4,3,0.21,1308,2022-05-01,2.6548478759253875,43.56732164489212,3,0.22
3433,4,3,0.21,1308,2022-07-01,2.6548478759253875,43.56732164489212,3,0.22
3434,4,3,0.31,1308,2022-10-01,2.6548478759253875,43.56732164489212,3,0.31
3443,2,3,0.22,1309,2022-01-01,2.6548478981842463,43.56732165163736,3,0.23
3444,4,3,0.21,1309,2022-05-01,2.6548478981842463,43.56732165163736,3,0.22
3445,4,3,0.21,1309,2022-07-01,2.6548478981842463,43.56732165163736,3,0.22
3446,4,3,0.29,1309,2022-10-01,2.6548478981842463,43.56732165163736,3,0.29
3462,2,3,0.26,1324,2022-01-01,3.2663586746759767,43.639286885327735,3,0.26
3463,4,3,0.25,1324,2022-05-01,3.2663586746759767,43.639286885327735,3,0.25
3464,4,3,0.3,1324,2022-07-01,3.2663586746759767,43.639286885327735,3,0.31
3465,4,3,0.29,1324,2022-10-01,3.2663586746759767,43.639286885327735,3,0.29
3469,3,3,0.29,1326,2022-05-01,5.794011047742729,43.6537588772894,3,0.29
3470,3,3,0.3,1326,2022-07-01,5.794011047742729,43.6537588772894,3,0.31
3473,3,3,0.33,1327,2022-07-01,5.833637870520153,43.65984656012854,3,0.33
3477,2,3,0.37,1329,2022-03-01,13.633762695428604,43.66832876948539,3,0.39
3495,2,2,0.18,1351,2022-01-01,1.1083924223391124,43.84429038372959,2,0.18
3496,3,2,0.17,1351,2022-05-01,1.1083924223391124,43.84429038372959,2,0.17
3497,1,3,0.23,1351,2022-07-01,1.1083924223391124,43.84429038372959,3,0.23
3498,1,3,0.22,1351,2022-10-01,1.1083924223391124,43.84429038372959,3,0.22
3503,2,2,0.18,1354,2022-01-01,1.1111812856848335,43.862280123174926,2,0.19
3504,3,2,0.17,1354,2022-05-01,1.1111812856848335,43.862280123174926,2,0.18
3505,1,3,0.23,1354,2022-07-01,1.1111812856848335,43.862280123174926,3,0.23
3506,1,3,0.21,1354,2022-10-01,1.1111812856848335,43.862280123174926,3,0.22
3515,3,3,0.23,1357,2022-01-01,4.245137175281488,43.87904296499402,3,0.24
3516,3,3,0.28,1357,2022-05-01,4.245137175281488,43.87904296499402,3,0.28
3517,4,3,0.3,1357,2022-07-01,4.245137175281488,43.87904296499402,3,0.31
3518,3,3,0.3,1357,2022-10-01,4.245137175281488,43.87904296499402,3,0.3
3522,2,3,0.38,1358,2022-03-01,13.471424572935469,43.88183851403436,3,0.4
3532,3,3,0.22,1361,2022-01-01,4.188905626243047,43.90621648220997,3,0.22
3533,3,3,0.27,1361,2022-05-01,4.188905626243047,43.90621648220997,3,0.28
3534,4,3,0.34,1361,2022-07-01,4.188905626243047,43.90621648220997,3,0.34
3535,3,3,0.28,1361,2022-10-01,4.188905626243047,43.90621648220997,3,0.29
3540,2,3,0.4,1366,2022-03-01,13.35360668193079,43.938548606324645,3,0.41
3551,3,3,0.23,1367,2022-01-01,4.2099683614405485,43.9522159586179,3,0.24
3552,3,3,0.28,1367,2022-05-01,4.2099683614405485,43.9522159586179,3,0.29
3553,4,3,0.32,1367,2022-07-01,4.2099683614405485,43.9522159586179,3,0.32
3554,3,3,0.3,1367,2022-10-01,4.2099683614405485,43.9522159586179,3,0.3
3565,3,3,0.23,1368,2022-01-01,4.209966477885672,43.95222171627631,3,0.24
3566,3,3,0.28,1368,2022-05-01,4.209966477885672,43.95222171627631,3,0.28
3567,4,3,0.32,1368,2022-07-01,4.209966477885672,43.95222171627631,3,0.32
3568,3,3,0.29,1368,2022-10-01,4.209966477885672,43.95222171627631,3,0.29
3577,2,3,0.35,1374,2022-03-01,13.582230254540246,43.99233948557796,3,0.37
3578,2,3,0.39,1375,2022-03-01,12.841204814242852,43.99459931729942,3,0.4
3579,3,3,0.45,1375,2022-07-01,12.841204814242852,43.99459931729942,3,0.43
3582,4,3,0.2,1376,2022-05-01,2.500047272578616,43.995703671679074,3,0.21
3586,3,3,0.27,1378,2022-05-01,4.675877990852758,43.99757737588743,3,0.27
3587,2,3,0.27,1378,2022-07-01,4.675877990852758,43.99757737588743,3,0.28
3591,3,3,0.27,1379,2022-05-01,4.6744619545052775,43.99814608004558,3,0.27
3592,2,3,0.26,1379,2022-07-01,4.6744619545052775,43.99814608004558,3,0.28
3599,2,3,0.22,1380,2022-01-01,2.4853729171948884,44.006878580963146,3,0.22
3600,4,3,0.21,1380,2022-05-01,2.4853729171948884,44.006878580963146,3,0.21
3601,4,3,0.21,1380,2022-07-01,2.4853729171948884,44.006878580963146,3,0.21
3606,2,3,0.35,1381,2022-03-01,13.590877520860008,44.01214986016046,3,0.37
3610,2,3,0.38,1382,2022-03-01,13.672774352197928,44.01985448075964,3,0.4
3614,3,3,0.22,1383,2022-05-01,3.916679045195816,44.0391834829994,3,0.23
3619,2,3,0.35,1384,2022-03-01,13.582673517211663,44.0394507521453,3,0.37
3627,2,3,0.37,1390,2022-03-01,13.298651616666016,44.09854888028576,3,0.39
3634,3,3,0.28,1397,2022-05-01,9.46301710310068,44.14648593498882,3,0.28
3635,3,3,0.31,1397,2022-07-01,9.46301710310068,44.14648593498882,3,0.32
3640,2,3,0.35,1400,2022-03-01,13.122043003230608,44.16358340036735,3,0.37
3674,2,3,0.4,1420,2022-03-01,13.272879708173676,44.26664572610957,3,0.41
3681,3,3,0.23,1422,2022-05-01,9.522372935113095,44.281016969903725,3,0.23
3682,3,3,0.37,1422,2022-07-01,9.522372935113095,44.281016969903725,3,0.38
3696,2,2,0.19,1429,2022-01-01,1.90193534843148,44.31900839732334,2,0.19
3697,3,2,0.18,1429,2022-05-01,1.90193534843148,44.31900839732334,2,0.18
3698,1,3,0.22,1429,2022-07-01,1.90193534843148,44.31900839732334,3,0.22
3699,1,3,0.26,1429,2022-10-01,1.90193534843148,44.31900839732334,3,0.25
3708,2,2,0.19,1430,2022-01-01,1.9019353692347656,44.31900841466204,2,0.19
3709,3,2,0.18,1430,2022-05-01,1.9019353692347656,44.31900841466204,2,0.18
3710,1,3,0.22,1430,2022-07-01,1.9019353692347656,44.31900841466204,3,0.22
3711,1,3,0.26,1430,2022-10-01,1.9019353692347656,44.31900841466204,3,0.25
3729,2,2,0.18,1443,2022-01-01,1.9345557097485115,44.44943138778387,2,0.18
3730,3,2,0.16,1443,2022-05-01,1.9345557097485115,44.44943138778387,2,0.16
3731,1,3,0.22,1443,2022-07-01,1.9345557097485115,44.44943138778387,3,0.22
3732,1,3,0.2,1443,2022-10-01,1.9345557097485115,44.44943138778387,3,0.2
3736,2,3,0.38,1446,2022-03-01,13.022676104481686,44.47483587695361,3,0.39
3738,3,3,0.23,1448,2022-11-01,-24.523022689268373,44.48092208368462,3,0.22
3740,3,3,0.23,1449,2022-11-01,-24.52306066211989,44.48094199405094,3,0.22
3750,2,3,0.33,1454,2022-03-01,13.3136188448605,44.50609852405921,3,0.34
3769,3,3,0.31,1461,2022-05-01,9.87861888504856,44.55624999073821,3,0.31
3770,2,3,0.35,1461,2022-07-01,9.87861888504856,44.55624999073821,3,0.35
3777,3,3,0.31,1462,2022-05-01,9.878618885048567,44.5562499907382,3,0.31
3778,2,3,0.35,1462,2022-07-01,9.878618885048567,44.5562499907382,3,0.35
3791,2,2,0.18,1466,2022-01-01,1.830013446590792,44.61224958767591,2,0.18
3792,3,2,0.17,1466,2022-05-01,1.830013446590792,44.61224958767591,2,0.17
3793,3,2,0.14,1466,2022-07-01,1.830013446590792,44.61224958767591,2,0.15
3794,2,2,0.16,1466,2022-10-01,1.830013446590792,44.61224958767591,2,0.16
3815,2,2,0.17,1475,2022-01-01,1.729683778093423,44.65510098213981,2,0.18
3816,3,2,0.16,1475,2022-05-01,1.729683778093423,44.65510098213981,2,0.16
3817,3,2,0.18,1475,2022-07-01,1.729683778093423,44.65510098213981,2,0.19
3818,2,2,0.18,1475,2022-10-01,1.729683778093423,44.65510098213981,2,0.18
3836,2,2,0.15,1480,2022-01-01,1.7080232915061595,44.71759807490018,2,0.15
3837,3,2,0.15,1480,2022-05-01,1.7080232915061595,44.71759807490018,2,0.15
3838,1,3,0.22,1480,2022-07-01,1.7080232915061595,44.71759807490018,3,0.22
3847,2,2,0.16,1481,2022-01-01,1.7402615841674292,44.72155124794623,2,0.17
3848,3,2,0.16,1481,2022-05-01,1.7402615841674292,44.72155124794623,2,0.16
3849,1,3,0.24,1481,2022-07-01,1.7402615841674292,44.72155124794623,3,0.24
3850,1,3,0.23,1481,2022-10-01,1.7402615841674292,44.72155124794623,3,0.23
3873,2,2,0.18,1495,2022-01-01,2.791643796285676,44.90646724452368,2,0.18
3874,1,2,0.16,1495,2022-10-01,2.791643796285676,44.90646724452368,2,0.16
3888,2,3,0.2,1503,2022-01-01,2.596521036652443,44.980298669135024,3,0.2
3889,2,2,0.15,1503,2022-10-01,2.596521036652443,44.980298669135024,2,0.16
3896,3,3,0.32,1506,2022-01-01,16.064001145272236,45.0039454719288,3,0.33
3904,3,3,0.32,1510,2022-01-01,15.62998794147632,45.021383925804415,3,0.32
3911,3,3,0.31,1515,2022-01-01,15.44890844765239,45.031051877293486,3,0.31
3927,2,2,0.16,1518,2022-01-01,2.129191640352668,45.0554371344994,2,0.16
3928,3,2,0.15,1518,2022-05-01,2.129191640352668,45.0554371344994,2,0.15
3929,3,2,0.14,1518,2022-07-01,2.129191640352668,45.0554371344994,2,0.15
3930,2,2,0.13,1518,2022-10-01,2.129191640352668,45.0554371344994,2,0.14
3932,3,3,0.31,1519,2022-01-01,14.937057554283015,45.06923200729063,3,0.32
3935,3,3,0.33,1520,2022-01-01,15.774566351830137,45.07601614695554,3,0.33
3944,2,2,0.16,1522,2022-01-01,2.23562397388618,45.07696095698145,2,0.16
3945,3,2,0.15,1522,2022-05-01,2.23562397388618,45.07696095698145,2,0.15
3946,2,2,0.16,1522,2022-07-01,2.23562397388618,45.07696095698145,2,0.16
3947,2,2,0.13,1522,2022-10-01,2.23562397388618,45.07696095698145,2,0.14
3961,2,3,0.23,1528,2022-01-01,4.719536460472707,45.17840313879648,3,0.23
3962,3,3,0.27,1528,2022-05-01,4.719536460472707,45.17840313879648,3,0.28
3963,3,3,0.33,1528,2022-07-01,4.719536460472707,45.17840313879648,3,0.34
3964,3,3,0.32,1528,2022-10-01,4.719536460472707,45.17840313879648,3,0.32
3969,3,3,0.31,1534,2022-01-01,15.157253453643271,45.282406285764935,3,0.31
3977,3,3,0.34,1536,2022-01-01,15.417513103592237,45.30121149798982,3,0.34
3990,2,3,0.25,1540,2022-01-01,4.724514716401959,45.3793473461223,3,0.25
3991,3,3,0.27,1540,2022-05-01,4.724514716401959,45.3793473461223,3,0.27
3992,3,3,0.3,1540,2022-07-01,4.724514716401959,45.3793473461223,3,0.32
3993,3,3,0.29,1540,2022-10-01,4.724514716401959,45.3793473461223,3,0.29
3994,3,3,0.3,1541,2022-01-01,14.932715206610016,45.38104177752045,3,0.3
3997,3,3,0.29,1542,2022-01-01,14.713447263710512,45.38561132632742,3,0.3
4019,2,2,0.14,1551,2022-01-01,2.107780698339364,45.42666291460672,2,0.14
4020,3,2,0.14,1551,2022-05-01,2.107780698339364,45.42666291460672,2,0.14
4021,3,2,0.14,1551,2022-07-01,2.107780698339364,45.42666291460672,2,0.15
4022,2,2,0.14,1551,2022-10-01,2.107780698339364,45.42666291460672,2,0.14
4031,2,2,0.16,1553,2022-01-01,2.502201325563702,45.453754220531536,2,0.16
4032,3,2,0.14,1553,2022-05-01,2.502201325563702,45.453754220531536,2,0.14
4033,3,2,0.15,1553,2022-07-01,2.502201325563702,45.453754220531536,2,0.15
4034,2,2,0.14,1553,2022-10-01,2.502201325563702,45.453754220531536,2,0.14
4045,2,3,0.28,1558,2022-01-01,4.214943859950983,45.47282120267054,3,0.28
4046,3,3,0.3,1558,2022-05-01,4.214943859950983,45.47282120267054,3,0.3
4047,4,3,0.34,1558,2022-07-01,4.214943859950983,45.47282120267054,3,0.36
4048,3,3,0.34,1558,2022-10-01,4.214943859950983,45.47282120267054,3,0.34
4057,2,3,0.27,1559,2022-01-01,4.214943758029397,45.47282120674387,3,0.28
4058,3,3,0.3,1559,2022-05-01,4.214943758029397,45.47282120674387,3,0.3
4059,4,3,0.34,1559,2022-07-01,4.214943758029397,45.47282120674387,3,0.36
4060,3,3,0.33,1559,2022-10-01,4.214943758029397,45.47282120674387,3,0.34
4071,2,3,0.21,1561,2022-01-01,2.9615112176521734,45.53163099328288,3,0.21
4072,3,3,0.21,1561,2022-05-01,2.9615112176521734,45.53163099328288,3,0.21
4073,3,3,0.2,1561,2022-07-01,2.9615112176521734,45.53163099328288,3,0.2
4074,2,3,0.22,1561,2022-10-01,2.9615112176521734,45.53163099328288,3,0.22
4083,3,3,0.27,1562,2022-05-01,3.9000905464397935,45.53241519939419,3,0.27
4084,3,3,0.33,1562,2022-07-01,3.9000905464397935,45.53241519939419,3,0.33
4085,3,3,0.31,1562,2022-10-01,3.9000905464397935,45.53241519939419,3,0.3
4092,3,3,0.33,1563,2022-07-01,3.874399854679615,45.55042821363956,3,0.34
4093,3,3,0.3,1563,2022-10-01,3.874399854679615,45.55042821363956,3,0.28
4107,2,3,0.22,1566,2022-01-01,2.9933691873503783,45.56808147618876,3,0.22
4108,3,3,0.22,1566,2022-05-01,2.9933691873503783,45.56808147618876,3,0.22
4109,3,3,0.22,1566,2022-07-01,2.9933691873503783,45.56808147618876,3,0.23
4110,3,3,0.23,1566,2022-10-01,2.9933691873503783,45.56808147618876,3,0.24
4113,3,3,0.32,1567,2022-01-01,14.537036215310255,45.59072688623652,3,0.32
4114,3,3,0.34,1568,2022-01-01,14.934532706184466,45.59986258029644,3,0.34
4122,3,3,0.25,1569,2022-05-01,3.403226493382697,45.61266291295308,3,0.25
4123,3,3,0.33,1569,2022-10-01,3.403226493382697,45.61266291295308,3,0.33
4131,3,3,0.27,1570,2022-05-01,3.404593984520394,45.65371908671054,3,0.27
4132,3,3,0.31,1570,2022-10-01,3.404593984520394,45.65371908671054,3,0.3
4141,2,2,0.18,1571,2022-01-01,2.4880120106511097,45.65895045641372,2,0.18
4142,3,2,0.17,1571,2022-05-01,2.4880120106511097,45.65895045641372,2,0.17
4143,3,3,0.22,1571,2022-07-01,2.4880120106511097,45.65895045641372,3,0.23
4144,3,2,0.18,1571,2022-10-01,2.4880120106511097,45.65895045641372,2,0.18
4148,3,3,0.34,1573,2022-01-01,14.399333058121083,45.70824681027894,3,0.34
4154,2,3,0.28,1574,2022-01-01,9.10933677874324,45.72612683833251,3,0.28
4155,3,3,0.31,1574,2022-10-01,9.10933677874324,45.72612683833251,3,0.31
4161,2,3,0.28,1575,2022-01-01,9.109336778743245,45.72612683833253,3,0.28
4162,3,3,0.31,1575,2022-10-01,9.109336778743245,45.72612683833253,3,0.32
4166,3,3,0.34,1576,2022-01-01,14.766284539196024,45.74001236834268,3,0.34
4177,2,3,0.28,1578,2022-01-01,4.876484560183263,45.76023715495703,3,0.28
4178,3,3,0.23,1578,2022-05-01,4.876484560183263,45.76023715495703,3,0.24
4179,3,3,0.3,1578,2022-07-01,4.876484560183263,45.76023715495703,3,0.32
4180,3,3,0.29,1578,2022-10-01,4.876484560183263,45.76023715495703,3,0.29
4183,3,3,0.25,1580,2022-04-01,-24.86284689861296,45.77957081606995,3,0.25
4184,3,3,0.27,1580,2022-11-01,-24.86284689861296,45.77957081606995,3,0.27
4186,3,3,0.27,1581,2022-04-01,-24.86042672553664,45.78650565651914,3,0.27
4187,3,3,0.24,1581,2022-11-01,-24.86042672553664,45.78650565651914,3,0.24
4189,3,3,0.27,1582,2022-04-01,-24.86047500679897,45.786548390432905,3,0.27
4190,3,3,0.24,1582,2022-11-01,-24.86047500679897,45.786548390432905,3,0.24
4197,3,3,0.32,1584,2022-01-01,14.188673260720863,45.79180335026031,3,0.32
4203,3,3,0.29,1586,2022-01-01,16.662202808604324,45.81221029917619,3,0.29
4210,3,2,0.19,1588,2022-05-01,2.900693461128109,45.85143925214789,2,0.19
4211,2,2,0.16,1589,2022-01-01,2.387191014314804,45.856001845408194,2,0.16
4215,2,3,0.26,1590,2022-04-01,-23.372349907549328,45.87698108619294,3,0.26
4219,2,3,0.26,1591,2022-04-01,-23.37234606561346,45.87699054521189,3,0.26
4223,3,3,0.27,1592,2022-01-01,15.68075353933622,45.8942102155722,3,0.27
4227,3,3,0.29,1594,2022-01-01,15.154499282007023,46.00855439988603,3,0.29
4236,2,2,0.19,1595,2022-01-01,3.027879963296151,46.01421265141546,2,0.19
4237,3,2,0.19,1595,2022-05-01,3.027879963296151,46.01421265141546,2,0.19
4238,3,3,0.24,1595,2022-07-01,3.027879963296151,46.01421265141546,3,0.24
4239,3,3,0.26,1595,2022-10-01,3.027879963296151,46.01421265141546,3,0.26
4248,2,3,0.2,1596,2022-01-01,3.02788074305308,46.01421500599056,3,0.2
4249,3,3,0.2,1596,2022-05-01,3.02788074305308,46.01421500599056,3,0.2
4250,3,3,0.25,1596,2022-07-01,3.02788074305308,46.01421500599056,3,0.25
4251,3,3,0.26,1596,2022-10-01,3.02788074305308,46.01421500599056,3,0.26
4260,3,3,0.27,1600,2022-01-01,5.826184177084169,46.12495534956143,3,0.27
4261,3,3,0.25,1600,2022-05-01,5.826184177084169,46.12495534956143,3,0.26
4262,3,3,0.34,1600,2022-07-01,5.826184177084169,46.12495534956143,3,0.36
4263,3,3,0.3,1600,2022-10-01,5.826184177084169,46.12495534956143,3,0.31
4265,3,3,0.29,1603,2022-01-01,14.745744829981058,46.19637251696801,3,0.29
4266,3,3,0.31,1604,2022-07-01,4.767588838143962,46.20071414124951,3,0.31
4273,3,3,0.28,1605,2022-07-01,3.1368310378002486,46.210957678628695,3,0.28
4274,3,3,0.27,1605,2022-10-01,3.1368310378002486,46.210957678628695,3,0.27
4283,3,3,0.3,1608,2022-01-01,5.454941069339705,46.243735228542974,3,0.3
4284,3,3,0.28,1608,2022-05-01,5.454941069339705,46.243735228542974,3,0.28
4285,3,3,0.36,1608,2022-07-01,5.454941069339705,46.243735228542974,3,0.37
4286,3,3,0.36,1608,2022-10-01,5.454941069339705,46.243735228542974,3,0.35
4293,3,3,0.24,1609,2022-07-01,3.090932605871154,46.26382401679064,3,0.24
4294,3,3,0.23,1609,2022-10-01,3.090932605871154,46.26382401679064,3,0.23
4319,3,3,0.27,1622,2022-01-01,8.45837387573342,46.6595020387928,3,0.27
4320,3,3,0.28,1622,2022-10-01,8.45837387573342,46.6595020387928,3,0.28
4323,3,3,0.27,1623,2022-01-01,8.460819119003878,46.66135135440685,3,0.27
4324,3,3,0.28,1623,2022-10-01,8.460819119003878,46.66135135440685,3,0.29
4332,3,3,0.3,1624,2022-01-01,5.4411277206343645,46.68404636745754,3,0.3
4333,3,3,0.28,1624,2022-05-01,5.4411277206343645,46.68404636745754,3,0.29
4334,3,3,0.28,1624,2022-07-01,5.4411277206343645,46.68404636745754,3,0.29
4335,3,3,0.38,1624,2022-10-01,5.4411277206343645,46.68404636745754,3,0.39
4355,3,3,0.29,1629,2022-01-01,5.101826351080362,46.77976487168856,3,0.29
4356,3,3,0.29,1629,2022-05-01,5.101826351080362,46.77976487168856,3,0.3
4357,4,3,0.33,1629,2022-07-01,5.101826351080362,46.77976487168856,3,0.35
4358,3,3,0.33,1629,2022-10-01,5.101826351080362,46.77976487168856,3,0.34
4365,3,3,0.32,1633,2022-01-01,14.56404191007466,46.82769378038751,3,0.32
4367,4,3,0.31,1635,2022-07-01,4.760488050121268,46.84156868287333,3,0.33
4375,3,3,0.3,1638,2022-01-01,6.205609208751366,46.9149428781817,3,0.3
4376,3,3,0.28,1638,2022-05-01,6.205609208751366,46.9149428781817,3,0.29
4388,3,3,0.3,1640,2022-01-01,5.4350498981315045,46.94578234751655,3,0.31
4389,3,3,0.29,1640,2022-05-01,5.4350498981315045,46.94578234751655,3,0.29
4390,3,3,0.33,1640,2022-10-01,5.4350498981315045,46.94578234751655,3,0.35
4395,3,3,0.31,1646,2022-01-01,6.130697511219524,47.03672492053887,3,0.31
4396,3,3,0.29,1646,2022-05-01,6.130697511219524,47.03672492053887,3,0.29
4401,3,3,0.29,1648,2022-01-01,14.304881925914128,47.13708620743225,3,0.29
4406,3,3,0.29,1650,2022-05-01,7.039201313209557,47.22160576982812,3,0.29
4407,3,3,0.31,1650,2022-07-01,7.039201313209557,47.22160576982812,3,0.32
4408,3,3,0.26,1650,2022-10-01,7.039201313209557,47.22160576982812,3,0.27
4410,3,3,0.25,1652,2022-01-01,5.990688736439833,47.26433266836983,3,0.26
4418,3,2,0.19,1659,2022-08-01,-21.92578129012294,47.45026251411678,2,0.19
4419,3,2,0.19,1660,2022-08-01,-21.92575984697053,47.450339395894886,2,0.19
4429,3,3,0.27,1663,2022-01-01,8.96340114927864,47.56522751735135,3,0.27
4430,3,3,0.3,1663,2022-05-01,8.96340114927864,47.56522751735135,3,0.31
4431,3,3,0.37,1663,2022-07-01,8.96340114927864,47.56522751735135,3,0.37
4432,3,3,0.3,1663,2022-10-01,8.96340114927864,47.56522751735135,3,0.3
4440,3,3,0.27,1664,2022-01-01,8.963401116185429,47.565227549277246,3,0.27
4441,3,3,0.3,1664,2022-05-01,8.963401116185429,47.565227549277246,3,0.31
4442,3,3,0.37,1664,2022-07-01,8.963401116185429,47.565227549277246,3,0.37
4443,3,3,0.3,1664,2022-10-01,8.963401116185429,47.565227549277246,3,0.3
4445,2,2,0.17,1665,2022-08-01,-21.09216154826043,47.63653461142711,2,0.18
4447,2,2,0.17,1666,2022-08-01,-21.092221266374736,47.63654887595583,2,0.18
4455,3,3,0.25,1667,2022-01-01,8.438478369922112,47.63658887912514,3,0.25
4456,3,3,0.3,1667,2022-05-01,8.438478369922112,47.63658887912514,3,0.3
4457,3,3,0.31,1667,2022-07-01,8.438478369922112,47.63658887912514,3,0.31
4458,3,3,0.28,1667,2022-10-01,8.438478369922112,47.63658887912514,3,0.28
4460,3,2,0.19,1668,2022-08-01,-22.80655490234921,47.65853448498737,3,0.2
4462,3,2,0.19,1669,2022-08-01,-22.80658066269254,47.65854458836249,3,0.2
4464,3,3,0.2,1670,2022-08-01,-22.811523580306023,47.65990004427492,3,0.21
4472,3,3,0.26,1671,2022-01-01,8.56416414458926,47.6797305551534,3,0.26
4473,3,3,0.31,1671,2022-05-01,8.56416414458926,47.6797305551534,3,0.32
4474,3,3,0.31,1671,2022-07-01,8.56416414458926,47.6797305551534,3,0.32
4475,3,3,0.3,1671,2022-10-01,8.56416414458926,47.6797305551534,3,0.31
4477,3,3,0.3,1672,2022-01-01,14.366081642527574,47.68278182319865,3,0.3
4484,3,3,0.3,1673,2022-10-01,10.304739816157518,47.682970277522415,3,0.32
4491,3,3,0.3,1674,2022-10-01,10.304767461943356,47.68298090217924,3,0.32
4502,3,3,0.31,1675,2022-01-01,6.935225747264264,47.68794800710713,3,0.31
4503,3,3,0.31,1675,2022-05-01,6.935225747264264,47.68794800710713,3,0.31
4504,3,3,0.37,1675,2022-07-01,6.935225747264264,47.68794800710713,3,0.37
4505,3,3,0.33,1675,2022-10-01,6.935225747264264,47.68794800710713,3,0.35
4515,3,3,0.3,1681,2022-10-01,7.26658753125688,47.7513850149219,3,0.31
4521,3,3,0.3,1683,2022-10-01,10.290241702682636,47.80754101391203,3,0.33
4525,3,2,0.18,1686,2022-08-01,-21.91632672624134,47.87231769862786,2,0.19
4526,3,2,0.18,1687,2022-08-01,-21.916301594958096,47.872357433505165,2,0.19
4536,3,3,0.26,1691,2022-01-01,6.845419307881282,47.93455129617601,3,0.27
4537,3,3,0.33,1691,2022-05-01,6.845419307881282,47.93455129617601,3,0.33
4538,3,3,0.37,1691,2022-07-01,6.845419307881282,47.93455129617601,3,0.37
4539,3,3,0.34,1691,2022-10-01,6.845419307881282,47.93455129617601,3,0.36
4544,3,3,0.26,1692,2022-10-01,10.06275608920129,47.96019522536994,3,0.29
4555,3,3,0.31,1695,2022-01-01,6.372838953928481,48.15150217111405,3,0.32
4556,3,3,0.35,1695,2022-05-01,6.372838953928481,48.15150217111405,3,0.35
4557,3,3,0.34,1695,2022-07-01,6.372838953928481,48.15150217111405,3,0.35
4558,3,3,0.3,1695,2022-10-01,6.372838953928481,48.15150217111405,3,0.32
4567,3,3,0.31,1696,2022-01-01,6.372845287051908,48.151508699712096,3,0.32
4568,3,3,0.35,1696,2022-05-01,6.372845287051908,48.151508699712096,3,0.35
4569,3,3,0.32,1696,2022-07-01,6.372845287051908,48.151508699712096,3,0.33
4570,3,3,0.28,1696,2022-10-01,6.372845287051908,48.151508699712096,3,0.3
4575,3,3,0.25,1698,2022-05-01,5.970862132667298,48.20492293392363,3,0.26
4576,3,3,0.27,1698,2022-10-01,5.970862132667298,48.20492293392363,3,0.28
4581,3,3,0.3,1702,2022-10-01,7.802178737850594,48.39913564492018,3,0.31
4593,3,3,0.28,1712,2022-01-01,8.470413638420789,48.78642060408444,3,0.28
4594,3,3,0.29,1712,2022-05-01,8.470413638420789,48.78642060408444,3,0.29
4595,3,3,0.28,1712,2022-10-01,8.470413638420789,48.78642060408444,3,0.28
4605,3,3,0.28,1715,2022-01-01,8.538674374368654,48.81968393751673,3,0.29
4606,3,3,0.32,1715,2022-05-01,8.538674374368654,48.81968393751673,3,0.33
4607,3,3,0.28,1715,2022-10-01,8.538674374368654,48.81968393751673,3,0.29
4614,3,3,0.27,1718,2022-01-01,8.108384284375635,48.91388387800469,3,0.28
4615,3,3,0.31,1718,2022-05-01,8.108384284375635,48.91388387800469,3,0.32
4616,3,3,0.29,1718,2022-10-01,8.108384284375635,48.91388387800469,3,0.29
4623,3,3,0.27,1719,2022-01-01,8.108384269555538,48.91388388910547,3,0.28
4624,3,3,0.31,1719,2022-05-01,8.108384269555538,48.91388388910547,3,0.32
4625,3,3,0.29,1719,2022-10-01,8.108384269555538,48.91388388910547,3,0.29
4632,3,3,0.31,1721,2022-10-01,7.137299868076663,49.009990875432926,3,0.32
4642,2,3,0.24,1727,2022-01-01,10.921475933925835,49.39981363283276,3,0.24
4643,3,3,0.28,1727,2022-05-01,10.921475933925835,49.39981363283276,3,0.28
4644,3,3,0.33,1727,2022-07-01,10.921475933925835,49.39981363283276,3,0.34
4645,3,3,0.24,1727,2022-10-01,10.921475933925835,49.39981363283276,3,0.24
4654,2,3,0.21,1728,2022-01-01,11.040949244519366,49.41322557448575,3,0.21
4655,3,3,0.24,1728,2022-05-01,11.040949244519366,49.41322557448575,3,0.24
4656,3,3,0.27,1728,2022-07-01,11.040949244519366,49.41322557448575,3,0.28
4657,3,2,0.17,1728,2022-10-01,11.040949244519366,49.41322557448575,2,0.17
4659,2,3,0.27,1729,2022-01-01,9.50218436035994,49.50762375183961,3,0.27
4660,3,3,0.22,1729,2022-10-01,9.50218436035994,49.50762375183961,3,0.22
4662,2,3,0.27,1730,2022-01-01,9.502091350930124,49.50765439970155,3,0.27
4663,3,3,0.22,1730,2022-10-01,9.502091350930124,49.50765439970155,3,0.22
4673,2,3,0.29,1736,2022-01-01,10.219529178926134,50.04989521658926,3,0.29
4674,3,3,0.29,1736,2022-05-01,10.219529178926134,50.04989521658926,3,0.29
4675,3,3,0.36,1736,2022-07-01,10.219529178926134,50.04989521658926,3,0.37
4676,3,3,0.29,1736,2022-10-01,10.219529178926134,50.04989521658926,3,0.29
4685,2,3,0.29,1737,2022-01-01,10.219529178926129,50.04989521658936,3,0.29
4686,3,3,0.29,1737,2022-05-01,10.219529178926129,50.04989521658936,3,0.29
4687,3,3,0.36,1737,2022-07-01,10.219529178926129,50.04989521658936,3,0.37
4688,3,3,0.29,1737,2022-10-01,10.219529178926129,50.04989521658936,3,0.29
4692,2,3,0.28,1738,2022-01-01,11.05893007860795,50.08904346202624,3,0.28
4693,3,3,0.33,1738,2022-07-01,11.05893007860795,50.08904346202624,3,0.33
4697,2,3,0.28,1739,2022-01-01,11.10298331368691,50.10888865628656,3,0.28
4698,3,3,0.32,1739,2022-07-01,11.10298331368691,50.10888865628656,3,0.33
4702,3,3,0.27,1740,2022-05-01,10.221987135729352,50.21330332219992,3,0.28
4707,3,3,0.28,1743,2022-05-01,10.551205191894937,50.50521379535825,3,0.29
4725,3,3,0.34,1756,2022-03-01,34.19726419274015,62.13113056941202,3,0.34
4726,3,3,0.4,1756,2022-09-01,34.19726419274015,62.13113056941202,3,0.4
4734,3,3,0.36,1757,2022-03-01,34.37207555097584,62.182786259898286,3,0.37
4735,3,3,0.43,1757,2022-09-01,34.37207555097584,62.182786259898286,3,0.43
4743,3,3,0.36,1758,2022-03-01,32.60829967636395,62.30174510803824,3,0.36
4744,3,3,0.39,1758,2022-09-01,32.60829967636395,62.30174510803824,3,0.39
4751,4,3,0.38,1759,2022-03-01,30.80215254171861,62.31871881065853,3,0.38
4755,3,3,0.37,1760,2022-07-01,25.998801117660715,63.049767051985874,3,0.37
4763,4,3,0.4,1762,2022-03-01,35.1369425464404,63.73446478964419,3,0.4
4764,3,3,0.42,1762,2022-09-01,35.1369425464404,63.73446478964419,3,0.42
4771,3,3,0.35,1763,2022-03-01,31.11711699026382,64.02462838057671,3,0.35
4772,3,3,0.4,1763,2022-09-01,31.11711699026382,64.02462838057671,3,0.4
4782,3,3,0.37,1766,2022-03-01,31.45040720870387,64.51120635801979,3,0.37
4783,3,3,0.4,1766,2022-09-01,31.45040720870387,64.51120635801979,3,0.4
4790,3,3,0.39,1767,2022-03-01,35.93653786644956,64.79278288911587,3,0.39
4791,3,3,0.4,1767,2022-09-01,35.93653786644956,64.79278288911587,3,0.4
4798,4,3,0.38,1768,2022-03-01,36.0601034001186,64.86934237146448,3,0.38
4799,3,3,0.4,1768,2022-09-01,36.0601034001186,64.86934237146448,3,0.41
4807,4,3,0.4,1769,2022-03-01,34.17850620049193,64.92852502356287,3,0.4
4808,4,3,0.45,1769,2022-09-01,34.17850620049193,64.92852502356287,3,0.45
4812,3,3,0.42,1770,2022-07-01,26.19488588283986,65.38196238594949,3,0.41
4815,3,3,0.39,1771,2022-07-01,28.69479860075776,65.60189741905542,3,0.39
4825,3,3,0.35,1772,2022-03-01,31.04315536463339,65.71338357675695,3,0.35
4826,3,3,0.37,1772,2022-07-01,31.04315536463339,65.71338357675695,3,0.38
4827,3,3,0.42,1772,2022-09-01,31.04315536463339,65.71338357675695,3,0.42
4837,4,3,0.35,1773,2022-03-01,31.507310947261903,65.71493805817606,3,0.35
4838,3,3,0.41,1773,2022-07-01,31.507310947261903,65.71493805817606,3,0.41
4839,3,3,0.42,1773,2022-09-01,31.507310947261903,65.71493805817606,3,0.42
4846,4,3,0.38,1774,2022-03-01,36.59128411681026,65.74782413184282,3,0.38
4847,3,3,0.38,1774,2022-09-01,36.59128411681026,65.74782413184282,3,0.38
4857,4,3,0.35,1776,2022-03-01,36.82937675305168,65.85410350330332,3,0.35
4858,3,3,0.35,1776,2022-09-01,36.82937675305168,65.85410350330332,3,0.35
4865,4,3,0.37,1777,2022-03-01,32.852741376833166,66.0564006540883,3,0.37
4866,3,3,0.4,1777,2022-09-01,32.852741376833166,66.0564006540883,3,0.4
4873,3,3,0.34,1778,2022-03-01,35.71452180245782,66.13888251779474,3,0.34
4881,4,3,0.39,1779,2022-03-01,33.694319875354324,66.17597613647315,3,0.39
4889,3,3,0.37,1781,2022-07-01,30.81050233341985,66.68159644435949,3,0.37
4898,4,3,0.32,1782,2022-03-01,36.66993984138959,67.07845757784821,3,0.31
4899,3,3,0.36,1782,2022-09-01,36.66993984138959,67.07845757784821,3,0.36
4906,3,3,0.32,1783,2022-03-01,36.70969606517861,67.11686021244337,3,0.32
4907,3,3,0.36,1783,2022-09-01,36.70969606517861,67.11686021244337,3,0.36
4909,3,3,0.39,1784,2022-07-01,30.7366914621813,67.14528377322883,3,0.39
4917,3,3,0.32,1785,2022-03-01,32.19988584788743,67.14779252813524,3,0.32
4918,3,3,0.35,1785,2022-07-01,32.19988584788743,67.14779252813524,3,0.36
4919,3,3,0.35,1785,2022-09-01,32.19988584788743,67.14779252813524,3,0.35
4921,3,3,0.37,1786,2022-09-01,34.80460485361433,67.23385944056996,3,0.37
4924,3,3,0.34,1787,2022-07-01,29.34618901606241,67.5272256274083,3,0.35
4925,2,3,0.35,1788,2022-07-01,28.403927868338787,67.52755642679128,3,0.34
4933,3,3,0.32,1789,2022-09-01,35.9724464086474,67.70250322769508,3,0.32
4943,3,3,0.34,1791,2022-03-01,33.316414449751974,67.80768798576668,3,0.34
4944,3,3,0.37,1791,2022-09-01,33.316414449751974,67.80768798576668,3,0.37
4946,3,3,0.35,1792,2022-07-01,30.131915760528788,67.86297247787769,3,0.36
4955,4,3,0.25,1793,2022-03-01,34.30324901756221,68.21773975724157,3,0.25
4956,3,3,0.35,1793,2022-09-01,34.30324901756221,68.21773975724157,3,0.35
4958,2,3,0.31,1794,2022-07-01,26.360967548786096,68.33316503475697,3,0.31
4961,3,3,0.28,1795,2022-03-01,35.27526301033201,68.3807187177235,3,0.28
4970,3,3,0.34,1796,2022-03-01,35.97979701953894,68.60334966305619,3,0.34
4979,3,3,0.32,1797,2022-03-01,36.0102191591933,68.66826942276124,3,0.32
4987,3,3,0.27,1798,2022-03-01,36.983718295221614,68.68346175970713,3,0.27
4997,3,3,0.29,1799,2022-03-01,32.47685223612268,68.74383240589808,3,0.29
4998,3,3,0.33,1799,2022-09-01,32.47685223612268,68.74383240589808,3,0.33
5007,3,3,0.27,1800,2022-03-01,36.84323131325989,68.7465189819281,3,0.27
5008,3,3,0.32,1800,2022-09-01,36.84323131325989,68.7465189819281,3,0.32
5017,3,3,0.33,1802,2022-03-01,36.796694126435725,68.85865667814326,3,0.33
5018,3,3,0.39,1802,2022-09-01,36.796694126435725,68.85865667814326,3,0.39
5027,3,3,0.35,1803,2022-03-01,36.68898065579655,68.86639618658153,3,0.35
5028,3,3,0.37,1803,2022-09-01,36.68898065579655,68.86639618658153,3,0.38
5039,3,3,0.25,1804,2022-03-01,34.95829668992033,68.886116500992,3,0.25
5040,3,3,0.28,1804,2022-07-01,34.95829668992033,68.886116500992,3,0.28
5041,3,3,0.31,1804,2022-09-01,34.95829668992033,68.886116500992,3,0.31
5051,3,3,0.26,1806,2022-03-01,35.804458866918566,68.91422398852063,3,0.25
5052,3,3,0.27,1806,2022-09-01,35.804458866918566,68.91422398852063,3,0.27
5054,3,3,0.38,1808,2022-07-01,28.95295509312537,69.05246119379952,3,0.38
5059,3,3,0.33,1809,2022-07-01,26.829287790370422,69.08023157759547,3,0.33
5067,3,3,0.25,1810,2022-03-01,36.07190368560718,69.14403340138202,3,0.25
5068,3,3,0.28,1810,2022-09-01,36.07190368560718,69.14403340138202,3,0.28
5080,3,3,0.24,1811,2022-03-01,34.51956456196093,69.1541418017815,3,0.24
5081,3,3,0.27,1811,2022-07-01,34.51956456196093,69.1541418017815,3,0.27
5082,3,3,0.34,1811,2022-09-01,34.51956456196093,69.1541418017815,3,0.34
5093,3,3,0.25,1813,2022-03-01,34.01347555604062,69.16851610507103,3,0.25
5094,3,3,0.28,1813,2022-07-01,34.01347555604062,69.16851610507103,3,0.28
5095,3,3,0.3,1813,2022-09-01,34.01347555604062,69.16851610507103,3,0.3
5099,3,3,0.31,1814,2022-07-01,27.50264185018468,69.1766188845014,3,0.31
5106,3,3,0.28,1815,2022-03-01,35.58373829218359,69.24223332720217,3,0.28
5118,3,3,0.3,1817,2022-03-01,34.55467279276139,69.33467206265918,3,0.29
5119,3,3,0.31,1817,2022-07-01,34.55467279276139,69.33467206265918,3,0.31
5120,3,3,0.31,1817,2022-09-01,34.55467279276139,69.33467206265918,3,0.31
5130,3,3,0.3,1818,2022-03-01,33.63199637452928,69.38830445424315,3,0.3
5131,3,3,0.35,1818,2022-07-01,33.63199637452928,69.38830445424315,3,0.35
5132,3,3,0.34,1818,2022-09-01,33.63199637452928,69.38830445424315,3,0.34
5142,4,3,0.33,1819,2022-03-01,36.59956854073143,69.45249020690545,3,0.34
5143,3,3,0.39,1819,2022-09-01,36.59956854073143,69.45249020690545,3,0.39
5151,4,3,0.35,1820,2022-03-01,37.27840107632611,69.51469697614789,3,0.37
5152,3,3,0.37,1820,2022-09-01,37.27840107632611,69.51469697614789,3,0.38
5158,4,3,0.4,1821,2022-03-01,36.74061645947404,69.60879931705863,3,0.42
5159,3,3,0.37,1821,2022-09-01,36.74061645947404,69.60879931705863,3,0.38
5170,3,3,0.27,1822,2022-03-01,34.962915320217654,69.62260714647839,3,0.27
5171,3,3,0.26,1822,2022-07-01,34.962915320217654,69.62260714647839,3,0.26
5172,3,3,0.27,1822,2022-09-01,34.962915320217654,69.62260714647839,3,0.27
5175,3,3,0.35,1824,2022-03-01,35.979793230889825,69.65196509916815,3,0.35
5176,3,3,0.34,1824,2022-09-01,35.979793230889825,69.65196509916815,3,0.35
5179,3,3,0.31,1825,2022-09-01,36.48119631196681,69.65672464238358,3,0.31
5188,3,3,0.35,1826,2022-03-01,32.315094597464565,69.75031526708382,3,0.36
5189,3,3,0.31,1826,2022-07-01,32.315094597464565,69.75031526708382,3,0.32
5190,3,3,0.37,1826,2022-09-01,32.315094597464565,69.75031526708382,3,0.37
5199,3,3,0.35,1827,2022-03-01,32.31365462899254,69.75035602527542,3,0.36
5200,3,3,0.31,1827,2022-07-01,32.31365462899254,69.75035602527542,3,0.32
5201,3,3,0.39,1827,2022-09-01,32.31365462899254,69.75035602527542,3,0.39
5211,3,3,0.29,1829,2022-03-01,36.70153306824218,69.77881902883493,3,0.29
5212,3,3,0.31,1829,2022-09-01,36.70153306824218,69.77881902883493,3,0.31
5218,3,3,0.38,1830,2022-03-01,35.44562963826078,69.79458011403004,3,0.39
5219,3,3,0.3,1830,2022-07-01,35.44562963826078,69.79458011403004,3,0.3
5220,3,3,0.39,1830,2022-09-01,35.44562963826078,69.79458011403004,3,0.39
5230,3,3,0.28,1831,2022-03-01,33.37727424407925,69.83355581798833,3,0.28
5231,3,3,0.3,1831,2022-07-01,33.37727424407925,69.83355581798833,3,0.3
5232,3,3,0.31,1831,2022-09-01,33.37727424407925,69.83355581798833,3,0.32
5239,4,3,0.34,1832,2022-03-01,37.20628575259478,69.83552259996546,3,0.35
5240,3,3,0.35,1832,2022-09-01,37.20628575259478,69.83552259996546,3,0.36
5260,3,3,0.31,1835,2022-03-01,32.95392308275225,69.98543460521812,3,0.32
5261,3,3,0.39,1835,2022-07-01,32.95392308275225,69.98543460521812,3,0.39
5262,3,3,0.36,1835,2022-09-01,32.95392308275225,69.98543460521812,3,0.35
5271,3,3,0.31,1836,2022-03-01,32.95358217351789,69.9871815316169,3,0.31
5272,3,3,0.38,1836,2022-07-01,32.95358217351789,69.9871815316169,3,0.39
5273,3,3,0.37,1836,2022-09-01,32.95358217351789,69.9871815316169,3,0.36
5283,3,3,0.28,1838,2022-03-01,36.21509603470361,70.08210520571252,3,0.27
5284,3,3,0.31,1838,2022-09-01,36.21509603470361,70.08210520571252,3,0.31
5294,3,3,0.3,1839,2022-07-01,34.65159461931257,70.09438372445331,3,0.3
5305,3,3,0.32,1841,2022-07-01,34.76421346424562,70.15966897058827,3,0.32
5316,3,3,0.31,1843,2022-07-01,34.668871424522926,70.28719655423544,3,0.31
5328,3,3,0.32,1844,2022-03-01,34.23969696345061,70.29910833324521,3,0.32
5329,3,3,0.3,1844,2022-07-01,34.23969696345061,70.29910833324521,3,0.3
5330,3,3,0.35,1844,2022-09-01,34.23969696345061,70.29910833324521,3,0.35
5333,3,3,0.39,1845,2022-09-01,33.708308072023605,70.3240820316586,3,0.39
5336,3,3,0.39,1846,2022-09-01,33.70817894933065,70.32460356392605,3,0.39
5345,3,3,0.39,1848,2022-03-01,37.068321955908274,70.45226014550141,3,0.39
5346,3,3,0.39,1848,2022-09-01,37.068321955908274,70.45226014550141,3,0.39
5357,4,3,0.33,1849,2022-03-01,34.421817158622794,70.46352974960138,3,0.34
5358,3,3,0.32,1849,2022-07-01,34.421817158622794,70.46352974960138,3,0.32
5359,3,3,0.37,1849,2022-09-01,34.421817158622794,70.46352974960138,3,0.37
5370,3,3,0.34,1850,2022-03-01,34.27358922636213,70.47577844334006,3,0.33
5371,3,3,0.31,1850,2022-07-01,34.27358922636213,70.47577844334006,3,0.31
5372,3,3,0.38,1850,2022-09-01,34.27358922636213,70.47577844334006,3,0.38
5373,3,3,0.31,1851,2022-07-01,34.706600499836135,70.5858706748827,3,0.31
5379,4,3,0.44,1852,2022-03-01,37.58182991511613,70.6117076830437,3,0.44
5380,4,3,0.43,1852,2022-09-01,37.58182991511613,70.6117076830437,3,0.43
5388,3,3,0.33,1853,2022-03-01,34.156728947985975,70.63255551000375,3,0.33
5389,3,3,0.31,1853,2022-07-01,34.156728947985975,70.63255551000375,3,0.31
5398,3,3,0.35,1854,2022-09-01,34.469937022379526,70.69317820971025,3,0.35
5403,4,3,0.44,1855,2022-03-01,36.05844001884919,70.77411162405842,3,0.44
5404,4,3,0.41,1855,2022-09-01,36.05844001884919,70.77411162405842,3,0.41
5413,4,3,0.46,1856,2022-09-01,35.41690124531286,70.78845854353511,3,0.46
5421,3,3,0.33,1857,2022-03-01,34.963338060131555,70.85487547298617,3,0.34
5422,3,3,0.32,1857,2022-07-01,34.963338060131555,70.85487547298617,3,0.32
5423,3,3,0.35,1857,2022-09-01,34.963338060131555,70.85487547298617,3,0.35
5429,4,3,0.48,1858,2022-09-01,35.326345549943504,70.86995950830533,3,0.47
5440,3,3,0.33,1859,2022-03-01,34.75009258280436,70.87467096693025,3,0.33
5441,3,3,0.32,1859,2022-07-01,34.75009258280436,70.87467096693025,3,0.32
5442,3,3,0.35,1859,2022-09-01,34.75009258280436,70.87467096693025,3,0.35
5448,4,3,0.43,1860,2022-03-01,38.1086959673914,70.87943130812613,3,0.42
5460,3,3,0.34,1863,2022-03-01,34.23560101735751,71.00080048969804,3,0.34
5468,3,3,0.32,1864,2022-07-01,34.70285241066706,71.0489168317839,3,0.33
5469,3,3,0.36,1864,2022-09-01,34.70285241066706,71.0489168317839,3,0.36
5477,3,3,0.36,1865,2022-03-01,33.95957438977179,71.06706037356832,3,0.35
5478,3,3,0.38,1865,2022-07-01,33.95957438977179,71.06706037356832,3,0.38
5479,3,3,0.38,1865,2022-09-01,33.95957438977179,71.06706037356832,3,0.38
5487,3,3,0.36,1866,2022-03-01,33.95982871279366,71.06841037043326,3,0.35
5488,3,3,0.38,1866,2022-07-01,33.95982871279366,71.06841037043326,3,0.38
5489,3,3,0.38,1866,2022-09-01,33.95982871279366,71.06841037043326,3,0.38
5500,3,3,0.33,1867,2022-03-01,34.96599162745284,71.0939726559884,3,0.33
5501,3,3,0.32,1867,2022-07-01,34.96599162745284,71.0939726559884,3,0.32
5502,3,3,0.35,1867,2022-09-01,34.96599162745284,71.0939726559884,3,0.35
5508,4,3,0.46,1868,2022-09-01,37.39967222274712,71.23234918521382,3,0.46
5523,3,3,0.34,1870,2022-03-01,35.14639543428762,71.28389090828077,3,0.34
5524,3,3,0.32,1870,2022-07-01,35.14639543428762,71.28389090828077,3,0.32
5525,3,3,0.36,1870,2022-09-01,35.14639543428762,71.28389090828077,3,0.36
5530,3,3,0.4,1871,2022-09-01,34.46526338205496,71.3385090585282,3,0.4
5535,3,3,0.4,1872,2022-09-01,34.46535715825847,71.3392856621716,3,0.4
5544,4,3,0.39,1873,2022-03-01,37.037830280781854,71.45621107146287,3,0.39
5545,4,3,0.48,1873,2022-09-01,37.037830280781854,71.45621107146287,3,0.48
5561,3,3,0.37,1875,2022-03-01,34.75359534543508,71.50492722404266,3,0.37
5562,3,3,0.41,1875,2022-07-01,34.75359534543508,71.50492722404266,3,0.41
5563,3,3,0.4,1875,2022-09-01,34.75359534543508,71.50492722404266,3,0.39
5572,3,3,0.37,1876,2022-03-01,34.75298698459401,71.50495987869547,3,0.37
5573,3,3,0.41,1876,2022-07-01,34.75298698459401,71.50495987869547,3,0.41
5574,3,3,0.4,1876,2022-09-01,34.75298698459401,71.50495987869547,3,0.39
