area_id,country_code_3
2,DOM
5,DOM
9,DOM
10,HTI
11,HTI
12,HTI
13,HTI
16,HTI
17,HTI
18,HTI
19,HTI
20,HTI
21,HTI
22,HTI
28,HTI
29,HTI
32,HTI
33,HTI
34,HND
35,HND
36,HND
37,HND
38,HND
39,HND
40,HND
41,HND
42,HND
43,HND
44,HND
45,SLV
46,HND
47,SLV
48,HND
49,HND
50,SLV
51,HND
52,HND
53,SLV
54,SLV
55,HND
56,HND
57,SLV
58,GTM
59,GTM
60,SLV
61,HND
62,HND
63,SLV
64,HND
65,SLV
66,SLV
67,GTM
68,GTM
69,GTM
70,GTM
71,GTM
72,SLV
73,SLV
74,GTM
75,GTM
76,GTM
77,SLV
78,GTM
79,GTM
80,GTM
81,GTM
82,GTM
83,GTM
84,GTM
85,GTM
86,GTM
87,GTM
88,GTM
89,GTM
90,GTM
91,GTM
92,GTM
93,GTM
94,GTM
95,GTM
96,GTM
97,GTM
98,GTM
99,GTM
100,GTM
101,GTM
102,GTM
103,GTM
104,GTM
105,GTM
106,GTM
107,GTM
108,GTM
109,GTM
110,GTM
111,GTM
112,GTM
113,GTM
114,GTM
122,COD
126,COD
127,COD
128,COD
132,CAF
133,CAF
134,CAF
136,COD
149,COD
150,COD
157,COD
158,CAF
159,CAF
160,COD
161,COD
162,CAF
165,CAF
166,CAF
167,CAF
168,CAF
169,COD
170,CAF
174,CAF
175,CAF
177,CAF
178,CAF
180,CAF
181,CAF
183,CAF
184,CAF
187,CAF
189,COD
190,COD
191,CAF
198,CAF
200,CAF
201,CAF
205,CAF
206,CAF
210,CAF
211,CAF
212,CAF
213,CAF
216,CAF
217,CAF
223,CAF
224,CAF
226,CAF
228,CAF
229,CAF
230,COD
231,CAF
232,CAF
233,CAF
234,CAF
235,CAF
237,CAF
239,CAF
242,COD
243,ZAF
250,COD
251,CAF
253,CAF
254,CAF
255,CAF
258,CAF
259,CAF
260,CAF
261,COD
263,COD
264,COD
269,CAF
271,CAF
274,CAF
277,CAF
280,CAF
282,CAF
283,CAF
284,COD
285,COD
286,CAF
287,CAF
290,CAF
291,CAF
296,COD
298,CAF
300,CAF
302,CAF
304,CAF
305,CAF
313,CAF
314,CAF
315,COD
316,COD
317,COD
319,CAF
322,CAF
323,CAF
330,COD
331,COD
333,COD
334,CAF
335,CAF
337,COD
338,COD
340,CAF
342,CAF
343,COD
344,COD
347,CAF
353,ZMB
354,ZMB
364,CAF
366,CAF
367,COD
368,COD
370,COD
374,COD
375,COD
376,COD
377,COD
387,COD
389,CAF
390,CAF
391,COD
392,COD
393,COD
396,CAF
407,COD
408,COD
409,COD
410,COD
413,COD
416,CAF
417,COD
420,COD
423,CAF
435,CAF
436,CAF
437,SSD
438,SSD
441,CAF
443,COD
444,COD
445,COD
446,COD
451,COD
452,COD
455,COD
456,COD
458,CAF
459,COD
461,CAF
462,COD
463,CAF
464,COD
471,COD
472,COD
473,SSD
474,SSD
475,SSD
476,SSD
480,COD
481,COD
482,COD
483,COD
485,ZAF
492,COD
493,CAF
494,COD
495,SSD
496,SSD
499,SSD
500,SSD
504,LSO
507,COD
508,COD
509,COD
510,COD
512,SSD
513,SSD
517,ZMB
518,COD
519,COD
520,SSD
521,SSD
522,SSD
523,SSD
529,LSO
531,ZAF
534,COD
535,SSD
536,SSD
537,COD
538,COD
539,COD
541,ZAF
545,SSD
546,SSD
547,COD
548,ZMB
549,ZMB
550,SSD
551,SSD
552,ZAF
553,COD
555,COD
556,SSD
557,SSD
561,ZMB
562,ZMB
564,COD
565,COD
568,SSD
570,COD
571,COD
573,ZMB
575,ZMB
577,SSD
578,SSD
580,ZMB
581,ZMB
582,ZMB
583,SSD
584,SSD
585,ZMB
586,COD
587,COD
589,ZMB
590,ZMB
591,COD
592,COD
593,COD
594,COD
598,COD
602,COD
603,ZMB
604,ZMB
605,SSD
606,SSD
607,COD
608,COD
609,COD
611,COD
613,COD
614,COD
615,COD
616,COD
618,COD
619,SSD
620,SSD
623,COD
625,COD
626,COD
628,SSD
629,SSD
630,ZMB
631,SSD
632,SSD
633,ZMB
634,COD
635,SSD
636,SSD
637,SSD
638,SSD
639,SSD
640,SSD
641,COD
642,SSD
643,SSD
644,COD
645,COD
646,COD
647,COD
648,ZAF
649,COD
650,COD
651,BDI
652,BDI
654,COD
655,COD
658,COD
659,ZWE
660,COD
661,COD
664,SSD
665,SSD
667,COD
668,SSD
669,SSD
670,SSD
671,SSD
672,SSD
673,SSD
674,BDI
675,BDI
676,BDI
677,BDI
678,SSD
679,SSD
680,COD
681,COD
682,SSD
683,SSD
684,COD
685,COD
687,SSD
688,SSD
689,SSD
690,SSD
691,SSD
692,SSD
694,SSD
695,SSD
697,SSD
698,SSD
699,BDI
700,BDI
701,SSD
702,SSD
703,BDI
704,BDI
705,ZAF
706,COD
707,BDI
708,BDI
709,SSD
710,SSD
711,SSD
712,SSD
715,SSD
716,COD
717,COD
721,SSD
722,SSD
723,SSD
724,SSD
726,COD
727,ZAF
730,SSD
731,SSD
732,SSD
733,SSD
734,ZAF
735,SSD
736,SSD
737,UGA
738,UGA
739,ZAF
742,MOZ
748,SSD
749,SSD
752,UGA
753,UGA
754,UGA
755,UGA
757,SSD
758,SSD
759,SWZ
760,SSD
761,SWZ
762,SSD
765,UGA
766,UGA
768,SSD
769,SSD
770,SWZ
771,SSD
772,SSD
773,SWZ
775,ZMB
776,SWZ
777,SWZ
779,SSD
780,SSD
781,SSD
782,SSD
783,SSD
784,SSD
785,SSD
786,SSD
787,UGA
789,SSD
793,SDN
794,SWZ
795,UGA
796,UGA
797,UGA
798,SWZ
799,SWZ
800,SSD
801,SSD
806,SSD
807,SSD
815,SSD
816,SSD
817,SSD
818,SSD
820,SSD
821,SSD
825,SDN
828,SDN
829,SDN
835,MOZ
837,UGA
840,MOZ
841,MOZ
842,SSD
843,SSD
844,SSD
845,SSD
846,UGA
847,MOZ
848,UGA
850,MOZ
851,UGA
852,UGA
853,SSD
854,SSD
855,ZWE
857,UGA
858,UGA
860,MOZ
865,SSD
867,SSD
870,SSD
871,SSD
872,MOZ
875,SSD
876,SSD
877,SSD
878,SSD
882,SSD
883,SSD
884,MOZ
892,MOZ
893,SSD
894,SSD
895,MOZ
896,SSD
897,SSD
898,SSD
899,SSD
900,MWI
901,SSD
902,SSD
903,MOZ
904,SSD
905,SSD
906,UGA
913,SSD
914,SSD
915,MWI
916,UGA
917,UGA
918,UGA
919,UGA
921,MWI
925,MOZ
926,MOZ
927,SSD
928,SSD
929,UGA
930,SSD
931,SSD
932,MOZ
933,MOZ
936,MOZ
937,UGA
938,UGA
941,UGA
942,UGA
945,UGA
946,UGA
947,MOZ
948,UGA
949,MOZ
950,MOZ
951,UGA
952,UGA
954,MOZ
955,MOZ
956,MOZ
957,KEN
962,MOZ
965,UGA
966,UGA
968,UGA
969,UGA
971,SSD
972,SSD
973,MOZ
981,MOZ
983,MOZ
984,MOZ
985,MOZ
994,KEN
995,KEN
996,MOZ
997,LBN
999,MWI
1000,MWI
1001,LBN
1003,KEN
1004,MWI
1005,KEN
1007,MOZ
1008,LBN
1009,MWI
1011,KEN
1013,MWI
1014,KEN
1015,KEN
1016,LBN
1017,LBN
1020,LBN
1023,LBN
1026,MOZ
1027,MOZ
1028,SDN
1032,KEN
1033,KEN
1034,MOZ
1038,LBN
1039,LBN
1044,MOZ
1045,MOZ
1046,KEN
1047,KEN
1048,KEN
1049,KEN
1050,KEN
1053,MOZ
1054,MOZ
1057,TZA
1059,KEN
1060,KEN
1061,KEN
1063,MOZ
1064,MOZ
1065,ETH
1067,MOZ
1068,KEN
1071,KEN
1074,ETH
1078,KEN
1079,KEN
1086,ETH
1087,ETH
1090,ETH
1097,KEN
1099,KEN
1102,KEN
1103,KEN
1107,MOZ
1112,MOZ
1113,MOZ
1114,MOZ
1116,ETH
1119,MOZ
1120,ETH
1124,MOZ
1126,MOZ
1127,MOZ
1128,MOZ
1130,ETH
1131,MOZ
1132,ETH
1139,ETH
1143,ETH
1144,ETH
1145,MOZ
1146,MOZ
1148,MOZ
1150,MOZ
1151,MOZ
1152,MOZ
1154,MOZ
1155,ETH
1156,ETH
1157,KEN
1158,KEN
1160,KEN
1161,KEN
1173,KEN
1174,ETH
1176,ETH
1177,SOM
1178,SOM
1181,SOM
1182,SOM
1183,SOM
1184,SOM
1185,SOM
1188,SOM
1189,SOM
1190,SOM
1192,ETH
1193,ETH
1194,ETH
1195,SOM
1196,SOM
1197,SOM
1198,ETH
1199,SOM
1200,SOM
1203,SOM
1204,SOM
1207,SOM
1208,SOM
1210,ETH
1211,SOM
1212,SOM
1213,SOM
1214,SOM
1215,DJI
1216,SOM
1217,SOM
1218,SOM
1219,ETH
1220,SOM
1222,SOM
1223,SOM
1224,SOM
1225,SOM
1226,SOM
1227,SOM
1228,SOM
1231,SOM
1232,YEM
1233,DJI
1234,ETH
1236,YEM
1237,YEM
1238,SOM
1240,YEM
1241,SOM
1242,YEM
1243,SOM
1248,YEM
1249,SOM
1250,YEM
1251,YEM
1252,SOM
1253,YEM
1254,SOM
1255,SOM
1256,ETH
1257,SOM
1258,SOM
1259,YEM
1260,YEM
1261,YEM
1262,YEM
1263,YEM
1265,YEM
1266,YEM
1268,YEM
1269,ETH
1270,YEM
1272,YEM
1275,YEM
1276,SOM
1279,YEM
1280,YEM
1284,SOM
1286,YEM
1288,SOM
1289,YEM
1292,YEM
1293,SOM
1294,YEM
1295,YEM
1298,YEM
1299,YEM
1301,SOM
1306,YEM
1308,SOM
1309,SOM
1314,YEM
1315,YEM
1317,YEM
1319,YEM
1324,SOM
1326,ETH
1327,ETH
1329,YEM
1332,YEM
1333,SOM
1334,YEM
1336,YEM
1339,YEM
1340,YEM
1345,MDG
1346,MDG
1351,SOM
1354,SOM
1356,YEM
1357,SOM
1358,YEM
1360,YEM
1361,SOM
1363,YEM
1365,YEM
1366,YEM
1367,SOM
1368,SOM
1371,YEM
1372,YEM
1373,YEM
1374,YEM
1375,YEM
1376,SOM
1378,SOM
1379,SOM
1380,SOM
1381,YEM
1382,YEM
1383,SOM
1384,YEM
1385,YEM
1386,YEM
1387,SOM
1389,YEM
1390,YEM
1391,YEM
1392,YEM
1397,SOM
1398,YEM
1399,YEM
1400,YEM
1401,YEM
1402,YEM
1403,YEM
1404,YEM
1405,YEM
1406,YEM
1407,YEM
1408,YEM
1409,YEM
1410,YEM
1411,YEM
1412,YEM
1414,YEM
1416,YEM
1417,YEM
1418,YEM
1419,YEM
1420,YEM
1421,SOM
1422,SOM
1426,ETH
1427,YEM
1428,YEM
1429,SOM
1430,SOM
1431,YEM
1433,YEM
1434,YEM
1438,YEM
1439,YEM
1443,SOM
1445,YEM
1446,YEM
1448,MDG
1449,MDG
1450,MDG
1451,MDG
1452,YEM
1454,YEM
1455,SOM
1457,YEM
1458,SOM
1460,YEM
1461,SOM
1462,SOM
1463,YEM
1464,YEM
1466,SOM
1467,YEM
1468,YEM
1471,YEM
1472,YEM
1473,ETH
1474,YEM
1475,SOM
1477,YEM
1478,YEM
1479,YEM
1480,SOM
1481,SOM
1482,YEM
1483,YEM
1486,YEM
1488,YEM
1489,SOM
1490,YEM
1492,YEM
1493,YEM
1494,YEM
1495,SOM
1501,YEM
1502,YEM
1503,SOM
1504,SOM
1505,YEM
1506,YEM
1507,SOM
1508,YEM
1509,SOM
1510,YEM
1514,YEM
1515,YEM
1516,YEM
1517,YEM
1518,SOM
1519,YEM
1520,YEM
1522,SOM
1523,YEM
1527,YEM
1528,SOM
1529,YEM
1532,YEM
1534,YEM
1535,SOM
1536,YEM
1539,SOM
1540,SOM
1541,YEM
1542,YEM
1543,YEM
1544,MDG
1545,MDG
1547,MDG
1548,YEM
1550,YEM
1551,SOM
1553,SOM
1554,YEM
1558,SOM
1559,SOM
1560,SOM
1561,SOM
1562,SOM
1563,SOM
1564,YEM
1565,YEM
1566,SOM
1567,YEM
1568,YEM
1569,SOM
1570,SOM
1571,SOM
1572,YEM
1573,YEM
1574,SOM
1575,SOM
1576,YEM
1577,SOM
1578,SOM
1579,SOM
1580,MDG
1581,MDG
1582,MDG
1583,YEM
1584,YEM
1585,YEM
1586,YEM
1587,ETH
1588,SOM
1589,SOM
1590,MDG
1591,MDG
1592,YEM
1593,YEM
1594,YEM
1595,SOM
1596,SOM
1597,YEM
1600,SOM
1603,YEM
1604,SOM
1605,SOM
1606,SOM
1607,YEM
1608,SOM
1609,SOM
1612,MDG
1613,MDG
1614,MDG
1615,SOM
1617,YEM
1618,SOM
1621,SOM
1622,SOM
1623,SOM
1624,SOM
1625,SOM
1626,YEM
1627,YEM
1628,YEM
1629,SOM
1630,MDG
1631,MDG
1633,YEM
1635,SOM
1636,YEM
1637,SOM
1638,SOM
1639,SOM
1640,SOM
1646,SOM
1647,SOM
1648,YEM
1650,SOM
1651,YEM
1652,SOM
1654,MDG
1655,MDG
1656,SOM
1659,MDG
1660,MDG
1661,SOM
1663,SOM
1664,SOM
1665,MDG
1666,MDG
1667,SOM
1668,MDG
1669,MDG
1670,MDG
1671,SOM
1672,YEM
1673,SOM
1674,SOM
1675,SOM
1676,SOM
1677,MDG
1678,MDG
1679,YEM
1680,MDG
1681,SOM
1683,SOM
1684,SOM
1686,MDG
1687,MDG
1690,SOM
1691,SOM
1692,SOM
1693,MDG
1694,MDG
1695,SOM
1696,SOM
1698,SOM
1700,YEM
1702,SOM
1703,YEM
1706,SOM
1707,YEM
1712,SOM
1713,YEM
1715,SOM
1718,SOM
1719,SOM
1720,SOM
1721,SOM
1725,SOM
1727,SOM
1728,SOM
1729,SOM
1730,SOM
1732,YEM
1736,SOM
1737,SOM
1738,SOM
1739,SOM
1740,SOM
1743,SOM
1745,SOM
1746,SOM
1748,SOM
1750,YEM
1752,YEM
1753,YEM
1755,YEM
1756,AFG
1757,AFG
1758,AFG
1759,AFG
1760,PAK
1761,PAK
1762,AFG
1763,AFG
1764,PAK
1765,PAK
1766,AFG
1767,AFG
1768,AFG
1769,AFG
1770,PAK
1771,PAK
1772,AFG
1773,AFG
1774,AFG
1775,PAK
1776,AFG
1777,AFG
1778,AFG
1779,AFG
1780,PAK
1781,PAK
1782,AFG
1783,AFG
1784,PAK
1785,AFG
1786,AFG
1787,PAK
1788,PAK
1789,AFG
1790,PAK
1791,AFG
1792,PAK
1793,AFG
1794,PAK
1795,AFG
1796,AFG
1797,AFG
1798,AFG
1799,AFG
1800,AFG
1802,AFG
1803,AFG
1804,AFG
1806,AFG
1808,PAK
1809,PAK
1810,AFG
1811,AFG
1813,AFG
1814,PAK
1815,AFG
1817,AFG
1818,AFG
1819,AFG
1820,AFG
1821,AFG
1822,AFG
1823,PAK
1824,AFG
1825,AFG
1826,PAK
1827,PAK
1829,AFG
1830,AFG
1831,AFG
1832,AFG
1834,AFG
1835,PAK
1836,PAK
1837,AFG
1838,AFG
1839,AFG
1841,AFG
1842,PAK
1843,AFG
1844,AFG
1845,PAK
1846,PAK
1847,AFG
1848,AFG
1849,AFG
1850,AFG
1851,AFG
1852,AFG
1853,AFG
1854,AFG
1855,AFG
1856,AFG
1857,AFG
1858,AFG
1859,AFG
1860,AFG
1861,PAK
1862,PAK
1863,AFG
1864,AFG
1865,PAK
1866,PAK
1867,AFG
1868,AFG
1869,AFG
1870,AFG
1871,PAK
1872,PAK
1873,TJK
1874,AFG
1875,PAK
1876,PAK
