test_index,overall_phase,overall_phase_pred,phase3_pred,area_id,date,_merge
1,2,3,0.26,2,2022-10-01,both
2,2,3,0.29,5,2022-10-01,both
3,4,3,0.28,9,2022-09-01,both
6,4,3,0.27,10,2022-09-01,both
7,3,3,0.23,10,2022-10-01,both
11,4,3,0.31,11,2022-09-01,both
12,3,3,0.23,11,2022-10-01,both
16,4,3,0.31,12,2022-09-01,both
17,3,3,0.23,12,2022-10-01,both
19,3,3,0.27,13,2022-09-01,both
22,2,3,0.22,16,2022-10-01,both
27,3,3,0.2,19,2022-10-01,both
30,3,3,0.2,20,2022-10-01,both
31,3,3,0.29,21,2022-09-01,both
32,3,3,0.21,21,2022-10-01,both
33,3,3,0.29,22,2022-09-01,both
34,3,3,0.21,22,2022-10-01,both
66,3,3,0.26,38,2022-03-01,both
92,3,3,0.26,41,2022-03-01,both
105,3,3,0.24,42,2022-03-01,both
131,3,3,0.21,45,2022-03-01,both
150,3,3,0.2,47,2022-03-01,both
161,3,3,0.24,48,2022-03-01,both
172,3,3,0.25,49,2022-03-01,both
186,3,3,0.21,50,2022-03-01,both
193,3,3,0.22,51,2022-03-01,both
200,3,3,0.22,52,2022-03-01,both
212,3,3,0.23,54,2022-03-01,both
226,3,3,0.25,55,2022-03-01,both
240,3,3,0.25,56,2022-03-01,both
251,2,3,0.22,57,2022-03-01,both
264,3,3,0.25,58,2022-03-01,both
277,3,3,0.25,59,2022-03-01,both
289,2,3,0.24,60,2022-03-01,both
304,3,3,0.22,63,2022-03-01,both
323,2,3,0.22,65,2022-03-01,both
338,2,3,0.24,66,2022-03-01,both
348,3,3,0.22,67,2022-03-01,both
358,3,3,0.25,68,2022-03-01,both
368,3,3,0.25,69,2022-03-01,both
378,3,3,0.24,70,2022-03-01,both
388,3,3,0.24,71,2022-03-01,both
402,2,3,0.22,72,2022-03-01,both
415,2,3,0.22,73,2022-03-01,both
418,2,3,0.24,74,2022-03-01,both
427,2,3,0.25,75,2022-03-01,both
436,2,3,0.25,76,2022-03-01,both
450,2,3,0.25,77,2022-03-01,both
458,2,3,0.25,78,2022-03-01,both
466,2,3,0.25,79,2022-03-01,both
468,3,3,0.32,80,2022-03-01,both
470,3,3,0.32,81,2022-03-01,both
478,2,3,0.24,82,2022-03-01,both
486,2,3,0.23,83,2022-03-01,both
515,2,3,0.27,86,2022-03-01,both
524,2,3,0.27,87,2022-03-01,both
551,2,3,0.2,90,2022-03-01,both
566,2,3,0.2,91,2022-03-01,both
581,2,3,0.2,92,2022-03-01,both
591,2,3,0.22,93,2022-03-01,both
601,2,3,0.23,94,2022-03-01,both
632,2,3,0.23,99,2022-03-01,both
641,2,3,0.23,100,2022-03-01,both
672,3,3,0.24,109,2022-03-01,both
677,3,3,0.24,110,2022-03-01,both
681,2,3,0.24,111,2022-03-01,both
685,2,3,0.22,112,2022-03-01,both
689,3,3,0.26,113,2022-03-01,both
693,3,3,0.26,114,2022-03-01,both
706,2,3,0.21,136,2022-07-01,both
717,3,3,0.21,160,2022-07-01,both
718,3,3,0.21,161,2022-07-01,both
724,4,3,0.46,165,2022-09-01,both
735,3,3,0.21,169,2022-07-01,both
744,3,3,0.48,174,2022-09-01,both
752,3,3,0.47,175,2022-09-01,both
760,3,3,0.47,177,2022-09-01,both
778,3,3,0.2,189,2022-07-01,both
779,3,3,0.2,190,2022-07-01,both
801,3,3,0.34,216,2022-09-01,both
811,3,3,0.3,229,2022-09-01,both
812,3,3,0.21,230,2022-07-01,both
819,3,3,0.23,234,2022-07-01,both
820,3,3,0.26,234,2022-09-01,both
832,3,3,0.24,237,2022-07-01,both
833,3,3,0.23,237,2022-09-01,both
842,3,3,0.24,239,2022-07-01,both
843,3,3,0.23,239,2022-09-01,both
844,2,3,0.24,242,2022-07-01,both
847,3,3,0.31,251,2022-09-01,both
854,3,3,0.27,258,2022-09-01,both
862,3,3,0.21,263,2022-07-01,both
863,3,3,0.21,264,2022-07-01,both
873,3,3,0.39,280,2022-09-01,both
880,3,3,0.27,282,2022-07-01,both
881,3,3,0.36,282,2022-09-01,both
888,3,3,0.27,283,2022-07-01,both
889,3,3,0.37,283,2022-09-01,both
892,3,3,0.36,284,2022-07-01,both
895,3,3,0.36,285,2022-07-01,both
903,3,3,0.39,286,2022-09-01,both
906,3,3,0.42,290,2022-09-01,both
915,3,3,0.32,291,2022-07-01,both
916,3,3,0.36,291,2022-09-01,both
920,3,3,0.29,296,2022-07-01,both
936,3,3,0.28,305,2022-07-01,both
939,3,3,0.28,314,2022-07-01,both
947,3,3,0.43,319,2022-09-01,both
952,3,3,0.44,322,2022-09-01,both
957,3,3,0.38,323,2022-09-01,both
968,2,3,0.39,334,2022-04-01,both
971,2,3,0.41,335,2022-04-01,both
979,4,3,0.4,347,2022-09-01,both
990,3,3,0.26,370,2022-07-01,both
993,3,3,0.27,374,2022-07-01,both
1001,3,3,0.28,391,2022-07-01,both
1009,2,3,0.26,409,2022-07-01,both
1011,2,3,0.26,410,2022-07-01,both
1013,2,3,0.23,413,2022-07-01,both
1020,3,3,0.34,417,2022-07-01,both
1021,2,3,0.29,420,2022-07-01,both
1036,3,3,0.28,435,2022-10-01,both
1047,3,3,0.29,436,2022-10-01,both
1066,3,3,0.29,441,2022-10-01,both
1068,3,3,0.28,443,2022-07-01,both
1071,2,3,0.24,446,2022-07-01,both
1077,3,3,0.29,451,2022-07-01,both
1083,3,3,0.23,452,2022-07-01,both
1095,3,3,0.28,459,2022-07-01,both
1103,2,3,0.26,471,2022-07-01,both
1105,2,3,0.26,472,2022-07-01,both
1123,3,3,0.27,492,2022-07-01,both
1125,3,3,0.27,494,2022-07-01,both
1129,4,3,0.41,495,2022-02-01,both
1130,3,3,0.29,495,2022-10-01,both
1134,4,3,0.41,496,2022-02-01,both
1135,3,3,0.29,496,2022-10-01,both
1163,4,3,0.57,512,2022-10-01,both
1168,4,3,0.56,513,2022-10-01,both
1174,3,3,0.28,518,2022-07-01,both
1179,3,3,0.26,519,2022-07-01,both
1180,3,3,0.44,520,2022-02-01,both
1181,3,3,0.44,521,2022-02-01,both
1191,3,3,0.29,534,2022-02-01,both
1192,2,3,0.32,534,2022-10-01,both
1200,3,3,0.3,537,2022-02-01,both
1201,2,3,0.31,537,2022-10-01,both
1218,3,3,0.33,547,2022-07-01,both
1243,3,3,0.25,555,2022-07-01,both
1264,2,3,0.2,564,2022-04-01,both
1265,2,3,0.2,564,2022-06-01,both
1266,3,3,0.23,564,2022-07-01,both
1279,2,3,0.2,565,2022-04-01,both
1280,2,2,0.19,565,2022-06-01,both
1281,3,3,0.25,565,2022-07-01,both
1285,4,3,0.53,568,2022-10-01,both
1299,3,3,0.35,570,2022-02-01,both
1313,3,3,0.34,571,2022-02-01,both
1326,2,3,0.36,577,2022-10-01,both
1337,2,3,0.36,578,2022-10-01,both
1358,3,3,0.3,586,2022-02-01,both
1359,3,3,0.31,586,2022-07-01,both
1360,2,3,0.34,586,2022-10-01,both
1373,2,3,0.23,587,2022-04-01,both
1374,1,3,0.2,587,2022-06-01,both
1375,3,3,0.25,587,2022-07-01,both
1389,2,2,0.16,591,2022-04-01,both
1390,3,3,0.22,591,2022-07-01,both
1402,2,2,0.16,592,2022-04-01,both
1403,3,3,0.22,592,2022-07-01,both
1423,3,3,0.24,598,2022-07-01,both
1436,2,2,0.17,602,2022-04-01,both
1437,2,3,0.2,602,2022-06-01,both
1438,3,3,0.22,602,2022-07-01,both
1444,4,3,0.48,605,2022-10-01,both
1448,4,3,0.48,606,2022-10-01,both
1455,3,3,0.23,607,2022-07-01,both
1462,3,3,0.29,608,2022-07-01,both
1469,3,3,0.29,609,2022-07-01,both
1479,2,3,0.24,611,2022-06-01,both
1480,3,3,0.23,611,2022-07-01,both
1492,2,2,0.19,613,2022-04-01,both
1493,2,3,0.22,613,2022-06-01,both
1494,3,3,0.24,613,2022-07-01,both
1499,3,3,0.29,614,2022-07-01,both
1512,2,2,0.16,615,2022-04-01,both
1513,2,2,0.19,615,2022-06-01,both
1514,3,3,0.22,615,2022-07-01,both
1521,2,2,0.16,616,2022-04-01,both
1535,2,3,0.21,618,2022-04-01,both
1536,2,3,0.23,618,2022-06-01,both
1537,3,3,0.25,618,2022-07-01,both
1546,3,3,0.3,623,2022-07-01,both
1560,2,2,0.17,625,2022-04-01,both
1561,1,2,0.19,625,2022-06-01,both
1562,3,3,0.21,625,2022-07-01,both
1576,2,2,0.17,626,2022-04-01,both
1577,1,2,0.18,626,2022-06-01,both
1578,3,3,0.21,626,2022-07-01,both
1581,2,3,0.23,630,2022-06-01,both
1584,2,3,0.24,633,2022-06-01,both
1598,2,2,0.16,634,2022-04-01,both
1599,2,2,0.19,634,2022-06-01,both
1600,2,3,0.23,634,2022-07-01,both
1615,4,3,0.5,637,2022-02-01,both
1616,4,3,0.47,637,2022-10-01,both
1625,4,3,0.5,638,2022-02-01,both
1626,4,3,0.47,638,2022-10-01,both
1633,4,3,0.49,639,2022-02-01,both
1640,4,3,0.5,640,2022-02-01,both
1643,4,3,0.52,642,2022-10-01,both
1645,4,3,0.52,643,2022-10-01,both
1650,2,3,0.33,644,2022-06-01,both
1651,2,3,0.25,644,2022-07-01,both
1656,2,3,0.33,645,2022-06-01,both
1657,2,3,0.25,645,2022-07-01,both
1668,2,2,0.18,646,2022-04-01,both
1669,3,3,0.22,646,2022-07-01,both
1680,2,2,0.18,647,2022-04-01,both
1681,3,3,0.22,647,2022-07-01,both
1700,2,3,0.21,649,2022-04-01,both
1701,2,3,0.24,649,2022-06-01,both
1702,3,3,0.26,649,2022-07-01,both
1720,2,2,0.19,650,2022-04-01,both
1721,2,3,0.24,650,2022-06-01,both
1722,3,3,0.25,650,2022-07-01,both
1737,2,2,0.17,651,2022-04-01,both
1738,1,2,0.14,651,2022-06-01,both
1739,3,2,0.19,651,2022-07-01,both
1754,2,2,0.17,652,2022-04-01,both
1755,1,2,0.17,652,2022-06-01,both
1756,3,2,0.19,652,2022-07-01,both
1766,2,3,0.29,654,2022-06-01,both
1767,3,3,0.29,654,2022-07-01,both
1777,2,3,0.24,655,2022-06-01,both
1778,3,3,0.25,655,2022-07-01,both
1788,2,3,0.28,658,2022-06-01,both
1789,3,3,0.28,658,2022-07-01,both
1802,2,3,0.27,661,2022-06-01,both
1803,3,3,0.28,661,2022-07-01,both
1823,2,3,0.35,668,2022-02-01,both
1824,3,3,0.33,668,2022-07-01,both
1831,2,3,0.34,669,2022-02-01,both
1832,3,3,0.31,669,2022-07-01,both
1834,4,3,0.47,670,2022-02-01,both
1836,4,3,0.47,671,2022-02-01,both
1846,3,3,0.48,672,2022-02-01,both
1847,3,3,0.5,672,2022-10-01,both
1857,3,3,0.48,673,2022-02-01,both
1858,3,3,0.5,673,2022-10-01,both
1868,3,3,0.21,674,2022-07-01,both
1878,3,3,0.21,675,2022-07-01,both
1893,2,3,0.21,676,2022-04-01,both
1894,2,2,0.19,676,2022-06-01,both
1895,3,3,0.23,676,2022-07-01,both
1910,2,3,0.21,677,2022-04-01,both
1911,2,2,0.19,677,2022-06-01,both
1912,3,3,0.23,677,2022-07-01,both
1917,4,3,0.62,678,2022-02-01,both
1918,2,3,0.58,678,2022-04-01,both
1923,4,3,0.62,679,2022-02-01,both
1924,2,3,0.57,679,2022-04-01,both
1927,3,3,0.31,680,2022-02-01,both
1928,3,3,0.3,680,2022-07-01,both
1929,3,3,0.38,680,2022-10-01,both
1939,2,3,0.36,681,2022-06-01,both
1940,3,3,0.35,681,2022-07-01,both
1942,4,3,0.58,682,2022-02-01,both
1944,4,3,0.58,683,2022-02-01,both
1954,2,3,0.36,684,2022-06-01,both
1955,3,3,0.35,684,2022-07-01,both
1958,3,3,0.3,685,2022-02-01,both
1959,3,3,0.31,685,2022-07-01,both
1977,3,3,0.63,691,2022-02-01,both
1981,3,3,0.63,692,2022-02-01,both
2008,2,2,0.14,699,2022-04-01,both
2009,2,2,0.17,699,2022-06-01,both
2010,2,2,0.17,699,2022-07-01,both
2023,2,2,0.14,700,2022-04-01,both
2024,2,2,0.17,700,2022-07-01,both
2028,4,3,0.6,701,2022-02-01,both
2032,4,3,0.62,702,2022-02-01,both
2046,2,2,0.15,703,2022-04-01,both
2047,2,2,0.15,703,2022-06-01,both
2048,3,3,0.21,703,2022-07-01,both
2062,2,2,0.15,704,2022-04-01,both
2063,2,2,0.16,704,2022-06-01,both
2064,3,3,0.22,704,2022-07-01,both
2067,2,2,0.18,705,2022-10-01,both
2075,2,3,0.37,706,2022-06-01,both
2076,3,3,0.38,706,2022-07-01,both
2087,2,2,0.18,707,2022-04-01,both
2088,2,2,0.19,707,2022-06-01,both
2089,3,3,0.2,707,2022-07-01,both
2100,2,2,0.19,708,2022-04-01,both
2101,2,3,0.2,708,2022-06-01,both
2102,3,3,0.2,708,2022-07-01,both
2118,3,3,0.37,711,2022-02-01,both
2119,3,3,0.33,711,2022-07-01,both
2133,3,3,0.37,712,2022-02-01,both
2134,3,3,0.33,712,2022-07-01,both
2146,3,3,0.32,716,2022-02-01,both
2147,3,3,0.28,716,2022-06-01,both
2154,3,3,0.32,717,2022-02-01,both
2155,3,3,0.3,717,2022-06-01,both
2162,4,3,0.6,723,2022-02-01,both
2165,4,3,0.54,724,2022-02-01,both
2171,3,3,0.3,726,2022-02-01,both
2179,2,3,0.23,727,2022-06-01,both
2180,2,3,0.25,727,2022-07-01,both
2195,3,3,0.29,732,2022-06-01,both
2196,3,3,0.36,732,2022-10-01,both
2206,3,3,0.29,733,2022-06-01,both
2207,3,3,0.36,733,2022-10-01,both
2221,3,3,0.37,735,2022-02-01,both
2222,3,3,0.39,735,2022-10-01,both
2231,3,3,0.37,736,2022-02-01,both
2232,3,3,0.39,736,2022-10-01,both
2239,4,3,0.57,748,2022-02-01,both
2240,4,3,0.55,749,2022-02-01,both
2242,3,3,0.31,752,2022-10-01,both
2244,3,3,0.31,753,2022-10-01,both
2274,2,2,0.17,759,2022-06-01,both
2275,2,3,0.21,759,2022-10-01,both
2279,3,3,0.49,760,2022-02-01,both
2285,2,2,0.17,761,2022-06-01,both
2286,2,3,0.21,761,2022-10-01,both
2290,3,3,0.49,762,2022-02-01,both
2295,4,3,0.52,768,2022-02-01,both
2298,4,3,0.52,769,2022-02-01,both
2299,2,2,0.16,770,2022-06-01,both
2300,2,3,0.21,770,2022-10-01,both
2307,2,2,0.16,773,2022-06-01,both
2308,2,3,0.21,773,2022-10-01,both
2317,4,3,0.6,779,2022-02-01,both
2318,4,3,0.52,779,2022-10-01,both
2322,4,3,0.61,780,2022-02-01,both
2323,4,3,0.52,780,2022-10-01,both
2326,5,3,0.58,781,2022-10-01,both
2329,5,3,0.56,782,2022-10-01,both
2337,3,3,0.4,783,2022-10-01,both
2345,3,3,0.4,784,2022-10-01,both
2357,3,3,0.28,785,2022-06-01,both
2358,3,3,0.4,785,2022-10-01,both
2370,3,3,0.26,786,2022-06-01,both
2371,3,3,0.38,786,2022-10-01,both
2376,4,3,0.48,789,2022-10-01,both
2379,3,3,0.48,793,2022-02-01,both
2381,2,3,0.25,794,2022-10-01,both
2386,3,3,0.34,796,2022-06-01,both
2390,3,3,0.34,797,2022-06-01,both
2393,3,3,0.23,798,2022-06-01,both
2396,3,3,0.23,799,2022-06-01,both
2399,4,3,0.54,800,2022-10-01,both
2402,4,3,0.54,801,2022-10-01,both
2409,3,3,0.49,806,2022-02-01,both
2410,3,3,0.47,806,2022-10-01,both
2417,3,3,0.51,807,2022-02-01,both
2418,3,3,0.47,807,2022-10-01,both
2422,4,3,0.54,815,2022-02-01,both
2423,4,3,0.5,815,2022-10-01,both
2427,4,3,0.54,816,2022-02-01,both
2428,4,3,0.5,816,2022-10-01,both
2434,4,3,0.62,817,2022-02-01,both
2435,4,3,0.55,817,2022-10-01,both
2441,4,3,0.62,818,2022-02-01,both
2442,4,3,0.55,818,2022-10-01,both
2449,3,3,0.32,820,2022-02-01,both
2450,3,3,0.34,820,2022-03-01,both
2451,3,3,0.33,820,2022-06-01,both
2458,3,3,0.3,821,2022-02-01,both
2459,3,3,0.34,821,2022-03-01,both
2460,3,3,0.33,821,2022-06-01,both
2461,3,3,0.42,825,2022-04-01,both
2464,3,3,0.55,828,2022-04-01,both
2467,3,3,0.55,829,2022-04-01,both
2470,3,3,0.21,837,2022-06-01,both
2482,3,3,0.28,842,2022-02-01,both
2483,3,3,0.31,842,2022-03-01,both
2484,3,3,0.33,842,2022-06-01,both
2485,3,3,0.28,842,2022-10-01,both
2495,3,3,0.26,843,2022-02-01,both
2496,3,3,0.31,843,2022-03-01,both
2497,3,3,0.33,843,2022-06-01,both
2498,3,3,0.28,843,2022-10-01,both
2500,3,3,0.52,844,2022-10-01,both
2502,3,3,0.51,845,2022-10-01,both
2512,3,3,0.21,852,2022-06-01,both
2522,3,3,0.29,857,2022-03-01,both
2525,3,3,0.29,858,2022-03-01,both
2553,4,3,0.63,882,2022-02-01,both
2558,4,3,0.63,883,2022-02-01,both
2571,3,3,0.37,893,2022-02-01,both
2572,3,3,0.35,893,2022-10-01,both
2578,3,3,0.39,894,2022-02-01,both
2579,3,3,0.35,894,2022-10-01,both
2584,4,3,0.48,896,2022-04-01,both
2587,4,3,0.47,897,2022-04-01,both
2588,3,3,0.33,898,2022-03-01,both
2589,2,3,0.31,898,2022-06-01,both
2590,3,3,0.43,898,2022-10-01,both
2591,3,3,0.33,899,2022-03-01,both
2592,2,3,0.31,899,2022-06-01,both
2593,3,3,0.43,899,2022-10-01,both
2596,4,3,0.49,901,2022-02-01,both
2598,4,3,0.49,902,2022-02-01,both
2615,3,3,0.36,913,2022-02-01,both
2619,3,3,0.38,914,2022-02-01,both
2621,2,3,0.26,915,2022-10-01,both
2622,3,3,0.2,916,2022-03-01,both
2624,3,3,0.2,917,2022-02-01,both
2625,2,3,0.25,917,2022-06-01,both
2627,3,2,0.18,918,2022-02-01,both
2628,2,3,0.25,918,2022-06-01,both
2629,3,2,0.19,919,2022-03-01,both
2631,2,3,0.23,921,2022-10-01,both
2645,3,3,0.34,929,2022-10-01,both
2649,4,3,0.55,930,2022-02-01,both
2650,3,3,0.58,930,2022-10-01,both
2655,4,3,0.55,931,2022-02-01,both
2656,3,3,0.58,931,2022-10-01,both
2672,3,3,0.26,937,2022-02-01,both
2673,3,3,0.28,937,2022-03-01,both
2674,3,3,0.29,937,2022-06-01,both
2675,3,3,0.26,937,2022-07-01,both
2676,3,3,0.28,937,2022-10-01,both
2685,3,3,0.28,938,2022-02-01,both
2686,3,3,0.29,938,2022-03-01,both
2687,3,3,0.29,938,2022-06-01,both
2688,3,3,0.28,938,2022-07-01,both
2689,3,3,0.29,938,2022-10-01,both
2692,3,3,0.26,941,2022-03-01,both
2695,3,3,0.26,942,2022-03-01,both
2701,3,3,0.33,948,2022-02-01,both
2702,3,3,0.38,948,2022-03-01,both
2711,2,2,0.14,951,2022-02-01,both
2712,3,2,0.16,951,2022-03-01,both
2713,3,3,0.22,951,2022-06-01,both
2714,2,2,0.15,951,2022-07-01,both
2719,2,2,0.15,952,2022-02-01,both
2720,3,2,0.18,952,2022-03-01,both
2721,3,3,0.22,952,2022-06-01,both
2722,2,2,0.15,952,2022-07-01,both
2727,2,2,0.19,957,2022-07-01,both
2730,2,2,0.15,965,2022-02-01,both
2731,2,3,0.22,965,2022-06-01,both
2733,2,2,0.13,966,2022-02-01,both
2734,2,3,0.25,966,2022-06-01,both
2738,3,2,0.16,968,2022-02-01,both
2739,3,3,0.3,968,2022-03-01,both
2740,3,3,0.27,968,2022-06-01,both
2741,3,3,0.24,968,2022-07-01,both
2745,3,2,0.15,969,2022-02-01,both
2746,3,3,0.31,969,2022-03-01,both
2747,3,3,0.28,969,2022-06-01,both
2748,3,3,0.26,969,2022-07-01,both
2751,3,3,0.4,971,2022-03-01,both
2752,3,3,0.41,971,2022-06-01,both
2755,3,3,0.39,972,2022-03-01,both
2756,3,3,0.42,972,2022-06-01,both
2760,3,3,0.29,983,2022-06-01,both
2761,3,3,0.34,984,2022-06-01,both
2762,3,3,0.34,985,2022-06-01,both
2765,2,2,0.17,994,2022-02-01,both
2766,2,2,0.19,994,2022-06-01,both
2769,2,2,0.17,995,2022-02-01,both
2770,2,2,0.19,995,2022-06-01,both
2774,3,3,0.37,997,2022-09-01,both
2777,3,3,0.31,1001,2022-09-01,both
2781,3,2,0.16,1003,2022-02-01,both
2782,3,3,0.31,1003,2022-03-01,both
2783,3,3,0.24,1003,2022-07-01,both
2787,3,2,0.18,1005,2022-02-01,both
2788,3,3,0.32,1005,2022-03-01,both
2789,3,3,0.24,1005,2022-07-01,both
2791,3,3,0.37,1008,2022-09-01,both
2796,3,2,0.19,1011,2022-02-01,both
2797,3,3,0.2,1011,2022-03-01,both
2798,2,3,0.23,1011,2022-06-01,both
2799,3,3,0.22,1011,2022-07-01,both
2806,3,3,0.39,1016,2022-09-01,both
2807,3,3,0.37,1017,2022-09-01,both
2808,3,3,0.34,1020,2022-09-01,both
2809,2,3,0.31,1023,2022-09-01,both
2815,3,2,0.15,1032,2022-02-01,both
2816,3,2,0.17,1032,2022-03-01,both
2817,2,3,0.21,1032,2022-06-01,both
2820,3,2,0.15,1033,2022-02-01,both
2821,3,2,0.17,1033,2022-03-01,both
2822,2,2,0.18,1033,2022-06-01,both
2824,3,3,0.37,1038,2022-09-01,both
2825,3,3,0.34,1039,2022-09-01,both
2831,2,2,0.16,1046,2022-02-01,both
2832,3,2,0.17,1046,2022-07-01,both
2835,2,2,0.16,1047,2022-02-01,both
2836,3,2,0.17,1047,2022-07-01,both
2837,2,3,0.21,1048,2022-07-01,both
2838,3,3,0.25,1048,2022-10-01,both
2839,3,2,0.19,1049,2022-10-01,both
2840,3,2,0.18,1050,2022-10-01,both
2846,2,3,0.2,1057,2022-07-01,both
2848,3,3,0.21,1059,2022-02-01,both
2849,3,3,0.23,1059,2022-07-01,both
2851,3,3,0.21,1060,2022-02-01,both
2852,3,3,0.23,1060,2022-07-01,both
2857,2,2,0.19,1061,2022-07-01,both
2865,3,3,0.3,1068,2022-02-01,both
2866,3,3,0.27,1068,2022-07-01,both
2870,3,3,0.29,1071,2022-02-01,both
2871,3,3,0.26,1071,2022-07-01,both
2878,3,2,0.16,1097,2022-02-01,both
2879,3,2,0.16,1099,2022-02-01,both
2882,3,3,0.25,1102,2022-02-01,both
2883,3,3,0.24,1102,2022-07-01,both
2886,3,3,0.25,1103,2022-02-01,both
2887,3,3,0.24,1103,2022-07-01,both
2888,2,3,0.3,1107,2022-10-01,both
2889,2,3,0.25,1112,2022-10-01,both
2890,2,3,0.25,1113,2022-10-01,both
2891,2,3,0.26,1114,2022-10-01,both
2899,2,3,0.24,1124,2022-10-01,both
2903,2,3,0.21,1128,2022-10-01,both
2911,3,3,0.28,1131,2022-10-01,both
2919,3,3,0.25,1145,2022-10-01,both
2921,3,3,0.25,1146,2022-10-01,both
2922,3,3,0.26,1148,2022-10-01,both
2923,3,3,0.27,1150,2022-10-01,both
2926,3,3,0.31,1151,2022-10-01,both
2929,3,3,0.31,1152,2022-10-01,both
2933,3,3,0.29,1154,2022-10-01,both
2943,3,3,0.29,1157,2022-02-01,both
2944,3,3,0.25,1157,2022-07-01,both
2945,2,3,0.32,1157,2022-10-01,both
2953,3,3,0.29,1158,2022-02-01,both
2954,3,3,0.25,1158,2022-07-01,both
2955,2,3,0.32,1158,2022-10-01,both
2967,3,2,0.17,1160,2022-01-01,both
2968,3,2,0.17,1160,2022-02-01,both
2969,3,2,0.17,1160,2022-05-01,both
2970,3,2,0.17,1160,2022-07-01,both
2971,1,2,0.18,1160,2022-10-01,both
2983,3,3,0.2,1161,2022-01-01,both
2984,3,3,0.2,1161,2022-02-01,both
2985,3,3,0.2,1161,2022-05-01,both
2986,3,3,0.2,1161,2022-07-01,both
2987,1,3,0.2,1161,2022-10-01,both
2997,2,3,0.26,1173,2022-01-01,both
2998,3,3,0.32,1173,2022-02-01,both
2999,3,3,0.22,1173,2022-07-01,both
3000,2,3,0.25,1173,2022-10-01,both
3020,3,2,0.13,1182,2022-01-01,both
3021,3,2,0.14,1182,2022-05-01,both
3022,1,2,0.14,1182,2022-10-01,both
3028,2,3,0.21,1183,2022-01-01,both
3029,3,3,0.21,1183,2022-02-01,both
3035,2,3,0.22,1184,2022-01-01,both
3036,3,3,0.22,1184,2022-02-01,both
3048,2,2,0.15,1188,2022-01-01,both
3049,3,2,0.17,1188,2022-02-01,both
3050,3,2,0.17,1188,2022-05-01,both
3051,3,2,0.17,1188,2022-07-01,both
3058,2,3,0.25,1189,2022-01-01,both
3059,3,3,0.25,1189,2022-02-01,both
3060,2,3,0.32,1189,2022-10-01,both
3069,3,2,0.13,1190,2022-01-01,both
3070,3,2,0.14,1190,2022-05-01,both
3071,2,2,0.19,1190,2022-07-01,both
3072,2,3,0.2,1190,2022-10-01,both
3077,2,3,0.33,1192,2022-10-01,both
3089,3,2,0.12,1195,2022-01-01,both
3090,3,2,0.12,1195,2022-05-01,both
3091,2,2,0.19,1195,2022-07-01,both
3092,2,2,0.18,1195,2022-10-01,both
3104,2,3,0.21,1196,2022-01-01,both
3105,3,3,0.21,1196,2022-02-01,both
3106,3,3,0.27,1196,2022-05-01,both
3107,3,3,0.27,1196,2022-07-01,both
3108,2,3,0.26,1196,2022-10-01,both
3120,2,3,0.21,1197,2022-01-01,both
3121,3,3,0.21,1197,2022-02-01,both
3122,3,3,0.27,1197,2022-05-01,both
3123,3,3,0.27,1197,2022-07-01,both
3124,2,3,0.26,1197,2022-10-01,both
3133,3,2,0.17,1200,2022-10-01,both
3138,3,3,0.24,1203,2022-02-01,both
3139,3,3,0.35,1203,2022-10-01,both
3144,3,3,0.25,1204,2022-02-01,both
3145,3,3,0.33,1204,2022-10-01,both
3152,2,2,0.15,1207,2022-01-01,both
3153,3,2,0.17,1207,2022-05-01,both
3154,3,2,0.19,1207,2022-07-01,both
3156,2,3,0.32,1210,2022-07-01,both
3166,2,3,0.23,1211,2022-01-01,both
3167,3,3,0.24,1211,2022-05-01,both
3168,3,3,0.32,1211,2022-07-01,both
3171,2,3,0.23,1212,2022-10-01,both
3179,3,3,0.24,1214,2022-05-01,both
3180,3,3,0.34,1214,2022-07-01,both
3181,3,3,0.32,1214,2022-10-01,both
3183,2,3,0.38,1215,2022-10-01,both
3190,3,2,0.18,1216,2022-01-01,both
3191,2,3,0.3,1216,2022-10-01,both
3198,3,2,0.18,1217,2022-01-01,both
3199,2,3,0.3,1217,2022-10-01,both
3213,3,2,0.15,1220,2022-01-01,both
3214,3,2,0.16,1220,2022-05-01,both
3215,2,3,0.24,1220,2022-07-01,both
3216,2,3,0.24,1220,2022-10-01,both
3224,3,3,0.25,1222,2022-05-01,both
3225,3,3,0.34,1222,2022-07-01,both
3226,2,3,0.35,1222,2022-10-01,both
3233,3,2,0.16,1223,2022-01-01,both
3234,2,2,0.16,1223,2022-07-01,both
3235,2,3,0.25,1223,2022-10-01,both
3249,3,2,0.17,1226,2022-01-01,both
3250,3,3,0.26,1226,2022-07-01,both
3251,2,3,0.24,1226,2022-10-01,both
3258,2,3,0.21,1227,2022-01-01,both
3265,2,3,0.2,1228,2022-01-01,both
3266,4,3,0.22,1228,2022-05-01,both
3275,2,2,0.18,1231,2022-01-01,both
3276,4,2,0.18,1231,2022-05-01,both
3277,3,3,0.21,1231,2022-10-01,both
3283,2,3,0.31,1234,2022-10-01,both
3290,3,3,0.32,1238,2022-01-01,both
3291,2,3,0.34,1238,2022-07-01,both
3292,2,3,0.33,1238,2022-10-01,both
3302,3,2,0.14,1241,2022-01-01,both
3303,2,2,0.19,1241,2022-10-01,both
3306,4,2,0.19,1243,2022-05-01,both
3312,2,3,0.28,1249,2022-01-01,both
3313,3,3,0.29,1249,2022-03-01,both
3314,3,3,0.27,1249,2022-05-01,both
3321,2,3,0.28,1252,2022-01-01,both
3322,3,3,0.27,1252,2022-03-01,both
3323,3,3,0.27,1252,2022-05-01,both
3327,3,3,0.34,1254,2022-01-01,both
3328,3,3,0.33,1254,2022-05-01,both
3329,3,3,0.28,1254,2022-07-01,both
3330,3,3,0.27,1254,2022-10-01,both
3335,2,2,0.19,1255,2022-10-01,both
3337,3,3,0.31,1256,2022-10-01,both
3340,3,3,0.29,1257,2022-05-01,both
3341,3,3,0.28,1257,2022-10-01,both
3372,3,3,0.31,1276,2022-01-01,both
3373,3,3,0.29,1276,2022-05-01,both
3374,3,3,0.34,1276,2022-07-01,both
3375,3,3,0.34,1276,2022-10-01,both
3387,3,3,0.3,1284,2022-01-01,both
3388,3,3,0.27,1284,2022-05-01,both
3389,4,3,0.29,1284,2022-07-01,both
3390,4,3,0.3,1284,2022-10-01,both
3405,2,3,0.25,1293,2022-01-01,both
3406,4,3,0.24,1293,2022-05-01,both
3407,4,3,0.26,1293,2022-07-01,both
3408,4,3,0.3,1293,2022-10-01,both
3417,2,3,0.39,1298,2022-03-01,both
3431,2,3,0.23,1308,2022-01-01,both
3432,4,3,0.22,1308,2022-05-01,both
3433,4,3,0.22,1308,2022-07-01,both
3434,4,3,0.31,1308,2022-10-01,both
3443,2,3,0.23,1309,2022-01-01,both
3444,4,3,0.22,1309,2022-05-01,both
3445,4,3,0.22,1309,2022-07-01,both
3446,4,3,0.29,1309,2022-10-01,both
3462,2,3,0.26,1324,2022-01-01,both
3463,4,3,0.25,1324,2022-05-01,both
3464,4,3,0.31,1324,2022-07-01,both
3465,4,3,0.29,1324,2022-10-01,both
3469,3,3,0.29,1326,2022-05-01,both
3470,3,3,0.31,1326,2022-07-01,both
3473,3,3,0.33,1327,2022-07-01,both
3477,2,3,0.39,1329,2022-03-01,both
3495,2,2,0.18,1351,2022-01-01,both
3496,3,2,0.17,1351,2022-05-01,both
3497,1,3,0.23,1351,2022-07-01,both
3498,1,3,0.22,1351,2022-10-01,both
3503,2,2,0.19,1354,2022-01-01,both
3504,3,2,0.18,1354,2022-05-01,both
3505,1,3,0.23,1354,2022-07-01,both
3506,1,3,0.22,1354,2022-10-01,both
3515,3,3,0.24,1357,2022-01-01,both
3516,3,3,0.28,1357,2022-05-01,both
3517,4,3,0.31,1357,2022-07-01,both
3518,3,3,0.3,1357,2022-10-01,both
3522,2,3,0.4,1358,2022-03-01,both
3532,3,3,0.22,1361,2022-01-01,both
3533,3,3,0.28,1361,2022-05-01,both
3534,4,3,0.34,1361,2022-07-01,both
3535,3,3,0.29,1361,2022-10-01,both
3540,2,3,0.41,1366,2022-03-01,both
3551,3,3,0.24,1367,2022-01-01,both
3552,3,3,0.29,1367,2022-05-01,both
3553,4,3,0.32,1367,2022-07-01,both
3554,3,3,0.3,1367,2022-10-01,both
3565,3,3,0.24,1368,2022-01-01,both
3566,3,3,0.28,1368,2022-05-01,both
3567,4,3,0.32,1368,2022-07-01,both
3568,3,3,0.29,1368,2022-10-01,both
3577,2,3,0.37,1374,2022-03-01,both
3578,2,3,0.4,1375,2022-03-01,both
3579,3,3,0.43,1375,2022-07-01,both
3582,4,3,0.21,1376,2022-05-01,both
3586,3,3,0.27,1378,2022-05-01,both
3587,2,3,0.28,1378,2022-07-01,both
3591,3,3,0.27,1379,2022-05-01,both
3592,2,3,0.28,1379,2022-07-01,both
3599,2,3,0.22,1380,2022-01-01,both
3600,4,3,0.21,1380,2022-05-01,both
3601,4,3,0.21,1380,2022-07-01,both
3606,2,3,0.37,1381,2022-03-01,both
3610,2,3,0.4,1382,2022-03-01,both
3614,3,3,0.23,1383,2022-05-01,both
3619,2,3,0.37,1384,2022-03-01,both
3627,2,3,0.39,1390,2022-03-01,both
3634,3,3,0.28,1397,2022-05-01,both
3635,3,3,0.32,1397,2022-07-01,both
3640,2,3,0.37,1400,2022-03-01,both
3674,2,3,0.41,1420,2022-03-01,both
3681,3,3,0.23,1422,2022-05-01,both
3682,3,3,0.38,1422,2022-07-01,both
3696,2,2,0.19,1429,2022-01-01,both
3697,3,2,0.18,1429,2022-05-01,both
3698,1,3,0.22,1429,2022-07-01,both
3699,1,3,0.25,1429,2022-10-01,both
3708,2,2,0.19,1430,2022-01-01,both
3709,3,2,0.18,1430,2022-05-01,both
3710,1,3,0.22,1430,2022-07-01,both
3711,1,3,0.25,1430,2022-10-01,both
3729,2,2,0.18,1443,2022-01-01,both
3730,3,2,0.16,1443,2022-05-01,both
3731,1,3,0.22,1443,2022-07-01,both
3732,1,3,0.2,1443,2022-10-01,both
3736,2,3,0.39,1446,2022-03-01,both
3738,3,3,0.22,1448,2022-11-01,both
3740,3,3,0.22,1449,2022-11-01,both
3750,2,3,0.34,1454,2022-03-01,both
3769,3,3,0.31,1461,2022-05-01,both
3770,2,3,0.35,1461,2022-07-01,both
3777,3,3,0.31,1462,2022-05-01,both
3778,2,3,0.35,1462,2022-07-01,both
3791,2,2,0.18,1466,2022-01-01,both
3792,3,2,0.17,1466,2022-05-01,both
3793,3,2,0.15,1466,2022-07-01,both
3794,2,2,0.16,1466,2022-10-01,both
3815,2,2,0.18,1475,2022-01-01,both
3816,3,2,0.16,1475,2022-05-01,both
3817,3,2,0.19,1475,2022-07-01,both
3818,2,2,0.18,1475,2022-10-01,both
3836,2,2,0.15,1480,2022-01-01,both
3837,3,2,0.15,1480,2022-05-01,both
3838,1,3,0.22,1480,2022-07-01,both
3847,2,2,0.17,1481,2022-01-01,both
3848,3,2,0.16,1481,2022-05-01,both
3849,1,3,0.24,1481,2022-07-01,both
3850,1,3,0.23,1481,2022-10-01,both
3873,2,2,0.18,1495,2022-01-01,both
3874,1,2,0.16,1495,2022-10-01,both
3888,2,3,0.2,1503,2022-01-01,both
3889,2,2,0.16,1503,2022-10-01,both
3896,3,3,0.33,1506,2022-01-01,both
3904,3,3,0.32,1510,2022-01-01,both
3911,3,3,0.31,1515,2022-01-01,both
3927,2,2,0.16,1518,2022-01-01,both
3928,3,2,0.15,1518,2022-05-01,both
3929,3,2,0.15,1518,2022-07-01,both
3930,2,2,0.14,1518,2022-10-01,both
3932,3,3,0.32,1519,2022-01-01,both
3935,3,3,0.33,1520,2022-01-01,both
3944,2,2,0.16,1522,2022-01-01,both
3945,3,2,0.15,1522,2022-05-01,both
3946,2,2,0.16,1522,2022-07-01,both
3947,2,2,0.14,1522,2022-10-01,both
3961,2,3,0.23,1528,2022-01-01,both
3962,3,3,0.28,1528,2022-05-01,both
3963,3,3,0.34,1528,2022-07-01,both
3964,3,3,0.32,1528,2022-10-01,both
3969,3,3,0.31,1534,2022-01-01,both
3977,3,3,0.34,1536,2022-01-01,both
3990,2,3,0.25,1540,2022-01-01,both
3991,3,3,0.27,1540,2022-05-01,both
3992,3,3,0.32,1540,2022-07-01,both
3993,3,3,0.29,1540,2022-10-01,both
3994,3,3,0.3,1541,2022-01-01,both
3997,3,3,0.3,1542,2022-01-01,both
4019,2,2,0.14,1551,2022-01-01,both
4020,3,2,0.14,1551,2022-05-01,both
4021,3,2,0.15,1551,2022-07-01,both
4022,2,2,0.14,1551,2022-10-01,both
4031,2,2,0.16,1553,2022-01-01,both
4032,3,2,0.14,1553,2022-05-01,both
4033,3,2,0.15,1553,2022-07-01,both
4034,2,2,0.14,1553,2022-10-01,both
4045,2,3,0.28,1558,2022-01-01,both
4046,3,3,0.3,1558,2022-05-01,both
4047,4,3,0.36,1558,2022-07-01,both
4048,3,3,0.34,1558,2022-10-01,both
4057,2,3,0.28,1559,2022-01-01,both
4058,3,3,0.3,1559,2022-05-01,both
4059,4,3,0.36,1559,2022-07-01,both
4060,3,3,0.34,1559,2022-10-01,both
4071,2,3,0.21,1561,2022-01-01,both
4072,3,3,0.21,1561,2022-05-01,both
4073,3,3,0.2,1561,2022-07-01,both
4074,2,3,0.22,1561,2022-10-01,both
4083,3,3,0.27,1562,2022-05-01,both
4084,3,3,0.33,1562,2022-07-01,both
4085,3,3,0.3,1562,2022-10-01,both
4092,3,3,0.34,1563,2022-07-01,both
4093,3,3,0.28,1563,2022-10-01,both
4107,2,3,0.22,1566,2022-01-01,both
4108,3,3,0.22,1566,2022-05-01,both
4109,3,3,0.23,1566,2022-07-01,both
4110,3,3,0.24,1566,2022-10-01,both
4113,3,3,0.32,1567,2022-01-01,both
4114,3,3,0.34,1568,2022-01-01,both
4122,3,3,0.25,1569,2022-05-01,both
4123,3,3,0.33,1569,2022-10-01,both
4131,3,3,0.27,1570,2022-05-01,both
4132,3,3,0.3,1570,2022-10-01,both
4141,2,2,0.18,1571,2022-01-01,both
4142,3,2,0.17,1571,2022-05-01,both
4143,3,3,0.23,1571,2022-07-01,both
4144,3,2,0.18,1571,2022-10-01,both
4148,3,3,0.34,1573,2022-01-01,both
4154,2,3,0.28,1574,2022-01-01,both
4155,3,3,0.31,1574,2022-10-01,both
4161,2,3,0.28,1575,2022-01-01,both
4162,3,3,0.32,1575,2022-10-01,both
4166,3,3,0.34,1576,2022-01-01,both
4177,2,3,0.28,1578,2022-01-01,both
4178,3,3,0.24,1578,2022-05-01,both
4179,3,3,0.32,1578,2022-07-01,both
4180,3,3,0.29,1578,2022-10-01,both
4183,3,3,0.25,1580,2022-04-01,both
4184,3,3,0.27,1580,2022-11-01,both
4186,3,3,0.27,1581,2022-04-01,both
4187,3,3,0.24,1581,2022-11-01,both
4189,3,3,0.27,1582,2022-04-01,both
4190,3,3,0.24,1582,2022-11-01,both
4197,3,3,0.32,1584,2022-01-01,both
4203,3,3,0.29,1586,2022-01-01,both
4210,3,2,0.19,1588,2022-05-01,both
4211,2,2,0.16,1589,2022-01-01,both
4215,2,3,0.26,1590,2022-04-01,both
4219,2,3,0.26,1591,2022-04-01,both
4223,3,3,0.27,1592,2022-01-01,both
4227,3,3,0.29,1594,2022-01-01,both
4236,2,2,0.19,1595,2022-01-01,both
4237,3,2,0.19,1595,2022-05-01,both
4238,3,3,0.24,1595,2022-07-01,both
4239,3,3,0.26,1595,2022-10-01,both
4248,2,3,0.2,1596,2022-01-01,both
4249,3,3,0.2,1596,2022-05-01,both
4250,3,3,0.25,1596,2022-07-01,both
4251,3,3,0.26,1596,2022-10-01,both
4260,3,3,0.27,1600,2022-01-01,both
4261,3,3,0.26,1600,2022-05-01,both
4262,3,3,0.36,1600,2022-07-01,both
4263,3,3,0.31,1600,2022-10-01,both
4265,3,3,0.29,1603,2022-01-01,both
4266,3,3,0.31,1604,2022-07-01,both
4273,3,3,0.28,1605,2022-07-01,both
4274,3,3,0.27,1605,2022-10-01,both
4283,3,3,0.3,1608,2022-01-01,both
4284,3,3,0.28,1608,2022-05-01,both
4285,3,3,0.37,1608,2022-07-01,both
4286,3,3,0.35,1608,2022-10-01,both
4293,3,3,0.24,1609,2022-07-01,both
4294,3,3,0.23,1609,2022-10-01,both
4319,3,3,0.27,1622,2022-01-01,both
4320,3,3,0.28,1622,2022-10-01,both
4323,3,3,0.27,1623,2022-01-01,both
4324,3,3,0.29,1623,2022-10-01,both
4332,3,3,0.3,1624,2022-01-01,both
4333,3,3,0.29,1624,2022-05-01,both
4334,3,3,0.29,1624,2022-07-01,both
4335,3,3,0.39,1624,2022-10-01,both
4355,3,3,0.29,1629,2022-01-01,both
4356,3,3,0.3,1629,2022-05-01,both
4357,4,3,0.35,1629,2022-07-01,both
4358,3,3,0.34,1629,2022-10-01,both
4365,3,3,0.32,1633,2022-01-01,both
4367,4,3,0.33,1635,2022-07-01,both
4375,3,3,0.3,1638,2022-01-01,both
4376,3,3,0.29,1638,2022-05-01,both
4388,3,3,0.31,1640,2022-01-01,both
4389,3,3,0.29,1640,2022-05-01,both
4390,3,3,0.35,1640,2022-10-01,both
4395,3,3,0.31,1646,2022-01-01,both
4396,3,3,0.29,1646,2022-05-01,both
4401,3,3,0.29,1648,2022-01-01,both
4406,3,3,0.29,1650,2022-05-01,both
4407,3,3,0.32,1650,2022-07-01,both
4408,3,3,0.27,1650,2022-10-01,both
4410,3,3,0.26,1652,2022-01-01,both
4418,3,2,0.19,1659,2022-08-01,both
4419,3,2,0.19,1660,2022-08-01,both
4429,3,3,0.27,1663,2022-01-01,both
4430,3,3,0.31,1663,2022-05-01,both
4431,3,3,0.37,1663,2022-07-01,both
4432,3,3,0.3,1663,2022-10-01,both
4440,3,3,0.27,1664,2022-01-01,both
4441,3,3,0.31,1664,2022-05-01,both
4442,3,3,0.37,1664,2022-07-01,both
4443,3,3,0.3,1664,2022-10-01,both
4445,2,2,0.18,1665,2022-08-01,both
4447,2,2,0.18,1666,2022-08-01,both
4455,3,3,0.25,1667,2022-01-01,both
4456,3,3,0.3,1667,2022-05-01,both
4457,3,3,0.31,1667,2022-07-01,both
4458,3,3,0.28,1667,2022-10-01,both
4460,3,3,0.2,1668,2022-08-01,both
4462,3,3,0.2,1669,2022-08-01,both
4464,3,3,0.21,1670,2022-08-01,both
4472,3,3,0.26,1671,2022-01-01,both
4473,3,3,0.32,1671,2022-05-01,both
4474,3,3,0.32,1671,2022-07-01,both
4475,3,3,0.31,1671,2022-10-01,both
4477,3,3,0.3,1672,2022-01-01,both
4484,3,3,0.32,1673,2022-10-01,both
4491,3,3,0.32,1674,2022-10-01,both
4502,3,3,0.31,1675,2022-01-01,both
4503,3,3,0.31,1675,2022-05-01,both
4504,3,3,0.37,1675,2022-07-01,both
4505,3,3,0.35,1675,2022-10-01,both
4515,3,3,0.31,1681,2022-10-01,both
4521,3,3,0.33,1683,2022-10-01,both
4525,3,2,0.19,1686,2022-08-01,both
4526,3,2,0.19,1687,2022-08-01,both
4536,3,3,0.27,1691,2022-01-01,both
4537,3,3,0.33,1691,2022-05-01,both
4538,3,3,0.37,1691,2022-07-01,both
4539,3,3,0.36,1691,2022-10-01,both
4544,3,3,0.29,1692,2022-10-01,both
4555,3,3,0.32,1695,2022-01-01,both
4556,3,3,0.35,1695,2022-05-01,both
4557,3,3,0.35,1695,2022-07-01,both
4558,3,3,0.32,1695,2022-10-01,both
4567,3,3,0.32,1696,2022-01-01,both
4568,3,3,0.35,1696,2022-05-01,both
4569,3,3,0.33,1696,2022-07-01,both
4570,3,3,0.3,1696,2022-10-01,both
4575,3,3,0.26,1698,2022-05-01,both
4576,3,3,0.28,1698,2022-10-01,both
4581,3,3,0.31,1702,2022-10-01,both
4593,3,3,0.28,1712,2022-01-01,both
4594,3,3,0.29,1712,2022-05-01,both
4595,3,3,0.28,1712,2022-10-01,both
4605,3,3,0.29,1715,2022-01-01,both
4606,3,3,0.33,1715,2022-05-01,both
4607,3,3,0.29,1715,2022-10-01,both
4614,3,3,0.28,1718,2022-01-01,both
4615,3,3,0.32,1718,2022-05-01,both
4616,3,3,0.29,1718,2022-10-01,both
4623,3,3,0.28,1719,2022-01-01,both
4624,3,3,0.32,1719,2022-05-01,both
4625,3,3,0.29,1719,2022-10-01,both
4632,3,3,0.32,1721,2022-10-01,both
4642,2,3,0.24,1727,2022-01-01,both
4643,3,3,0.28,1727,2022-05-01,both
4644,3,3,0.34,1727,2022-07-01,both
4645,3,3,0.24,1727,2022-10-01,both
4654,2,3,0.21,1728,2022-01-01,both
4655,3,3,0.24,1728,2022-05-01,both
4656,3,3,0.28,1728,2022-07-01,both
4657,3,2,0.17,1728,2022-10-01,both
4659,2,3,0.27,1729,2022-01-01,both
4660,3,3,0.22,1729,2022-10-01,both
4662,2,3,0.27,1730,2022-01-01,both
4663,3,3,0.22,1730,2022-10-01,both
4673,2,3,0.29,1736,2022-01-01,both
4674,3,3,0.29,1736,2022-05-01,both
4675,3,3,0.37,1736,2022-07-01,both
4676,3,3,0.29,1736,2022-10-01,both
4685,2,3,0.29,1737,2022-01-01,both
4686,3,3,0.29,1737,2022-05-01,both
4687,3,3,0.37,1737,2022-07-01,both
4688,3,3,0.29,1737,2022-10-01,both
4692,2,3,0.28,1738,2022-01-01,both
4693,3,3,0.33,1738,2022-07-01,both
4697,2,3,0.28,1739,2022-01-01,both
4698,3,3,0.33,1739,2022-07-01,both
4702,3,3,0.28,1740,2022-05-01,both
4707,3,3,0.29,1743,2022-05-01,both
4725,3,3,0.34,1756,2022-03-01,both
4726,3,3,0.4,1756,2022-09-01,both
4734,3,3,0.37,1757,2022-03-01,both
4735,3,3,0.43,1757,2022-09-01,both
4743,3,3,0.36,1758,2022-03-01,both
4744,3,3,0.39,1758,2022-09-01,both
4751,4,3,0.38,1759,2022-03-01,both
4755,3,3,0.37,1760,2022-07-01,both
4763,4,3,0.4,1762,2022-03-01,both
4764,3,3,0.42,1762,2022-09-01,both
4771,3,3,0.35,1763,2022-03-01,both
4772,3,3,0.4,1763,2022-09-01,both
4782,3,3,0.37,1766,2022-03-01,both
4783,3,3,0.4,1766,2022-09-01,both
4790,3,3,0.39,1767,2022-03-01,both
4791,3,3,0.4,1767,2022-09-01,both
4798,4,3,0.38,1768,2022-03-01,both
4799,3,3,0.41,1768,2022-09-01,both
4807,4,3,0.4,1769,2022-03-01,both
4808,4,3,0.45,1769,2022-09-01,both
4812,3,3,0.41,1770,2022-07-01,both
4815,3,3,0.39,1771,2022-07-01,both
4825,3,3,0.35,1772,2022-03-01,both
4826,3,3,0.38,1772,2022-07-01,both
4827,3,3,0.42,1772,2022-09-01,both
4837,4,3,0.35,1773,2022-03-01,both
4838,3,3,0.41,1773,2022-07-01,both
4839,3,3,0.42,1773,2022-09-01,both
4846,4,3,0.38,1774,2022-03-01,both
4847,3,3,0.38,1774,2022-09-01,both
4857,4,3,0.35,1776,2022-03-01,both
4858,3,3,0.35,1776,2022-09-01,both
4865,4,3,0.37,1777,2022-03-01,both
4866,3,3,0.4,1777,2022-09-01,both
4873,3,3,0.34,1778,2022-03-01,both
4881,4,3,0.39,1779,2022-03-01,both
4889,3,3,0.37,1781,2022-07-01,both
4898,4,3,0.31,1782,2022-03-01,both
4899,3,3,0.36,1782,2022-09-01,both
4906,3,3,0.32,1783,2022-03-01,both
4907,3,3,0.36,1783,2022-09-01,both
4909,3,3,0.39,1784,2022-07-01,both
4917,3,3,0.32,1785,2022-03-01,both
4918,3,3,0.36,1785,2022-07-01,both
4919,3,3,0.35,1785,2022-09-01,both
4921,3,3,0.37,1786,2022-09-01,both
4924,3,3,0.35,1787,2022-07-01,both
4925,2,3,0.34,1788,2022-07-01,both
4933,3,3,0.32,1789,2022-09-01,both
4943,3,3,0.34,1791,2022-03-01,both
4944,3,3,0.37,1791,2022-09-01,both
4946,3,3,0.36,1792,2022-07-01,both
4955,4,3,0.25,1793,2022-03-01,both
4956,3,3,0.35,1793,2022-09-01,both
4958,2,3,0.31,1794,2022-07-01,both
4961,3,3,0.28,1795,2022-03-01,both
4970,3,3,0.34,1796,2022-03-01,both
4979,3,3,0.32,1797,2022-03-01,both
4987,3,3,0.27,1798,2022-03-01,both
4997,3,3,0.29,1799,2022-03-01,both
4998,3,3,0.33,1799,2022-09-01,both
5007,3,3,0.27,1800,2022-03-01,both
5008,3,3,0.32,1800,2022-09-01,both
5017,3,3,0.33,1802,2022-03-01,both
5018,3,3,0.39,1802,2022-09-01,both
5027,3,3,0.35,1803,2022-03-01,both
5028,3,3,0.38,1803,2022-09-01,both
5039,3,3,0.25,1804,2022-03-01,both
5040,3,3,0.28,1804,2022-07-01,both
5041,3,3,0.31,1804,2022-09-01,both
5051,3,3,0.25,1806,2022-03-01,both
5052,3,3,0.27,1806,2022-09-01,both
5054,3,3,0.38,1808,2022-07-01,both
5059,3,3,0.33,1809,2022-07-01,both
5067,3,3,0.25,1810,2022-03-01,both
5068,3,3,0.28,1810,2022-09-01,both
5080,3,3,0.24,1811,2022-03-01,both
5081,3,3,0.27,1811,2022-07-01,both
5082,3,3,0.34,1811,2022-09-01,both
5093,3,3,0.25,1813,2022-03-01,both
5094,3,3,0.28,1813,2022-07-01,both
5095,3,3,0.3,1813,2022-09-01,both
5099,3,3,0.31,1814,2022-07-01,both
5106,3,3,0.28,1815,2022-03-01,both
5118,3,3,0.29,1817,2022-03-01,both
5119,3,3,0.31,1817,2022-07-01,both
5120,3,3,0.31,1817,2022-09-01,both
5130,3,3,0.3,1818,2022-03-01,both
5131,3,3,0.35,1818,2022-07-01,both
5132,3,3,0.34,1818,2022-09-01,both
5142,4,3,0.34,1819,2022-03-01,both
5143,3,3,0.39,1819,2022-09-01,both
5151,4,3,0.37,1820,2022-03-01,both
5152,3,3,0.38,1820,2022-09-01,both
5158,4,3,0.42,1821,2022-03-01,both
5159,3,3,0.38,1821,2022-09-01,both
5170,3,3,0.27,1822,2022-03-01,both
5171,3,3,0.26,1822,2022-07-01,both
5172,3,3,0.27,1822,2022-09-01,both
5175,3,3,0.35,1824,2022-03-01,both
5176,3,3,0.35,1824,2022-09-01,both
5179,3,3,0.31,1825,2022-09-01,both
5188,3,3,0.36,1826,2022-03-01,both
5189,3,3,0.32,1826,2022-07-01,both
5190,3,3,0.37,1826,2022-09-01,both
5199,3,3,0.36,1827,2022-03-01,both
5200,3,3,0.32,1827,2022-07-01,both
5201,3,3,0.39,1827,2022-09-01,both
5211,3,3,0.29,1829,2022-03-01,both
5212,3,3,0.31,1829,2022-09-01,both
5218,3,3,0.39,1830,2022-03-01,both
5219,3,3,0.3,1830,2022-07-01,both
5220,3,3,0.39,1830,2022-09-01,both
5230,3,3,0.28,1831,2022-03-01,both
5231,3,3,0.3,1831,2022-07-01,both
5232,3,3,0.32,1831,2022-09-01,both
5239,4,3,0.35,1832,2022-03-01,both
5240,3,3,0.36,1832,2022-09-01,both
5260,3,3,0.32,1835,2022-03-01,both
5261,3,3,0.39,1835,2022-07-01,both
5262,3,3,0.35,1835,2022-09-01,both
5271,3,3,0.31,1836,2022-03-01,both
5272,3,3,0.39,1836,2022-07-01,both
5273,3,3,0.36,1836,2022-09-01,both
5283,3,3,0.27,1838,2022-03-01,both
5284,3,3,0.31,1838,2022-09-01,both
5294,3,3,0.3,1839,2022-07-01,both
5305,3,3,0.32,1841,2022-07-01,both
5316,3,3,0.31,1843,2022-07-01,both
5328,3,3,0.32,1844,2022-03-01,both
5329,3,3,0.3,1844,2022-07-01,both
5330,3,3,0.35,1844,2022-09-01,both
5333,3,3,0.39,1845,2022-09-01,both
5336,3,3,0.39,1846,2022-09-01,both
5345,3,3,0.39,1848,2022-03-01,both
5346,3,3,0.39,1848,2022-09-01,both
5357,4,3,0.34,1849,2022-03-01,both
5358,3,3,0.32,1849,2022-07-01,both
5359,3,3,0.37,1849,2022-09-01,both
5370,3,3,0.33,1850,2022-03-01,both
5371,3,3,0.31,1850,2022-07-01,both
5372,3,3,0.38,1850,2022-09-01,both
5373,3,3,0.31,1851,2022-07-01,both
5379,4,3,0.44,1852,2022-03-01,both
5380,4,3,0.43,1852,2022-09-01,both
5388,3,3,0.33,1853,2022-03-01,both
5389,3,3,0.31,1853,2022-07-01,both
5398,3,3,0.35,1854,2022-09-01,both
5403,4,3,0.44,1855,2022-03-01,both
5404,4,3,0.41,1855,2022-09-01,both
5413,4,3,0.46,1856,2022-09-01,both
5421,3,3,0.34,1857,2022-03-01,both
5422,3,3,0.32,1857,2022-07-01,both
5423,3,3,0.35,1857,2022-09-01,both
5429,4,3,0.47,1858,2022-09-01,both
5440,3,3,0.33,1859,2022-03-01,both
5441,3,3,0.32,1859,2022-07-01,both
5442,3,3,0.35,1859,2022-09-01,both
5448,4,3,0.42,1860,2022-03-01,both
5460,3,3,0.34,1863,2022-03-01,both
5468,3,3,0.33,1864,2022-07-01,both
5469,3,3,0.36,1864,2022-09-01,both
5477,3,3,0.35,1865,2022-03-01,both
5478,3,3,0.38,1865,2022-07-01,both
5479,3,3,0.38,1865,2022-09-01,both
5487,3,3,0.35,1866,2022-03-01,both
5488,3,3,0.38,1866,2022-07-01,both
5489,3,3,0.38,1866,2022-09-01,both
5500,3,3,0.33,1867,2022-03-01,both
5501,3,3,0.32,1867,2022-07-01,both
5502,3,3,0.35,1867,2022-09-01,both
5508,4,3,0.46,1868,2022-09-01,both
5523,3,3,0.34,1870,2022-03-01,both
5524,3,3,0.32,1870,2022-07-01,both
5525,3,3,0.36,1870,2022-09-01,both
5530,3,3,0.4,1871,2022-09-01,both
5535,3,3,0.4,1872,2022-09-01,both
5544,4,3,0.39,1873,2022-03-01,both
5545,4,3,0.48,1873,2022-09-01,both
5561,3,3,0.37,1875,2022-03-01,both
5562,3,3,0.41,1875,2022-07-01,both
5563,3,3,0.39,1875,2022-09-01,both
5572,3,3,0.37,1876,2022-03-01,both
5573,3,3,0.41,1876,2022-07-01,both
5574,3,3,0.39,1876,2022-09-01,both
