area_id,date,country_code_3,source_row_index,fold_id,source_overall_phase,phase2_test,phase2_pred,phase3_test,phase3_pred,phase4_test,phase4_pred,phase5_test,phase5_pred,nonpositive_cumulative_prediction_sum,overall_phase,overall_phase_pred,is_held_out_area
1759,2017-08-01,AFG,4745,area_holdout_10pct_seed0,3,0.700000,0.740000,0.450000,0.390000,0.100000,0.110000,0.000000,0.000000,False,3,3,True
1759,2018-08-01,AFG,4746,area_holdout_10pct_seed0,3,0.700000,0.800000,0.400000,0.460000,0.100000,0.120000,0.000000,0.000000,False,3,3,True
1759,2019-08-01,AFG,4747,area_holdout_10pct_seed0,3,0.900000,0.700000,0.550000,0.420000,0.150000,0.120000,0.000000,0.000000,False,3,3,True
1759,2020-04-01,AFG,4748,area_holdout_10pct_seed0,3,0.800000,0.730000,0.550000,0.420000,0.150000,0.120000,0.000000,0.000000,False,3,3,True
1759,2020-08-01,AFG,4749,area_holdout_10pct_seed0,3,0.750000,0.710000,0.400000,0.430000,0.150000,0.110000,0.000000,0.000000,False,3,3,True
1759,2021-03-01,AFG,4750,area_holdout_10pct_seed0,3,0.750000,0.680000,0.400000,0.390000,0.100000,0.100000,0.000000,0.000000,False,3,3,True
1759,2022-03-01,AFG,4751,area_holdout_10pct_seed0,4,0.850000,0.780000,0.500000,0.430000,0.200000,0.120000,0.000000,0.000000,False,4,3,True
1763,2017-08-01,AFG,4765,area_holdout_10pct_seed0,3,0.710000,0.720000,0.260000,0.350000,0.070000,0.100000,0.000000,0.000000,False,3,3,True
1763,2018-08-01,AFG,4766,area_holdout_10pct_seed0,3,0.850000,0.840000,0.600000,0.450000,0.150000,0.100000,0.000000,0.000000,False,3,3,True
1763,2019-08-01,AFG,4767,area_holdout_10pct_seed0,2,0.650000,0.670000,0.150000,0.400000,0.050000,0.100000,0.000000,0.000000,False,2,3,True
1763,2020-04-01,AFG,4768,area_holdout_10pct_seed0,2,0.800000,0.710000,0.150000,0.410000,0.050000,0.100000,0.000000,0.000000,False,2,3,True
1763,2020-08-01,AFG,4769,area_holdout_10pct_seed0,3,0.800000,0.700000,0.400000,0.410000,0.100000,0.100000,0.000000,0.000000,False,3,3,True
1763,2021-03-01,AFG,4770,area_holdout_10pct_seed0,3,0.650000,0.670000,0.300000,0.390000,0.050000,0.090000,0.000000,0.000000,False,3,3,True
1763,2022-03-01,AFG,4771,area_holdout_10pct_seed0,3,0.800000,0.770000,0.500000,0.440000,0.150000,0.110000,0.000000,0.000000,False,3,3,True
1763,2022-09-01,AFG,4772,area_holdout_10pct_seed0,3,0.800000,0.770000,0.350000,0.410000,0.100000,0.100000,0.000000,0.000000,False,3,3,True
1786,2019-08-01,AFG,4920,area_holdout_10pct_seed0,3,0.700000,0.700000,0.400000,0.320000,0.100000,0.090000,0.000000,0.000000,False,3,3,True
1786,2022-09-01,AFG,4921,area_holdout_10pct_seed0,3,0.900000,0.780000,0.400000,0.380000,0.050000,0.110000,0.000000,0.000000,False,3,3,True
1793,2017-05-01,AFG,4947,area_holdout_10pct_seed0,3,0.590000,0.610000,0.390000,0.320000,0.110000,0.090000,0.000000,0.000000,False,3,3,True
1793,2017-08-01,AFG,4948,area_holdout_10pct_seed0,3,0.700000,0.620000,0.250000,0.280000,0.050000,0.090000,0.000000,0.000000,False,3,3,True
1793,2017-11-01,AFG,4949,area_holdout_10pct_seed0,3,0.760000,0.770000,0.490000,0.460000,0.040000,0.130000,0.000000,0.000000,False,3,3,True
1793,2018-08-01,AFG,4950,area_holdout_10pct_seed0,3,0.700000,0.560000,0.300000,0.360000,0.100000,0.090000,0.000000,0.000000,False,3,3,True
1793,2019-08-01,AFG,4951,area_holdout_10pct_seed0,3,0.700000,0.570000,0.400000,0.290000,0.100000,0.080000,0.000000,0.000000,False,3,3,True
1793,2020-04-01,AFG,4952,area_holdout_10pct_seed0,3,0.700000,0.730000,0.350000,0.360000,0.100000,0.100000,0.000000,0.000000,False,3,3,True
1793,2020-08-01,AFG,4953,area_holdout_10pct_seed0,3,0.700000,0.740000,0.400000,0.330000,0.150000,0.100000,0.000000,0.000000,False,3,3,True
1793,2021-03-01,AFG,4954,area_holdout_10pct_seed0,3,0.700000,0.730000,0.250000,0.330000,0.050000,0.090000,0.000000,0.000000,False,3,3,True
1793,2022-03-01,AFG,4955,area_holdout_10pct_seed0,4,0.850000,0.820000,0.500000,0.430000,0.200000,0.110000,0.000000,0.000000,False,4,3,True
1793,2022-09-01,AFG,4956,area_holdout_10pct_seed0,3,0.800000,0.770000,0.400000,0.380000,0.050000,0.100000,0.000000,0.000000,False,3,3,True
1815,2017-08-01,AFG,5100,area_holdout_10pct_seed0,2,0.650000,0.620000,0.150000,0.280000,0.050000,0.090000,0.000000,0.000000,False,2,3,True
1815,2019-08-01,AFG,5101,area_holdout_10pct_seed0,2,0.600000,0.610000,0.150000,0.320000,0.050000,0.090000,0.000000,0.000000,False,2,3,True
1815,2020-04-01,AFG,5102,area_holdout_10pct_seed0,3,0.750000,0.680000,0.300000,0.320000,0.050000,0.100000,0.000000,0.000000,False,3,3,True
1815,2020-08-01,AFG,5103,area_holdout_10pct_seed0,2,0.600000,0.660000,0.150000,0.330000,0.050000,0.100000,0.000000,0.000000,False,2,3,True
1815,2021-03-01,AFG,5104,area_holdout_10pct_seed0,3,0.700000,0.690000,0.300000,0.320000,0.100000,0.100000,0.000000,0.000000,False,3,3,True
1815,2021-09-01,AFG,5105,area_holdout_10pct_seed0,3,0.550000,0.750000,0.250000,0.390000,0.100000,0.120000,0.000000,0.000000,False,3,3,True
1815,2022-03-01,AFG,5106,area_holdout_10pct_seed0,3,0.850000,0.790000,0.400000,0.390000,0.150000,0.110000,0.000000,0.000000,False,3,3,True
1829,2017-05-01,AFG,5202,area_holdout_10pct_seed0,2,0.630000,0.650000,0.130000,0.290000,0.030000,0.100000,0.000000,0.000000,False,2,3,True
1829,2017-08-01,AFG,5203,area_holdout_10pct_seed0,3,0.550000,0.560000,0.220000,0.310000,0.020000,0.100000,0.000000,0.000000,False,3,3,True
1829,2017-11-01,AFG,5204,area_holdout_10pct_seed0,3,0.850000,0.830000,0.550000,0.430000,0.100000,0.160000,0.000000,0.000000,False,3,3,True
1829,2018-08-01,AFG,5205,area_holdout_10pct_seed0,3,0.750000,0.770000,0.400000,0.380000,0.050000,0.100000,0.000000,0.000000,False,3,3,True
1829,2019-08-01,AFG,5206,area_holdout_10pct_seed0,3,0.600000,0.620000,0.300000,0.310000,0.050000,0.100000,0.000000,0.000000,False,3,3,True
1829,2020-04-01,AFG,5207,area_holdout_10pct_seed0,3,0.650000,0.640000,0.250000,0.330000,0.100000,0.110000,0.000000,0.000000,False,3,3,True
1829,2020-08-01,AFG,5208,area_holdout_10pct_seed0,3,0.750000,0.680000,0.350000,0.360000,0.100000,0.100000,0.000000,0.000000,False,3,3,True
1829,2021-03-01,AFG,5209,area_holdout_10pct_seed0,3,0.650000,0.700000,0.250000,0.360000,0.050000,0.100000,0.000000,0.000000,False,3,3,True
1829,2021-09-01,AFG,5210,area_holdout_10pct_seed0,3,0.700000,0.790000,0.250000,0.420000,0.100000,0.120000,0.000000,0.000000,False,3,3,True
1829,2022-03-01,AFG,5211,area_holdout_10pct_seed0,3,0.800000,0.820000,0.500000,0.420000,0.150000,0.120000,0.000000,0.000000,False,3,3,True
1829,2022-09-01,AFG,5212,area_holdout_10pct_seed0,3,0.750000,0.760000,0.350000,0.400000,0.100000,0.120000,0.000000,0.000000,False,3,3,True
1851,2022-07-01,AFG,5373,area_holdout_10pct_seed0,3,0.650000,0.660000,0.250000,0.370000,0.050000,0.100000,0.000000,0.000000,False,3,3,True
699,2017-04-01,BDI,1996,area_holdout_10pct_seed0,4,0.750000,0.720000,0.450000,0.200000,0.200000,0.040000,0.000000,0.000000,False,4,3,True
699,2017-08-01,BDI,1997,area_holdout_10pct_seed0,2,0.700000,0.710000,0.190000,0.170000,0.070000,0.050000,0.000000,0.000000,False,2,2,True
699,2018-03-01,BDI,1998,area_holdout_10pct_seed0,2,0.550000,0.510000,0.150000,0.140000,0.000000,0.030000,0.000000,0.000000,False,2,2,True
699,2018-07-01,BDI,1999,area_holdout_10pct_seed0,2,0.400000,0.480000,0.120000,0.130000,0.020000,0.040000,0.000000,0.000000,False,2,2,True
699,2018-08-01,BDI,2000,area_holdout_10pct_seed0,2,0.550000,0.590000,0.050000,0.150000,0.000000,0.040000,0.000000,0.000000,False,2,2,True
699,2019-07-01,BDI,2001,area_holdout_10pct_seed0,3,0.700000,0.700000,0.200000,0.230000,0.000000,0.040000,0.000000,0.000000,False,3,3,True
699,2020-05-01,BDI,2002,area_holdout_10pct_seed0,2,0.500000,0.510000,0.100000,0.120000,0.000000,0.030000,0.000000,0.000000,False,2,2,True
699,2020-07-01,BDI,2003,area_holdout_10pct_seed0,3,0.700000,0.720000,0.200000,0.240000,0.000000,0.040000,0.000000,0.000000,False,3,3,True
699,2020-08-01,BDI,2004,area_holdout_10pct_seed0,2,0.350000,0.420000,0.050000,0.160000,0.000000,0.030000,0.000000,0.000000,False,2,2,True
699,2021-02-01,BDI,2005,area_holdout_10pct_seed0,2,0.750000,0.700000,0.150000,0.200000,0.000000,0.040000,0.000000,0.000000,False,2,3,True
699,2021-04-01,BDI,2006,area_holdout_10pct_seed0,3,0.650000,0.620000,0.200000,0.150000,0.050000,0.030000,0.000000,0.000000,False,3,2,True
699,2021-09-01,BDI,2007,area_holdout_10pct_seed0,2,0.650000,0.620000,0.100000,0.180000,0.000000,0.040000,0.000000,0.000000,False,2,2,True
699,2022-04-01,BDI,2008,area_holdout_10pct_seed0,2,0.350000,0.350000,0.100000,0.140000,0.000000,0.030000,0.000000,0.000000,False,2,2,True
699,2022-06-01,BDI,2009,area_holdout_10pct_seed0,2,0.400000,0.450000,0.150000,0.170000,0.000000,0.040000,0.000000,0.000000,False,2,2,True
699,2022-07-01,BDI,2010,area_holdout_10pct_seed0,2,0.750000,0.720000,0.150000,0.230000,0.000000,0.040000,0.000000,0.000000,False,2,3,True
708,2017-08-01,BDI,2090,area_holdout_10pct_seed0,2,0.640000,0.680000,0.160000,0.200000,0.040000,0.050000,0.000000,0.000000,False,2,3,True
708,2018-03-01,BDI,2091,area_holdout_10pct_seed0,2,0.500000,0.500000,0.150000,0.190000,0.000000,0.050000,0.000000,0.000000,False,2,2,True
708,2018-07-01,BDI,2092,area_holdout_10pct_seed0,2,0.550000,0.550000,0.190000,0.200000,0.050000,0.050000,0.000000,0.000000,False,2,3,True
708,2018-08-01,BDI,2093,area_holdout_10pct_seed0,2,0.600000,0.600000,0.050000,0.170000,0.000000,0.050000,0.000000,0.000000,False,2,2,True
708,2019-07-01,BDI,2094,area_holdout_10pct_seed0,3,0.650000,0.650000,0.200000,0.250000,0.000000,0.050000,0.000000,0.000000,False,3,3,True
708,2020-05-01,BDI,2095,area_holdout_10pct_seed0,2,0.400000,0.400000,0.100000,0.190000,0.000000,0.050000,0.000000,0.000000,False,2,2,True
708,2020-07-01,BDI,2096,area_holdout_10pct_seed0,3,0.750000,0.710000,0.400000,0.270000,0.150000,0.050000,0.000000,0.000000,False,3,3,True
708,2020-08-01,BDI,2097,area_holdout_10pct_seed0,2,0.500000,0.450000,0.100000,0.230000,0.000000,0.050000,0.000000,0.000000,False,2,3,True
708,2021-02-01,BDI,2098,area_holdout_10pct_seed0,3,0.650000,0.650000,0.250000,0.220000,0.050000,0.050000,0.000000,0.000000,False,3,3,True
708,2021-04-01,BDI,2099,area_holdout_10pct_seed0,2,0.500000,0.510000,0.150000,0.210000,0.000000,0.050000,0.000000,0.000000,False,2,3,True
708,2022-04-01,BDI,2100,area_holdout_10pct_seed0,2,0.450000,0.460000,0.150000,0.210000,0.000000,0.050000,0.000000,0.000000,False,2,3,True
708,2022-06-01,BDI,2101,area_holdout_10pct_seed0,2,0.450000,0.460000,0.150000,0.210000,0.000000,0.050000,0.000000,0.000000,False,2,3,True
708,2022-07-01,BDI,2102,area_holdout_10pct_seed0,3,0.750000,0.750000,0.300000,0.260000,0.050000,0.050000,0.000000,0.000000,False,3,3,True
132,2017-02-01,CAF,700,area_holdout_10pct_seed0,2,0.640000,0.700000,0.140000,0.320000,0.050000,0.060000,0.000000,0.000000,False,2,3,True
132,2020-09-01,CAF,701,area_holdout_10pct_seed0,3,0.800000,0.680000,0.400000,0.360000,0.050000,0.110000,0.000000,0.000000,False,3,3,True
132,2021-09-01,CAF,702,area_holdout_10pct_seed0,3,0.700000,0.620000,0.400000,0.300000,0.100000,0.110000,0.000000,0.000000,False,3,3,True
205,2021-02-01,CAF,785,area_holdout_10pct_seed0,3,0.600000,0.630000,0.250000,0.300000,0.050000,0.060000,0.000000,0.000000,False,3,3,True
254,2019-05-01,CAF,850,area_holdout_10pct_seed0,4,0.800000,0.820000,0.550000,0.530000,0.200000,0.140000,0.000000,0.000000,False,4,3,True
254,2021-09-01,CAF,851,area_holdout_10pct_seed0,3,0.800000,0.770000,0.400000,0.430000,0.100000,0.150000,0.000000,0.000000,False,3,3,True
258,2022-09-01,CAF,854,area_holdout_10pct_seed0,3,0.700000,0.730000,0.350000,0.330000,0.050000,0.080000,0.000000,0.000000,False,3,3,True
274,2019-09-01,CAF,868,area_holdout_10pct_seed0,3,0.700000,0.690000,0.300000,0.410000,0.050000,0.130000,0.000000,0.000000,False,3,3,True
290,2018-03-01,CAF,905,area_holdout_10pct_seed0,3,0.750000,0.820000,0.400000,0.480000,0.150000,0.160000,0.000000,0.000000,False,3,3,True
290,2022-09-01,CAF,906,area_holdout_10pct_seed0,3,0.800000,0.790000,0.450000,0.490000,0.100000,0.150000,0.000000,0.000000,False,3,3,True
334,2019-09-01,CAF,966,area_holdout_10pct_seed0,3,0.850000,0.830000,0.450000,0.450000,0.100000,0.120000,0.000000,0.000000,False,3,3,True
334,2021-04-01,CAF,967,area_holdout_10pct_seed0,2,0.500000,0.580000,0.150000,0.230000,0.050000,0.110000,0.000000,0.000000,False,2,3,True
334,2022-04-01,CAF,968,area_holdout_10pct_seed0,2,0.450000,0.540000,0.150000,0.300000,0.050000,0.130000,0.000000,0.000000,False,2,3,True
396,2017-02-01,CAF,1004,area_holdout_10pct_seed0,2,0.650000,0.690000,0.150000,0.250000,0.000000,0.070000,0.000000,0.000000,False,2,3,True
396,2018-03-01,CAF,1005,area_holdout_10pct_seed0,4,0.900000,0.890000,0.700000,0.500000,0.350000,0.120000,0.000000,0.000000,False,4,3,True
127,2021-09-01,COD,696,area_holdout_10pct_seed0,3,0.650000,0.640000,0.250000,0.290000,0.050000,0.080000,0.000000,0.000000,False,3,3,True
128,2019-07-01,COD,697,area_holdout_10pct_seed0,2,0.750000,0.580000,0.050000,0.200000,0.000000,0.080000,0.000000,0.000000,False,2,3,True
128,2020-07-01,COD,698,area_holdout_10pct_seed0,2,0.500000,0.550000,0.150000,0.260000,0.000000,0.080000,0.000000,0.000000,False,2,3,True
128,2021-09-01,COD,699,area_holdout_10pct_seed0,3,0.650000,0.680000,0.250000,0.280000,0.050000,0.070000,0.000000,0.000000,False,3,3,True
161,2022-07-01,COD,718,area_holdout_10pct_seed0,3,0.800000,0.770000,0.250000,0.190000,0.050000,0.060000,0.000000,0.000000,False,3,2,True
169,2021-02-01,COD,734,area_holdout_10pct_seed0,2,0.600000,0.630000,0.150000,0.270000,0.000000,0.050000,0.000000,0.000000,False,2,3,True
169,2022-07-01,COD,735,area_holdout_10pct_seed0,3,0.750000,0.690000,0.250000,0.220000,0.050000,0.070000,0.000000,0.000000,False,3,3,True
285,2018-08-01,COD,893,area_holdout_10pct_seed0,4,0.800000,0.800000,0.600000,0.350000,0.200000,0.060000,0.000000,0.000000,False,4,3,True
285,2020-07-01,COD,894,area_holdout_10pct_seed0,3,0.850000,0.850000,0.450000,0.350000,0.150000,0.050000,0.000000,0.000000,False,3,3,True
285,2022-07-01,COD,895,area_holdout_10pct_seed0,3,0.700000,0.700000,0.400000,0.310000,0.050000,0.040000,0.000000,0.000000,False,3,3,True
376,2017-06-01,COD,996,area_holdout_10pct_seed0,3,1.000000,1.000000,0.230000,0.210000,0.080000,0.040000,0.000000,0.000000,False,3,3,True
444,2021-09-01,COD,1069,area_holdout_10pct_seed0,3,0.650000,0.660000,0.250000,0.250000,0.050000,0.060000,0.000000,0.000000,False,3,3,True
446,2022-07-01,COD,1071,area_holdout_10pct_seed0,2,0.700000,0.730000,0.150000,0.290000,0.000000,0.050000,0.000000,0.000000,False,2,3,True
464,2019-07-01,COD,1101,area_holdout_10pct_seed0,3,0.650000,0.660000,0.250000,0.280000,0.050000,0.060000,0.000000,0.000000,False,3,3,True
483,2018-08-01,COD,1118,area_holdout_10pct_seed0,3,0.850000,0.850000,0.550000,0.370000,0.100000,0.080000,0.000000,0.000000,False,3,3,True
483,2020-07-01,COD,1119,area_holdout_10pct_seed0,3,0.700000,0.700000,0.350000,0.400000,0.100000,0.080000,0.000000,0.000000,False,3,3,True
623,2017-06-01,COD,1542,area_holdout_10pct_seed0,3,1.000000,1.000000,0.330000,0.210000,0.130000,0.040000,0.000000,0.000000,False,3,3,True
623,2018-08-01,COD,1543,area_holdout_10pct_seed0,4,0.850000,0.830000,0.650000,0.360000,0.300000,0.070000,0.000000,0.000000,False,4,3,True
623,2019-07-01,COD,1544,area_holdout_10pct_seed0,3,0.800000,0.740000,0.300000,0.320000,0.100000,0.080000,0.000000,0.000000,False,3,3,True
623,2021-02-01,COD,1545,area_holdout_10pct_seed0,3,0.800000,0.760000,0.350000,0.410000,0.150000,0.070000,0.000000,0.000000,False,3,3,True
623,2022-07-01,COD,1546,area_holdout_10pct_seed0,3,0.900000,0.850000,0.450000,0.300000,0.100000,0.060000,0.000000,0.000000,False,3,3,True
1215,2021-01-01,DJI,3182,area_holdout_10pct_seed0,2,0.490000,0.530000,0.150000,0.190000,0.050000,0.040000,0.000000,0.000000,False,2,2,True
1215,2022-10-01,DJI,3183,area_holdout_10pct_seed0,2,0.200000,0.590000,0.050000,0.320000,0.000000,0.090000,0.000000,0.000000,False,2,3,True
9,2022-09-01,DOM,3,area_holdout_10pct_seed0,4,0.800000,0.700000,0.550000,0.280000,0.200000,0.050000,0.000000,0.000000,False,4,3,True
1144,2020-07-01,ETH,2916,area_holdout_10pct_seed0,2,0.500000,0.520000,0.150000,0.260000,0.000000,0.060000,0.000000,0.000000,False,2,3,True
1144,2020-10-01,ETH,2917,area_holdout_10pct_seed0,2,0.450000,0.520000,0.150000,0.160000,0.050000,0.080000,0.000000,0.000000,False,2,2,True
1234,2020-01-01,ETH,3282,area_holdout_10pct_seed0,2,0.290000,0.350000,0.060000,0.190000,0.000000,0.080000,0.000000,0.000000,False,2,2,True
1234,2022-10-01,ETH,3283,area_holdout_10pct_seed0,2,0.200000,0.520000,0.050000,0.240000,0.000000,0.080000,0.000000,0.000000,False,2,3,True
1473,2018-01-01,ETH,3802,area_holdout_10pct_seed0,2,0.280000,0.410000,0.140000,0.220000,0.000000,0.080000,0.000000,0.000000,False,2,3,True
86,2018-12-01,GTM,507,area_holdout_10pct_seed0,2,0.430000,0.430000,0.160000,0.160000,0.020000,0.020000,0.000000,0.000000,False,2,2,True
86,2019-10-01,GTM,508,area_holdout_10pct_seed0,2,0.350000,0.370000,0.060000,0.120000,0.010000,0.020000,0.000000,0.000000,False,2,2,True
86,2019-12-01,GTM,509,area_holdout_10pct_seed0,2,0.550000,0.540000,0.080000,0.160000,0.010000,0.020000,0.000000,0.000000,False,2,2,True
86,2020-08-01,GTM,510,area_holdout_10pct_seed0,3,0.550000,0.560000,0.250000,0.210000,0.050000,0.020000,0.000000,0.000000,False,3,3,True
86,2020-10-01,GTM,511,area_holdout_10pct_seed0,2,0.500000,0.500000,0.100000,0.140000,0.010000,0.020000,0.000000,0.000000,False,2,2,True
86,2020-12-01,GTM,512,area_holdout_10pct_seed0,3,0.550000,0.550000,0.220000,0.190000,0.020000,0.020000,0.000000,0.000000,False,3,2,True
86,2021-05-01,GTM,513,area_holdout_10pct_seed0,3,0.600000,0.610000,0.250000,0.200000,0.020000,0.020000,0.000000,0.000000,False,3,3,True
86,2021-07-01,GTM,514,area_holdout_10pct_seed0,3,0.660000,0.660000,0.220000,0.190000,0.020000,0.020000,0.000000,0.000000,False,3,2,True
86,2022-03-01,GTM,515,area_holdout_10pct_seed0,2,0.630000,0.620000,0.150000,0.220000,0.000000,0.030000,0.000000,0.000000,False,2,3,True
95,2018-02-01,GTM,602,area_holdout_10pct_seed0,2,0.450000,0.450000,0.070000,0.110000,0.000000,0.030000,0.000000,0.000000,False,2,2,True
95,2019-10-01,GTM,603,area_holdout_10pct_seed0,2,0.350000,0.350000,0.060000,0.140000,0.010000,0.020000,0.000000,0.000000,False,2,2,True
95,2019-12-01,GTM,604,area_holdout_10pct_seed0,2,0.470000,0.480000,0.070000,0.160000,0.000000,0.020000,0.000000,0.000000,False,2,2,True
95,2020-08-01,GTM,605,area_holdout_10pct_seed0,3,0.700000,0.700000,0.250000,0.210000,0.050000,0.020000,0.000000,0.000000,False,3,3,True
95,2020-10-01,GTM,606,area_holdout_10pct_seed0,2,0.500000,0.500000,0.100000,0.150000,0.010000,0.020000,0.000000,0.000000,False,2,2,True
95,2020-11-01,GTM,607,area_holdout_10pct_seed0,3,0.600000,0.600000,0.230000,0.190000,0.030000,0.020000,0.000000,0.000000,False,3,2,True
95,2021-05-01,GTM,608,area_holdout_10pct_seed0,3,0.800000,0.790000,0.200000,0.210000,0.000000,0.030000,0.000000,0.000000,False,3,3,True
98,2018-11-01,GTM,620,area_holdout_10pct_seed0,2,0.450000,0.460000,0.180000,0.180000,0.070000,0.030000,0.000000,0.000000,False,2,2,True
98,2019-12-01,GTM,621,area_holdout_10pct_seed0,2,0.620000,0.610000,0.170000,0.190000,0.020000,0.020000,0.000000,0.000000,False,2,2,True
98,2020-08-01,GTM,622,area_holdout_10pct_seed0,3,0.750000,0.750000,0.300000,0.210000,0.020000,0.020000,0.000000,0.000000,False,3,3,True
98,2021-05-01,GTM,623,area_holdout_10pct_seed0,3,0.760000,0.760000,0.260000,0.220000,0.010000,0.030000,0.000000,0.000000,False,3,3,True
100,2018-02-01,GTM,633,area_holdout_10pct_seed0,2,0.450000,0.450000,0.070000,0.090000,0.000000,0.020000,0.000000,0.000000,False,2,2,True
100,2018-11-01,GTM,634,area_holdout_10pct_seed0,2,0.500000,0.500000,0.150000,0.140000,0.050000,0.020000,0.000000,0.000000,False,2,2,True
100,2019-10-01,GTM,635,area_holdout_10pct_seed0,2,0.350000,0.350000,0.060000,0.130000,0.010000,0.020000,0.000000,0.000000,False,2,2,True
100,2019-12-01,GTM,636,area_holdout_10pct_seed0,2,0.540000,0.540000,0.120000,0.170000,0.010000,0.020000,0.000000,0.000000,False,2,2,True
100,2020-08-01,GTM,637,area_holdout_10pct_seed0,2,0.550000,0.550000,0.170000,0.210000,0.020000,0.020000,0.000000,0.000000,False,2,3,True
100,2020-10-01,GTM,638,area_holdout_10pct_seed0,2,0.500000,0.500000,0.100000,0.140000,0.010000,0.020000,0.000000,0.000000,False,2,2,True
100,2020-11-01,GTM,639,area_holdout_10pct_seed0,3,0.600000,0.600000,0.230000,0.180000,0.030000,0.020000,0.000000,0.000000,False,3,2,True
100,2021-11-01,GTM,640,area_holdout_10pct_seed0,2,0.440000,0.440000,0.100000,0.130000,0.000000,0.020000,0.000000,0.000000,False,2,2,True
100,2022-03-01,GTM,641,area_holdout_10pct_seed0,2,0.660000,0.660000,0.160000,0.220000,0.000000,0.040000,0.000000,0.000000,False,2,3,True
104,2020-08-01,GTM,655,area_holdout_10pct_seed0,3,0.720000,0.710000,0.270000,0.200000,0.020000,0.020000,0.000000,0.000000,False,3,3,True
41,2018-11-01,HND,83,area_holdout_10pct_seed0,2,0.550000,0.500000,0.150000,0.170000,0.020000,0.020000,0.000000,0.000000,False,2,2,True
41,2018-12-01,HND,84,area_holdout_10pct_seed0,2,0.630000,0.510000,0.180000,0.160000,0.030000,0.020000,0.000000,0.000000,False,2,2,True
41,2019-11-01,HND,85,area_holdout_10pct_seed0,2,0.470000,0.550000,0.100000,0.190000,0.020000,0.020000,0.000000,0.000000,False,2,2,True
41,2019-12-01,HND,86,area_holdout_10pct_seed0,2,0.450000,0.490000,0.150000,0.210000,0.050000,0.020000,0.000000,0.000000,False,2,3,True
41,2020-11-01,HND,87,area_holdout_10pct_seed0,2,0.350000,0.430000,0.050000,0.170000,0.000000,0.020000,0.000000,0.000000,False,2,2,True
41,2020-12-01,HND,88,area_holdout_10pct_seed0,3,0.700000,0.660000,0.350000,0.220000,0.050000,0.020000,0.000000,0.000000,False,3,3,True
41,2021-05-01,HND,89,area_holdout_10pct_seed0,3,0.700000,0.700000,0.200000,0.200000,0.000000,0.020000,0.000000,0.000000,False,3,3,True
41,2021-07-01,HND,90,area_holdout_10pct_seed0,3,0.700000,0.670000,0.200000,0.180000,0.030000,0.020000,0.000000,0.000000,False,3,2,True
41,2021-12-01,HND,91,area_holdout_10pct_seed0,3,0.700000,0.620000,0.280000,0.230000,0.030000,0.020000,0.000000,0.000000,False,3,3,True
41,2022-03-01,HND,92,area_holdout_10pct_seed0,3,0.700000,0.700000,0.290000,0.260000,0.040000,0.040000,0.000000,0.000000,False,3,3,True
44,2018-02-01,HND,114,area_holdout_10pct_seed0,2,0.590000,0.590000,0.000000,0.100000,0.000000,0.030000,0.000000,0.000000,False,2,2,True
44,2018-12-01,HND,115,area_holdout_10pct_seed0,2,0.490000,0.500000,0.190000,0.210000,0.040000,0.030000,0.000000,0.000000,False,2,3,True
44,2020-08-01,HND,116,area_holdout_10pct_seed0,3,0.630000,0.630000,0.290000,0.200000,0.030000,0.030000,0.000000,0.000000,False,3,3,True
44,2020-10-01,HND,117,area_holdout_10pct_seed0,2,0.200000,0.210000,0.050000,0.110000,0.000000,0.030000,0.000000,0.000000,False,2,2,True
44,2020-11-01,HND,118,area_holdout_10pct_seed0,2,0.350000,0.360000,0.050000,0.160000,0.000000,0.030000,0.000000,0.000000,False,2,2,True
44,2020-12-01,HND,119,area_holdout_10pct_seed0,3,0.720000,0.720000,0.300000,0.240000,0.030000,0.030000,0.000000,0.000000,False,3,3,True
44,2021-05-01,HND,120,area_holdout_10pct_seed0,3,0.650000,0.650000,0.310000,0.200000,0.030000,0.030000,0.000000,0.000000,False,3,3,True
44,2021-11-01,HND,121,area_holdout_10pct_seed0,2,0.230000,0.230000,0.060000,0.110000,0.000000,0.030000,0.000000,0.000000,False,2,2,True
55,2018-02-01,HND,213,area_holdout_10pct_seed0,2,0.450000,0.500000,0.000000,0.120000,0.000000,0.030000,0.000000,0.000000,False,2,2,True
55,2018-11-01,HND,214,area_holdout_10pct_seed0,2,0.200000,0.240000,0.100000,0.150000,0.020000,0.030000,0.000000,0.000000,False,1,2,True
55,2018-12-01,HND,215,area_holdout_10pct_seed0,2,0.400000,0.440000,0.150000,0.210000,0.050000,0.030000,0.000000,0.000000,False,2,3,True
55,2019-10-01,HND,216,area_holdout_10pct_seed0,2,0.310000,0.320000,0.110000,0.150000,0.010000,0.030000,0.000000,0.000000,False,2,2,True
55,2019-11-01,HND,217,area_holdout_10pct_seed0,3,0.500000,0.510000,0.220000,0.210000,0.040000,0.030000,0.000000,0.000000,False,3,3,True
55,2019-12-01,HND,218,area_holdout_10pct_seed0,3,0.600000,0.590000,0.260000,0.190000,0.060000,0.030000,0.000000,0.000000,False,3,2,True
55,2020-10-01,HND,219,area_holdout_10pct_seed0,2,0.400000,0.410000,0.150000,0.150000,0.020000,0.030000,0.000000,0.000000,False,2,2,True
55,2020-11-01,HND,220,area_holdout_10pct_seed0,2,0.400000,0.420000,0.050000,0.170000,0.000000,0.030000,0.000000,0.000000,False,2,2,True
55,2020-12-01,HND,221,area_holdout_10pct_seed0,3,0.600000,0.600000,0.250000,0.240000,0.030000,0.030000,0.000000,0.000000,False,3,3,True
55,2021-05-01,HND,222,area_holdout_10pct_seed0,3,0.650000,0.660000,0.310000,0.210000,0.030000,0.030000,0.000000,0.000000,False,3,3,True
55,2021-07-01,HND,223,area_holdout_10pct_seed0,2,0.600000,0.600000,0.100000,0.160000,0.000000,0.030000,0.000000,0.000000,False,2,2,True
55,2021-11-01,HND,224,area_holdout_10pct_seed0,2,0.390000,0.390000,0.090000,0.150000,0.010000,0.030000,0.000000,0.000000,False,2,2,True
55,2021-12-01,HND,225,area_holdout_10pct_seed0,3,0.600000,0.610000,0.240000,0.240000,0.020000,0.030000,0.000000,0.000000,False,3,3,True
55,2022-03-01,HND,226,area_holdout_10pct_seed0,3,0.650000,0.650000,0.250000,0.250000,0.030000,0.050000,0.000000,0.000000,False,3,3,True
18,2021-09-01,HTI,24,area_holdout_10pct_seed0,3,0.750000,0.750000,0.500000,0.400000,0.150000,0.060000,0.000000,0.000000,False,3,3,True
22,2022-09-01,HTI,33,area_holdout_10pct_seed0,3,0.750000,0.750000,0.450000,0.340000,0.150000,0.070000,0.000000,0.000000,False,3,3,True
22,2022-10-01,HTI,34,area_holdout_10pct_seed0,3,0.650000,0.650000,0.220000,0.250000,0.010000,0.060000,0.000000,0.000000,False,3,3,True
995,2018-10-01,KEN,2767,area_holdout_10pct_seed0,2,0.490000,0.490000,0.100000,0.140000,0.000000,0.030000,0.000000,0.000000,False,2,2,True
995,2020-06-01,KEN,2768,area_holdout_10pct_seed0,2,0.500000,0.520000,0.150000,0.150000,0.000000,0.030000,0.000000,0.000000,False,2,2,True
995,2022-02-01,KEN,2769,area_holdout_10pct_seed0,2,0.200000,0.250000,0.050000,0.190000,0.000000,0.050000,0.000000,0.000000,False,2,2,True
995,2022-06-01,KEN,2770,area_holdout_10pct_seed0,2,0.500000,0.550000,0.150000,0.220000,0.000000,0.060000,0.000000,0.000000,False,2,3,True
1060,2021-07-01,KEN,2850,area_holdout_10pct_seed0,2,0.550000,0.540000,0.150000,0.180000,0.050000,0.030000,0.000000,0.000000,False,2,2,True
1060,2022-02-01,KEN,2851,area_holdout_10pct_seed0,3,0.750000,0.750000,0.350000,0.260000,0.100000,0.040000,0.000000,0.000000,False,3,3,True
1060,2022-07-01,KEN,2852,area_holdout_10pct_seed0,3,0.850000,0.820000,0.450000,0.300000,0.150000,0.040000,0.000000,0.000000,False,3,3,True
1160,2017-07-01,KEN,2956,area_holdout_10pct_seed0,2,0.310000,0.310000,0.150000,0.240000,0.000000,0.050000,0.000000,0.000000,False,2,3,True
1160,2018-01-01,KEN,2957,area_holdout_10pct_seed0,2,0.210000,0.190000,0.090000,0.100000,0.000000,0.030000,0.000000,0.000000,False,2,1,True
1160,2019-01-01,KEN,2958,area_holdout_10pct_seed0,1,0.150000,0.180000,0.010000,0.160000,0.000000,0.030000,0.000000,0.000000,False,1,1,True
1160,2019-07-01,KEN,2959,area_holdout_10pct_seed0,3,0.750000,0.740000,0.350000,0.220000,0.050000,0.030000,0.000000,0.000000,False,3,3,True
1160,2020-01-01,KEN,2960,area_holdout_10pct_seed0,2,0.210000,0.220000,0.040000,0.130000,0.000000,0.030000,0.000000,0.000000,False,2,2,True
1160,2020-02-01,KEN,2961,area_holdout_10pct_seed0,2,0.450000,0.460000,0.100000,0.140000,0.000000,0.030000,0.000000,0.000000,False,2,2,True
1160,2020-07-01,KEN,2962,area_holdout_10pct_seed0,1,0.190000,0.210000,0.070000,0.120000,0.000000,0.030000,0.000000,0.000000,False,1,2,True
1160,2020-08-01,KEN,2963,area_holdout_10pct_seed0,2,0.500000,0.500000,0.100000,0.190000,0.000000,0.030000,0.000000,0.000000,False,2,2,True
1160,2021-01-01,KEN,2964,area_holdout_10pct_seed0,2,0.270000,0.280000,0.100000,0.110000,0.000000,0.030000,0.000000,0.000000,False,2,2,True
1160,2021-02-01,KEN,2965,area_holdout_10pct_seed0,2,0.600000,0.600000,0.150000,0.140000,0.050000,0.030000,0.000000,0.000000,False,2,2,True
1160,2021-07-01,KEN,2966,area_holdout_10pct_seed0,3,0.650000,0.620000,0.200000,0.200000,0.050000,0.030000,0.000000,0.000000,False,3,3,True
1160,2022-01-01,KEN,2967,area_holdout_10pct_seed0,3,0.470000,0.470000,0.230000,0.240000,0.040000,0.050000,0.000000,0.000000,False,3,3,True
1160,2022-02-01,KEN,2968,area_holdout_10pct_seed0,3,0.550000,0.520000,0.250000,0.230000,0.050000,0.050000,0.000000,0.000000,False,3,3,True
1160,2022-05-01,KEN,2969,area_holdout_10pct_seed0,3,0.670000,0.640000,0.410000,0.280000,0.130000,0.080000,0.000000,0.000000,False,3,3,True
1160,2022-07-01,KEN,2970,area_holdout_10pct_seed0,3,0.700000,0.640000,0.450000,0.290000,0.150000,0.080000,0.000000,0.000000,False,3,3,True
1160,2022-10-01,KEN,2971,area_holdout_10pct_seed0,1,0.150000,0.170000,0.050000,0.140000,0.000000,0.080000,0.000000,0.000000,False,1,1,True
1008,2022-09-01,LBN,2791,area_holdout_10pct_seed0,3,0.750000,0.840000,0.300000,0.360000,0.050000,0.060000,0.000000,0.000000,False,3,3,True
1017,2022-09-01,LBN,2807,area_holdout_10pct_seed0,3,0.800000,0.810000,0.350000,0.340000,0.050000,0.060000,0.000000,0.000000,False,3,3,True
529,2020-07-01,LSO,1184,area_holdout_10pct_seed0,3,0.700000,0.480000,0.350000,0.220000,0.050000,0.040000,0.000000,0.000000,False,3,3,True
529,2020-09-01,LSO,1185,area_holdout_10pct_seed0,3,0.450000,0.470000,0.200000,0.250000,0.050000,0.040000,0.000000,0.000000,False,3,3,True
1582,2021-11-01,MDG,4188,area_holdout_10pct_seed0,4,0.900000,0.890000,0.700000,0.520000,0.250000,0.090000,0.000000,0.000000,False,4,3,True
1582,2022-04-01,MDG,4189,area_holdout_10pct_seed0,3,0.850000,0.830000,0.450000,0.370000,0.050000,0.060000,0.000000,0.000000,False,3,3,True
1582,2022-11-01,MDG,4190,area_holdout_10pct_seed0,3,0.900000,0.840000,0.500000,0.410000,0.050000,0.060000,0.000000,0.000000,False,3,3,True
1614,2020-10-01,MDG,4301,area_holdout_10pct_seed0,4,0.850000,0.840000,0.650000,0.490000,0.200000,0.050000,0.000000,0.000000,False,4,3,True
1614,2021-04-01,MDG,4302,area_holdout_10pct_seed0,4,0.950000,0.940000,0.750000,0.560000,0.300000,0.060000,0.050000,0.000000,False,4,3,True
1614,2021-11-01,MDG,4303,area_holdout_10pct_seed0,4,0.950000,0.920000,0.750000,0.570000,0.250000,0.080000,0.000000,0.000000,False,4,3,True
1654,2017-03-01,MDG,4411,area_holdout_10pct_seed0,3,0.680000,0.680000,0.390000,0.370000,0.100000,0.040000,0.000000,0.000000,False,3,3,True
1654,2017-08-01,MDG,4412,area_holdout_10pct_seed0,3,0.840000,0.830000,0.600000,0.370000,0.100000,0.040000,0.000000,0.000000,False,3,3,True
1654,2019-07-01,MDG,4413,area_holdout_10pct_seed0,2,0.450000,0.450000,0.150000,0.150000,0.000000,0.030000,0.000000,0.000000,False,2,2,True
1669,2020-10-01,MDG,4461,area_holdout_10pct_seed0,2,0.550000,0.550000,0.100000,0.260000,0.000000,0.050000,0.000000,0.000000,False,2,3,True
1669,2022-08-01,MDG,4462,area_holdout_10pct_seed0,3,0.700000,0.700000,0.250000,0.260000,0.000000,0.050000,0.000000,0.000000,False,3,3,True
840,2019-06-01,MOZ,2471,area_holdout_10pct_seed0,3,0.700000,0.700000,0.250000,0.220000,0.050000,0.040000,0.000000,0.000000,False,3,3,True
925,2019-06-01,MOZ,2632,area_holdout_10pct_seed0,3,0.400000,0.410000,0.200000,0.240000,0.050000,0.040000,0.000000,0.000000,False,3,3,True
925,2020-02-01,MOZ,2633,area_holdout_10pct_seed0,3,0.700000,0.700000,0.500000,0.390000,0.100000,0.030000,0.000000,0.000000,False,3,3,True
932,2019-04-01,MOZ,2657,area_holdout_10pct_seed0,3,0.850000,0.840000,0.650000,0.410000,0.100000,0.030000,0.000000,0.000000,False,3,3,True
932,2020-10-01,MOZ,2658,area_holdout_10pct_seed0,2,0.800000,0.800000,0.150000,0.190000,0.000000,0.030000,0.000000,0.000000,False,2,2,True
1045,2018-09-01,MOZ,2827,area_holdout_10pct_seed0,1,0.190000,0.280000,0.070000,0.130000,0.020000,0.030000,0.000000,0.000000,False,1,2,True
1045,2021-11-01,MOZ,2828,area_holdout_10pct_seed0,1,0.150000,0.570000,0.050000,0.180000,0.000000,0.030000,0.000000,0.000000,False,1,2,True
1064,2021-11-01,MOZ,2859,area_holdout_10pct_seed0,2,0.500000,0.510000,0.100000,0.210000,0.000000,0.030000,0.000000,0.000000,False,2,3,True
1009,2018-04-01,MWI,2792,area_holdout_10pct_seed0,2,0.350000,0.370000,0.120000,0.180000,0.010000,0.040000,0.000000,0.000000,False,2,2,True
1780,2018-10-01,PAK,4882,area_holdout_10pct_seed0,3,0.800000,0.790000,0.550000,0.470000,0.150000,0.090000,0.000000,0.000000,False,3,3,True
1780,2021-10-01,PAK,4883,area_holdout_10pct_seed0,2,0.500000,0.560000,0.150000,0.320000,0.050000,0.080000,0.000000,0.000000,False,2,3,True
1784,2019-08-01,PAK,4908,area_holdout_10pct_seed0,3,0.700000,0.670000,0.350000,0.330000,0.100000,0.090000,0.000000,0.000000,False,3,3,True
1784,2022-07-01,PAK,4909,area_holdout_10pct_seed0,3,0.750000,0.650000,0.400000,0.280000,0.150000,0.090000,0.000000,0.000000,False,3,3,True
1861,2018-08-01,PAK,5449,area_holdout_10pct_seed0,3,0.800000,0.790000,0.500000,0.390000,0.100000,0.080000,0.000000,0.000000,False,3,3,True
1866,2017-08-01,PAK,5480,area_holdout_10pct_seed0,3,0.500000,0.500000,0.300000,0.350000,0.050000,0.100000,0.000000,0.000000,False,3,3,True
1866,2018-08-01,PAK,5481,area_holdout_10pct_seed0,3,0.800000,0.800000,0.500000,0.430000,0.100000,0.080000,0.000000,0.000000,False,3,3,True
1866,2019-08-01,PAK,5482,area_holdout_10pct_seed0,3,0.700000,0.700000,0.400000,0.310000,0.100000,0.080000,0.000000,0.000000,False,3,3,True
1866,2019-11-01,PAK,5483,area_holdout_10pct_seed0,3,0.400000,0.410000,0.200000,0.290000,0.050000,0.080000,0.000000,0.000000,False,3,3,True
1866,2020-04-01,PAK,5484,area_holdout_10pct_seed0,3,0.750000,0.750000,0.450000,0.350000,0.150000,0.080000,0.000000,0.000000,False,3,3,True
1866,2021-03-01,PAK,5485,area_holdout_10pct_seed0,3,0.700000,0.700000,0.350000,0.360000,0.100000,0.090000,0.000000,0.000000,False,3,3,True
1866,2021-09-01,PAK,5486,area_holdout_10pct_seed0,3,0.850000,0.850000,0.450000,0.390000,0.150000,0.090000,0.000000,0.000000,False,3,3,True
1866,2022-03-01,PAK,5487,area_holdout_10pct_seed0,3,0.800000,0.800000,0.450000,0.410000,0.150000,0.110000,0.000000,0.000000,False,3,3,True
1866,2022-07-01,PAK,5488,area_holdout_10pct_seed0,3,0.650000,0.650000,0.250000,0.360000,0.050000,0.100000,0.000000,0.000000,False,3,3,True
1866,2022-09-01,PAK,5489,area_holdout_10pct_seed0,3,0.800000,0.800000,0.450000,0.380000,0.100000,0.100000,0.000000,0.000000,False,3,3,True
825,2022-04-01,SDN,2461,area_holdout_10pct_seed0,3,0.700000,0.680000,0.300000,0.480000,0.100000,0.180000,0.000000,0.000000,False,3,3,True
47,2018-02-01,SLV,137,area_holdout_10pct_seed0,2,0.590000,0.510000,0.000000,0.090000,0.000000,0.030000,0.000000,0.000000,False,2,2,True
47,2018-11-01,SLV,138,area_holdout_10pct_seed0,2,0.350000,0.390000,0.150000,0.100000,0.000000,0.030000,0.000000,0.000000,False,2,2,True
47,2018-12-01,SLV,139,area_holdout_10pct_seed0,2,0.380000,0.530000,0.150000,0.170000,0.000000,0.030000,0.000000,0.000000,False,2,2,True
47,2019-10-01,SLV,140,area_holdout_10pct_seed0,2,0.200000,0.200000,0.050000,0.100000,0.000000,0.030000,0.000000,0.000000,False,2,2,True
47,2019-11-01,SLV,141,area_holdout_10pct_seed0,3,0.550000,0.550000,0.300000,0.150000,0.050000,0.030000,0.000000,0.000000,False,3,2,True
47,2019-12-01,SLV,142,area_holdout_10pct_seed0,3,0.600000,0.570000,0.260000,0.150000,0.060000,0.030000,0.000000,0.000000,False,3,2,True
47,2020-08-01,SLV,143,area_holdout_10pct_seed0,3,0.630000,0.610000,0.290000,0.180000,0.030000,0.030000,0.000000,0.000000,False,3,2,True
47,2020-11-01,SLV,144,area_holdout_10pct_seed0,2,0.350000,0.340000,0.100000,0.130000,0.000000,0.030000,0.000000,0.000000,False,2,2,True
47,2020-12-01,SLV,145,area_holdout_10pct_seed0,3,0.700000,0.690000,0.350000,0.180000,0.050000,0.020000,0.000000,0.000000,False,3,2,True
47,2021-05-01,SLV,146,area_holdout_10pct_seed0,3,0.650000,0.660000,0.310000,0.160000,0.030000,0.030000,0.000000,0.000000,False,3,2,True
47,2021-07-01,SLV,147,area_holdout_10pct_seed0,2,0.720000,0.610000,0.180000,0.160000,0.020000,0.020000,0.000000,0.000000,False,2,2,True
47,2021-11-01,SLV,148,area_holdout_10pct_seed0,2,0.230000,0.250000,0.060000,0.100000,0.000000,0.030000,0.000000,0.000000,False,2,2,True
47,2021-12-01,SLV,149,area_holdout_10pct_seed0,3,0.630000,0.680000,0.230000,0.180000,0.030000,0.030000,0.000000,0.000000,False,3,2,True
47,2022-03-01,SLV,150,area_holdout_10pct_seed0,3,0.650000,0.620000,0.250000,0.180000,0.030000,0.030000,0.000000,0.000000,False,3,2,True
60,2018-02-01,SLV,278,area_holdout_10pct_seed0,1,0.110000,0.140000,0.000000,0.050000,0.000000,0.030000,0.000000,0.000000,False,1,1,True
60,2018-11-01,SLV,279,area_holdout_10pct_seed0,2,0.360000,0.440000,0.110000,0.070000,0.030000,0.030000,0.000000,0.000000,False,2,2,True
60,2018-12-01,SLV,280,area_holdout_10pct_seed0,2,0.430000,0.440000,0.160000,0.150000,0.020000,0.030000,0.000000,0.000000,False,2,2,True
60,2019-10-01,SLV,281,area_holdout_10pct_seed0,2,0.200000,0.200000,0.050000,0.090000,0.000000,0.030000,0.000000,0.000000,False,2,2,True
60,2019-11-01,SLV,282,area_holdout_10pct_seed0,2,0.500000,0.510000,0.130000,0.120000,0.030000,0.030000,0.000000,0.000000,False,2,2,True
60,2019-12-01,SLV,283,area_holdout_10pct_seed0,2,0.380000,0.440000,0.080000,0.140000,0.030000,0.030000,0.000000,0.000000,False,2,2,True
60,2020-08-01,SLV,284,area_holdout_10pct_seed0,3,0.580000,0.590000,0.200000,0.180000,0.020000,0.030000,0.000000,0.000000,False,2,2,True
60,2020-11-01,SLV,285,area_holdout_10pct_seed0,2,0.400000,0.350000,0.050000,0.130000,0.000000,0.030000,0.000000,0.000000,False,2,2,True
60,2020-12-01,SLV,286,area_holdout_10pct_seed0,3,0.550000,0.560000,0.220000,0.180000,0.020000,0.020000,0.000000,0.000000,False,3,2,True
60,2021-05-01,SLV,287,area_holdout_10pct_seed0,2,0.800000,0.800000,0.180000,0.160000,0.000000,0.030000,0.000000,0.000000,False,2,2,True
60,2021-11-01,SLV,288,area_holdout_10pct_seed0,2,0.230000,0.230000,0.060000,0.090000,0.000000,0.030000,0.000000,0.000000,False,2,2,True
60,2022-03-01,SLV,289,area_holdout_10pct_seed0,2,0.450000,0.540000,0.150000,0.170000,0.000000,0.030000,0.000000,0.000000,False,2,2,True
1189,2017-07-01,SOM,3052,area_holdout_10pct_seed0,3,0.350000,0.340000,0.230000,0.270000,0.010000,0.070000,0.000000,0.000000,False,3,3,True
1189,2019-01-01,SOM,3053,area_holdout_10pct_seed0,1,0.040000,0.230000,0.000000,0.140000,0.000000,0.030000,0.000000,0.000000,False,1,2,True
1189,2020-02-01,SOM,3054,area_holdout_10pct_seed0,2,0.500000,0.490000,0.150000,0.200000,0.050000,0.030000,0.000000,0.000000,False,2,3,True
1189,2020-08-01,SOM,3055,area_holdout_10pct_seed0,2,0.600000,0.570000,0.150000,0.160000,0.050000,0.030000,0.000000,0.000000,False,2,2,True
1189,2021-01-01,SOM,3056,area_holdout_10pct_seed0,2,0.430000,0.400000,0.150000,0.150000,0.020000,0.030000,0.000000,0.000000,False,2,2,True
1189,2021-02-01,SOM,3057,area_holdout_10pct_seed0,3,0.600000,0.530000,0.200000,0.230000,0.050000,0.030000,0.000000,0.000000,False,3,3,True
1189,2022-01-01,SOM,3058,area_holdout_10pct_seed0,2,0.400000,0.440000,0.130000,0.240000,0.000000,0.070000,0.000000,0.000000,False,2,3,True
1189,2022-02-01,SOM,3059,area_holdout_10pct_seed0,3,0.700000,0.650000,0.350000,0.300000,0.100000,0.080000,0.000000,0.000000,False,3,3,True
1189,2022-10-01,SOM,3060,area_holdout_10pct_seed0,2,0.350000,0.480000,0.150000,0.330000,0.000000,0.080000,0.000000,0.000000,False,2,3,True
1203,2019-01-01,SOM,3134,area_holdout_10pct_seed0,3,0.670000,0.480000,0.270000,0.140000,0.070000,0.040000,0.000000,0.000000,False,3,2,True
1203,2020-08-01,SOM,3135,area_holdout_10pct_seed0,2,0.600000,0.570000,0.150000,0.170000,0.050000,0.030000,0.000000,0.000000,False,2,2,True
1203,2021-05-01,SOM,3136,area_holdout_10pct_seed0,3,0.800000,0.730000,0.400000,0.220000,0.050000,0.030000,0.000000,0.000000,False,3,3,True
1203,2021-07-01,SOM,3137,area_holdout_10pct_seed0,2,0.460000,0.440000,0.150000,0.170000,0.010000,0.030000,0.000000,0.000000,False,2,2,True
1203,2022-02-01,SOM,3138,area_holdout_10pct_seed0,3,0.700000,0.650000,0.350000,0.310000,0.100000,0.070000,0.000000,0.000000,False,3,3,True
1203,2022-10-01,SOM,3139,area_holdout_10pct_seed0,3,0.550000,0.530000,0.350000,0.330000,0.100000,0.080000,0.000000,0.000000,False,3,3,True
1231,2017-07-01,SOM,3267,area_holdout_10pct_seed0,3,0.520000,0.480000,0.390000,0.250000,0.160000,0.070000,0.000000,0.000000,False,3,3,True
1231,2018-01-01,SOM,3268,area_holdout_10pct_seed0,2,0.300000,0.300000,0.090000,0.110000,0.000000,0.020000,0.000000,0.000000,False,2,2,True
1231,2019-01-01,SOM,3269,area_holdout_10pct_seed0,2,0.220000,0.210000,0.070000,0.090000,0.000000,0.020000,0.000000,0.000000,False,2,2,True
1231,2019-07-01,SOM,3270,area_holdout_10pct_seed0,3,0.420000,0.390000,0.200000,0.100000,0.040000,0.020000,0.000000,0.000000,False,3,2,True
1231,2020-01-01,SOM,3271,area_holdout_10pct_seed0,2,0.260000,0.290000,0.080000,0.090000,0.010000,0.020000,0.000000,0.000000,False,2,2,True
1231,2020-07-01,SOM,3272,area_holdout_10pct_seed0,2,0.330000,0.300000,0.120000,0.120000,0.020000,0.020000,0.000000,0.000000,False,2,2,True
1231,2021-01-01,SOM,3273,area_holdout_10pct_seed0,2,0.410000,0.340000,0.130000,0.100000,0.010000,0.020000,0.000000,0.000000,False,2,2,True
1231,2021-07-01,SOM,3274,area_holdout_10pct_seed0,3,0.410000,0.430000,0.210000,0.150000,0.040000,0.030000,0.000000,0.000000,False,3,2,True
1231,2022-01-01,SOM,3275,area_holdout_10pct_seed0,2,0.390000,0.390000,0.180000,0.130000,0.010000,0.040000,0.000000,0.000000,False,2,2,True
1231,2022-05-01,SOM,3276,area_holdout_10pct_seed0,4,0.760000,0.700000,0.520000,0.290000,0.210000,0.060000,0.030000,0.000000,False,4,3,True
1231,2022-10-01,SOM,3277,area_holdout_10pct_seed0,3,0.600000,0.670000,0.400000,0.350000,0.150000,0.060000,0.050000,0.000000,False,3,3,True
1249,2019-07-01,SOM,3310,area_holdout_10pct_seed0,2,0.440000,0.460000,0.040000,0.140000,0.010000,0.030000,0.000000,0.000000,False,2,2,True
1249,2020-01-01,SOM,3311,area_holdout_10pct_seed0,2,0.290000,0.310000,0.060000,0.140000,0.000000,0.030000,0.000000,0.000000,False,2,2,True
1249,2022-01-01,SOM,3312,area_holdout_10pct_seed0,2,0.300000,0.360000,0.080000,0.250000,0.010000,0.060000,0.000000,0.000000,False,2,3,True
1249,2022-03-01,SOM,3313,area_holdout_10pct_seed0,3,0.800000,0.620000,0.400000,0.270000,0.050000,0.060000,0.000000,0.000000,False,3,3,True
1249,2022-05-01,SOM,3314,area_holdout_10pct_seed0,3,0.470000,0.520000,0.200000,0.300000,0.030000,0.060000,0.000000,0.000000,False,3,3,True
1429,2017-07-01,SOM,3688,area_holdout_10pct_seed0,2,0.310000,0.310000,0.120000,0.140000,0.000000,0.040000,0.000000,0.000000,False,2,2,True
1429,2018-01-01,SOM,3689,area_holdout_10pct_seed0,2,0.230000,0.230000,0.090000,0.110000,0.000000,0.020000,0.000000,0.000000,False,2,2,True
1429,2019-01-01,SOM,3690,area_holdout_10pct_seed0,1,0.120000,0.120000,0.030000,0.080000,0.000000,0.020000,0.000000,0.000000,False,1,1,True
1429,2019-07-01,SOM,3691,area_holdout_10pct_seed0,2,0.330000,0.330000,0.070000,0.090000,0.020000,0.020000,0.000000,0.000000,False,2,2,True
1429,2020-01-01,SOM,3692,area_holdout_10pct_seed0,2,0.250000,0.250000,0.020000,0.070000,0.000000,0.020000,0.000000,0.000000,False,2,2,True
1429,2020-07-01,SOM,3693,area_holdout_10pct_seed0,2,0.210000,0.210000,0.060000,0.090000,0.000000,0.020000,0.000000,0.000000,False,2,2,True
1429,2021-01-01,SOM,3694,area_holdout_10pct_seed0,2,0.280000,0.280000,0.080000,0.090000,0.000000,0.020000,0.000000,0.000000,False,2,2,True
1429,2021-07-01,SOM,3695,area_holdout_10pct_seed0,2,0.390000,0.390000,0.190000,0.120000,0.030000,0.020000,0.000000,0.000000,False,2,2,True
1429,2022-01-01,SOM,3696,area_holdout_10pct_seed0,2,0.270000,0.270000,0.080000,0.130000,0.010000,0.030000,0.000000,0.000000,False,2,2,True
1429,2022-05-01,SOM,3697,area_holdout_10pct_seed0,3,0.460000,0.460000,0.230000,0.210000,0.030000,0.040000,0.000000,0.000000,False,3,3,True
1429,2022-07-01,SOM,3698,area_holdout_10pct_seed0,1,0.150000,0.150000,0.050000,0.150000,0.000000,0.050000,0.000000,0.000000,False,1,1,True
1429,2022-10-01,SOM,3699,area_holdout_10pct_seed0,1,0.150000,0.150000,0.050000,0.120000,0.000000,0.040000,0.000000,0.000000,False,1,1,True
1458,2019-01-01,SOM,3757,area_holdout_10pct_seed0,2,0.220000,0.270000,0.050000,0.120000,0.000000,0.030000,0.000000,0.000000,False,2,2,True
1458,2020-07-01,SOM,3758,area_holdout_10pct_seed0,2,0.230000,0.320000,0.100000,0.130000,0.020000,0.030000,0.000000,0.000000,False,2,2,True
1458,2021-01-01,SOM,3759,area_holdout_10pct_seed0,2,0.280000,0.370000,0.090000,0.150000,0.000000,0.020000,0.000000,0.000000,False,2,2,True
1561,2017-07-01,SOM,4063,area_holdout_10pct_seed0,2,0.250000,0.330000,0.070000,0.190000,0.000000,0.050000,0.000000,0.000000,False,2,2,True
1561,2018-01-01,SOM,4064,area_holdout_10pct_seed0,1,0.110000,0.120000,0.000000,0.080000,0.000000,0.020000,0.000000,0.000000,False,1,1,True
1561,2019-01-01,SOM,4065,area_holdout_10pct_seed0,1,0.070000,0.100000,0.010000,0.080000,0.000000,0.020000,0.000000,0.000000,False,1,1,True
1561,2019-07-01,SOM,4066,area_holdout_10pct_seed0,2,0.370000,0.370000,0.040000,0.080000,0.010000,0.020000,0.000000,0.000000,False,2,2,True
1561,2020-01-01,SOM,4067,area_holdout_10pct_seed0,2,0.230000,0.170000,0.040000,0.070000,0.010000,0.020000,0.000000,0.000000,False,2,1,True
1561,2020-07-01,SOM,4068,area_holdout_10pct_seed0,2,0.280000,0.250000,0.100000,0.080000,0.020000,0.020000,0.000000,0.000000,False,2,2,True
1561,2021-01-01,SOM,4069,area_holdout_10pct_seed0,2,0.360000,0.310000,0.130000,0.090000,0.010000,0.020000,0.000000,0.000000,False,2,2,True
1561,2021-07-01,SOM,4070,area_holdout_10pct_seed0,2,0.430000,0.400000,0.150000,0.120000,0.010000,0.020000,0.000000,0.000000,False,2,2,True
1561,2022-01-01,SOM,4071,area_holdout_10pct_seed0,2,0.290000,0.290000,0.100000,0.130000,0.010000,0.040000,0.000000,0.000000,False,2,2,True
1561,2022-05-01,SOM,4072,area_holdout_10pct_seed0,3,0.550000,0.530000,0.310000,0.270000,0.080000,0.060000,0.000000,0.000000,False,3,3,True
1561,2022-07-01,SOM,4073,area_holdout_10pct_seed0,3,0.600000,0.550000,0.400000,0.280000,0.050000,0.060000,0.000000,0.000000,False,3,3,True
1561,2022-10-01,SOM,4074,area_holdout_10pct_seed0,2,0.300000,0.490000,0.100000,0.280000,0.000000,0.050000,0.000000,0.000000,False,2,3,True
1571,2017-07-01,SOM,4133,area_holdout_10pct_seed0,2,0.280000,0.360000,0.140000,0.250000,0.000000,0.060000,0.000000,0.000000,False,2,3,True
1571,2018-01-01,SOM,4134,area_holdout_10pct_seed0,1,0.120000,0.220000,0.000000,0.100000,0.000000,0.020000,0.000000,0.000000,False,1,2,True
1571,2019-01-01,SOM,4135,area_holdout_10pct_seed0,1,0.170000,0.230000,0.020000,0.100000,0.000000,0.020000,0.000000,0.000000,False,1,2,True
1571,2019-07-01,SOM,4136,area_holdout_10pct_seed0,2,0.380000,0.370000,0.070000,0.090000,0.010000,0.020000,0.000000,0.000000,False,2,2,True
1571,2020-01-01,SOM,4137,area_holdout_10pct_seed0,2,0.210000,0.260000,0.030000,0.080000,0.010000,0.020000,0.000000,0.000000,False,2,2,True
1571,2020-07-01,SOM,4138,area_holdout_10pct_seed0,2,0.260000,0.310000,0.080000,0.110000,0.010000,0.020000,0.000000,0.000000,False,2,2,True
1571,2021-01-01,SOM,4139,area_holdout_10pct_seed0,2,0.370000,0.360000,0.130000,0.100000,0.010000,0.020000,0.000000,0.000000,False,2,2,True
1571,2021-07-01,SOM,4140,area_holdout_10pct_seed0,2,0.260000,0.390000,0.080000,0.120000,0.000000,0.020000,0.000000,0.000000,False,2,2,True
1571,2022-01-01,SOM,4141,area_holdout_10pct_seed0,2,0.270000,0.340000,0.090000,0.170000,0.010000,0.040000,0.000000,0.000000,False,2,2,True
1571,2022-05-01,SOM,4142,area_holdout_10pct_seed0,3,0.460000,0.540000,0.230000,0.330000,0.030000,0.080000,0.000000,0.000000,False,3,3,True
1571,2022-07-01,SOM,4143,area_holdout_10pct_seed0,3,0.650000,0.570000,0.450000,0.400000,0.100000,0.120000,0.000000,0.000000,False,3,3,True
1571,2022-10-01,SOM,4144,area_holdout_10pct_seed0,3,0.650000,0.500000,0.450000,0.320000,0.100000,0.090000,0.000000,0.000000,False,3,3,True
1589,2022-01-01,SOM,4211,area_holdout_10pct_seed0,2,0.270000,0.270000,0.090000,0.110000,0.010000,0.030000,0.000000,0.000000,False,2,2,True
1608,2020-01-01,SOM,4278,area_holdout_10pct_seed0,3,0.560000,0.500000,0.210000,0.140000,0.030000,0.030000,0.000000,0.000000,False,3,2,True
1608,2020-07-01,SOM,4279,area_holdout_10pct_seed0,2,0.380000,0.380000,0.090000,0.130000,0.000000,0.030000,0.000000,0.000000,False,2,2,True
1608,2020-10-01,SOM,4280,area_holdout_10pct_seed0,3,0.450000,0.480000,0.200000,0.220000,0.050000,0.030000,0.000000,0.000000,False,3,3,True
1608,2021-01-01,SOM,4281,area_holdout_10pct_seed0,2,0.460000,0.390000,0.130000,0.150000,0.000000,0.030000,0.000000,0.000000,False,2,2,True
1608,2021-07-01,SOM,4282,area_holdout_10pct_seed0,2,0.450000,0.400000,0.140000,0.160000,0.010000,0.030000,0.000000,0.000000,False,2,2,True
1608,2022-01-01,SOM,4283,area_holdout_10pct_seed0,3,0.430000,0.420000,0.220000,0.220000,0.020000,0.060000,0.000000,0.000000,False,3,3,True
1608,2022-05-01,SOM,4284,area_holdout_10pct_seed0,3,0.610000,0.640000,0.370000,0.390000,0.080000,0.100000,0.000000,0.000000,False,3,3,True
1608,2022-07-01,SOM,4285,area_holdout_10pct_seed0,3,0.700000,0.630000,0.500000,0.370000,0.100000,0.100000,0.000000,0.000000,False,3,3,True
1608,2022-10-01,SOM,4286,area_holdout_10pct_seed0,3,0.650000,0.630000,0.450000,0.360000,0.100000,0.100000,0.000000,0.000000,False,3,3,True
1638,2017-07-01,SOM,4371,area_holdout_10pct_seed0,3,0.470000,0.530000,0.330000,0.300000,0.100000,0.080000,0.000000,0.000000,False,3,3,True
1638,2020-10-01,SOM,4372,area_holdout_10pct_seed0,3,0.450000,0.440000,0.200000,0.200000,0.050000,0.030000,0.000000,0.000000,False,3,3,True
1638,2021-01-01,SOM,4373,area_holdout_10pct_seed0,2,0.390000,0.420000,0.100000,0.150000,0.000000,0.030000,0.000000,0.000000,False,2,2,True
1638,2021-05-01,SOM,4374,area_holdout_10pct_seed0,3,0.600000,0.570000,0.350000,0.240000,0.100000,0.030000,0.000000,0.000000,False,3,3,True
1638,2022-01-01,SOM,4375,area_holdout_10pct_seed0,3,0.430000,0.420000,0.220000,0.220000,0.020000,0.060000,0.000000,0.000000,False,3,3,True
1638,2022-05-01,SOM,4376,area_holdout_10pct_seed0,3,0.610000,0.610000,0.370000,0.360000,0.080000,0.100000,0.000000,0.000000,False,3,3,True
1640,2017-07-01,SOM,4381,area_holdout_10pct_seed0,3,0.540000,0.680000,0.370000,0.380000,0.130000,0.080000,0.000000,0.000000,False,3,3,True
1640,2018-01-01,SOM,4382,area_holdout_10pct_seed0,2,0.330000,0.360000,0.180000,0.170000,0.000000,0.030000,0.000000,0.000000,False,2,2,True
1640,2019-07-01,SOM,4383,area_holdout_10pct_seed0,2,0.420000,0.430000,0.100000,0.120000,0.010000,0.030000,0.000000,0.000000,False,2,2,True
1640,2020-01-01,SOM,4384,area_holdout_10pct_seed0,3,0.580000,0.510000,0.220000,0.110000,0.040000,0.030000,0.000000,0.000000,False,3,2,True
1640,2020-07-01,SOM,4385,area_holdout_10pct_seed0,2,0.340000,0.310000,0.090000,0.120000,0.000000,0.030000,0.000000,0.000000,False,2,2,True
1640,2021-01-01,SOM,4386,area_holdout_10pct_seed0,2,0.380000,0.380000,0.100000,0.130000,0.000000,0.030000,0.000000,0.000000,False,2,2,True
1640,2021-07-01,SOM,4387,area_holdout_10pct_seed0,2,0.450000,0.400000,0.140000,0.150000,0.010000,0.030000,0.000000,0.000000,False,2,2,True
1640,2022-01-01,SOM,4388,area_holdout_10pct_seed0,3,0.430000,0.450000,0.220000,0.230000,0.020000,0.070000,0.000000,0.000000,False,3,3,True
1640,2022-05-01,SOM,4389,area_holdout_10pct_seed0,3,0.610000,0.660000,0.370000,0.380000,0.080000,0.120000,0.000000,0.000000,False,3,3,True
1640,2022-10-01,SOM,4390,area_holdout_10pct_seed0,3,0.750000,0.710000,0.550000,0.420000,0.150000,0.110000,0.050000,0.000000,False,3,3,True
1681,2020-07-01,SOM,4512,area_holdout_10pct_seed0,2,0.400000,0.380000,0.120000,0.130000,0.010000,0.030000,0.000000,0.000000,False,2,2,True
1681,2021-01-01,SOM,4513,area_holdout_10pct_seed0,2,0.440000,0.440000,0.140000,0.170000,0.010000,0.030000,0.000000,0.000000,False,2,2,True
1681,2021-07-01,SOM,4514,area_holdout_10pct_seed0,2,0.350000,0.360000,0.140000,0.160000,0.010000,0.030000,0.000000,0.000000,False,2,2,True
1681,2022-10-01,SOM,4515,area_holdout_10pct_seed0,3,0.700000,0.650000,0.500000,0.430000,0.100000,0.100000,0.000000,0.000000,False,3,3,True
1727,2017-07-01,SOM,4634,area_holdout_10pct_seed0,2,0.360000,0.450000,0.020000,0.270000,0.000000,0.080000,0.000000,0.000000,False,2,3,True
1727,2018-01-01,SOM,4635,area_holdout_10pct_seed0,2,0.300000,0.390000,0.010000,0.190000,0.000000,0.040000,0.000000,0.000000,False,2,2,True
1727,2018-07-01,SOM,4636,area_holdout_10pct_seed0,3,0.540000,0.510000,0.260000,0.180000,0.070000,0.040000,0.000000,0.000000,False,3,2,True
1727,2019-01-01,SOM,4637,area_holdout_10pct_seed0,2,0.490000,0.480000,0.130000,0.170000,0.010000,0.040000,0.000000,0.000000,False,2,2,True
1727,2019-07-01,SOM,4638,area_holdout_10pct_seed0,2,0.350000,0.390000,0.060000,0.150000,0.010000,0.040000,0.000000,0.000000,False,2,2,True
1727,2020-01-01,SOM,4639,area_holdout_10pct_seed0,2,0.350000,0.380000,0.100000,0.160000,0.010000,0.030000,0.000000,0.000000,False,2,2,True
1727,2020-07-01,SOM,4640,area_holdout_10pct_seed0,2,0.380000,0.380000,0.150000,0.160000,0.040000,0.040000,0.000000,0.000000,False,2,2,True
1727,2021-01-01,SOM,4641,area_holdout_10pct_seed0,3,0.500000,0.480000,0.230000,0.200000,0.010000,0.030000,0.000000,0.000000,False,3,3,True
1727,2022-01-01,SOM,4642,area_holdout_10pct_seed0,2,0.320000,0.390000,0.140000,0.240000,0.040000,0.070000,0.000000,0.000000,False,2,3,True
1727,2022-05-01,SOM,4643,area_holdout_10pct_seed0,3,0.470000,0.600000,0.240000,0.340000,0.060000,0.080000,0.000000,0.000000,False,3,3,True
1727,2022-07-01,SOM,4644,area_holdout_10pct_seed0,3,0.500000,0.580000,0.300000,0.400000,0.050000,0.080000,0.000000,0.000000,False,3,3,True
1727,2022-10-01,SOM,4645,area_holdout_10pct_seed0,3,0.500000,0.590000,0.300000,0.340000,0.050000,0.080000,0.000000,0.000000,False,3,3,True
1739,2019-01-01,SOM,4694,area_holdout_10pct_seed0,2,0.470000,0.460000,0.090000,0.130000,0.000000,0.030000,0.000000,0.000000,False,2,2,True
1739,2020-07-01,SOM,4695,area_holdout_10pct_seed0,2,0.430000,0.420000,0.180000,0.120000,0.060000,0.030000,0.000000,0.000000,False,2,2,True
1739,2021-07-01,SOM,4696,area_holdout_10pct_seed0,2,0.360000,0.360000,0.150000,0.160000,0.010000,0.030000,0.000000,0.000000,False,2,2,True
1739,2022-01-01,SOM,4697,area_holdout_10pct_seed0,2,0.320000,0.330000,0.140000,0.200000,0.040000,0.060000,0.000000,0.000000,False,2,3,True
1739,2022-07-01,SOM,4698,area_holdout_10pct_seed0,3,0.500000,0.530000,0.300000,0.340000,0.050000,0.080000,0.000000,0.000000,False,3,3,True
496,2019-05-01,SSD,1131,area_holdout_10pct_seed0,4,0.900000,0.900000,0.650000,0.470000,0.250000,0.070000,0.000000,0.000000,False,4,3,True
496,2019-08-01,SSD,1132,area_holdout_10pct_seed0,2,0.650000,0.660000,0.150000,0.340000,0.050000,0.090000,0.000000,0.000000,False,2,3,True
496,2020-01-01,SSD,1133,area_holdout_10pct_seed0,2,0.600000,0.600000,0.150000,0.220000,0.000000,0.080000,0.000000,0.000000,False,2,3,True
496,2022-02-01,SSD,1134,area_holdout_10pct_seed0,4,0.950000,0.950000,0.850000,0.520000,0.500000,0.200000,0.050000,0.000000,False,4,4,True
496,2022-10-01,SSD,1135,area_holdout_10pct_seed0,3,0.850000,0.850000,0.400000,0.430000,0.100000,0.100000,0.000000,0.000000,False,3,3,True
583,2017-09-01,SSD,1341,area_holdout_10pct_seed0,4,0.900000,0.900000,0.500000,0.560000,0.250000,0.170000,0.000000,0.000000,False,4,3,True
583,2019-06-01,SSD,1342,area_holdout_10pct_seed0,2,0.500000,0.500000,0.150000,0.280000,0.030000,0.120000,0.000000,0.000000,False,2,3,True
683,2019-08-01,SSD,1943,area_holdout_10pct_seed0,4,0.890000,0.870000,0.740000,0.590000,0.350000,0.150000,0.000000,0.000000,False,4,3,True
683,2022-02-01,SSD,1944,area_holdout_10pct_seed0,4,0.950000,0.940000,0.850000,0.760000,0.500000,0.350000,0.050000,0.000000,False,4,4,True
691,2017-09-01,SSD,1974,area_holdout_10pct_seed0,3,1.000000,0.990000,0.810000,0.650000,0.110000,0.200000,0.000000,0.000000,False,3,4,True
691,2019-01-01,SSD,1975,area_holdout_10pct_seed0,4,0.950000,0.950000,0.750000,0.650000,0.200000,0.150000,0.000000,0.000000,False,4,3,True
691,2020-01-01,SSD,1976,area_holdout_10pct_seed0,3,0.900000,0.870000,0.550000,0.550000,0.150000,0.130000,0.000000,0.000000,False,3,3,True
691,2022-02-01,SSD,1977,area_holdout_10pct_seed0,3,0.850000,0.860000,0.550000,0.690000,0.150000,0.230000,0.000000,0.000000,False,3,4,True
698,2017-09-01,SSD,1992,area_holdout_10pct_seed0,3,0.850000,0.850000,0.450000,0.480000,0.150000,0.140000,0.000000,0.000000,False,3,3,True
698,2018-01-01,SSD,1993,area_holdout_10pct_seed0,3,0.940000,0.930000,0.520000,0.390000,0.010000,0.060000,0.000000,0.000000,False,3,3,True
698,2018-08-01,SSD,1994,area_holdout_10pct_seed0,2,0.550000,0.560000,0.100000,0.310000,0.000000,0.070000,0.000000,0.000000,False,2,3,True
698,2020-07-01,SSD,1995,area_holdout_10pct_seed0,3,0.650000,0.650000,0.350000,0.300000,0.050000,0.070000,0.000000,0.000000,False,3,3,True
711,2017-01-01,SSD,2105,area_holdout_10pct_seed0,3,0.650000,0.650000,0.350000,0.290000,0.050000,0.070000,0.000000,0.000000,False,3,3,True
711,2017-05-01,SSD,2106,area_holdout_10pct_seed0,3,0.690000,0.690000,0.350000,0.410000,0.050000,0.100000,0.000000,0.000000,False,3,3,True
711,2017-09-01,SSD,2107,area_holdout_10pct_seed0,4,0.900000,0.910000,0.700000,0.590000,0.200000,0.200000,0.000000,0.000000,False,4,4,True
711,2017-11-01,SSD,2108,area_holdout_10pct_seed0,1,0.180000,0.180000,0.050000,0.150000,0.000000,0.060000,0.000000,0.000000,False,1,1,True
711,2018-01-01,SSD,2109,area_holdout_10pct_seed0,3,0.950000,0.950000,0.450000,0.430000,0.000000,0.060000,0.000000,0.000000,False,3,3,True
711,2018-09-01,SSD,2110,area_holdout_10pct_seed0,5,1.000000,0.990000,0.900000,0.580000,0.600000,0.180000,0.300000,0.000000,False,5,3,True
711,2019-01-01,SSD,2111,area_holdout_10pct_seed0,3,0.900000,0.900000,0.450000,0.460000,0.050000,0.070000,0.000000,0.000000,False,3,3,True
711,2019-07-01,SSD,2112,area_holdout_10pct_seed0,3,0.750000,0.750000,0.250000,0.370000,0.050000,0.080000,0.000000,0.000000,False,3,3,True
711,2019-08-01,SSD,2113,area_holdout_10pct_seed0,3,0.650000,0.660000,0.200000,0.340000,0.000000,0.070000,0.000000,0.000000,False,3,3,True
711,2020-01-01,SSD,2114,area_holdout_10pct_seed0,3,0.900000,0.900000,0.450000,0.290000,0.100000,0.060000,0.000000,0.000000,False,3,3,True
711,2020-06-01,SSD,2115,area_holdout_10pct_seed0,3,0.700000,0.700000,0.250000,0.270000,0.000000,0.070000,0.000000,0.000000,False,3,3,True
711,2021-02-01,SSD,2116,area_holdout_10pct_seed0,3,0.750000,0.750000,0.400000,0.410000,0.100000,0.070000,0.000000,0.000000,False,3,3,True
711,2021-09-01,SSD,2117,area_holdout_10pct_seed0,3,0.750000,0.750000,0.400000,0.350000,0.050000,0.090000,0.000000,0.000000,False,3,3,True
711,2022-02-01,SSD,2118,area_holdout_10pct_seed0,3,0.800000,0.800000,0.450000,0.430000,0.050000,0.070000,0.000000,0.000000,False,3,3,True
711,2022-07-01,SSD,2119,area_holdout_10pct_seed0,3,0.750000,0.750000,0.250000,0.260000,0.050000,0.070000,0.000000,0.000000,False,3,3,True
769,2017-09-01,SSD,2296,area_holdout_10pct_seed0,4,0.950000,0.930000,0.550000,0.510000,0.200000,0.150000,0.000000,0.000000,False,4,3,True
769,2020-01-01,SSD,2297,area_holdout_10pct_seed0,3,0.850000,0.850000,0.600000,0.490000,0.150000,0.120000,0.000000,0.000000,False,3,3,True
769,2022-02-01,SSD,2298,area_holdout_10pct_seed0,4,0.900000,0.900000,0.750000,0.590000,0.350000,0.220000,0.000000,0.000000,False,4,4,True
800,2017-09-01,SSD,2397,area_holdout_10pct_seed0,4,0.880000,0.880000,0.590000,0.530000,0.220000,0.180000,0.000000,0.000000,False,4,3,True
800,2018-01-01,SSD,2398,area_holdout_10pct_seed0,3,0.930000,0.930000,0.560000,0.430000,0.120000,0.110000,0.000000,0.000000,False,3,3,True
800,2022-10-01,SSD,2399,area_holdout_10pct_seed0,4,0.950000,0.950000,0.600000,0.530000,0.200000,0.200000,0.000000,0.000000,False,4,4,True
882,2017-01-01,SSD,2549,area_holdout_10pct_seed0,2,0.600000,0.610000,0.050000,0.460000,0.000000,0.100000,0.000000,0.000000,False,2,3,True
882,2017-05-01,SSD,2550,area_holdout_10pct_seed0,3,0.890000,0.890000,0.590000,0.630000,0.140000,0.130000,0.000000,0.000000,False,3,3,True
882,2018-01-01,SSD,2551,area_holdout_10pct_seed0,3,0.900000,0.900000,0.740000,0.620000,0.120000,0.090000,0.000000,0.000000,False,3,3,True
882,2019-08-01,SSD,2552,area_holdout_10pct_seed0,3,0.950000,0.940000,0.700000,0.620000,0.150000,0.140000,0.000000,0.000000,False,3,3,True
882,2022-02-01,SSD,2553,area_holdout_10pct_seed0,4,0.900000,0.900000,0.650000,0.680000,0.300000,0.210000,0.000000,0.000000,False,4,4,True
899,2022-03-01,SSD,2591,area_holdout_10pct_seed0,3,0.700000,0.700000,0.350000,0.370000,0.050000,0.090000,0.000000,0.000000,False,3,3,True
899,2022-06-01,SSD,2592,area_holdout_10pct_seed0,2,0.600000,0.600000,0.150000,0.320000,0.000000,0.080000,0.000000,0.000000,False,2,3,True
899,2022-10-01,SSD,2593,area_holdout_10pct_seed0,3,0.800000,0.800000,0.500000,0.460000,0.150000,0.080000,0.000000,0.000000,False,3,3,True
905,2017-05-01,SSD,2606,area_holdout_10pct_seed0,4,0.950000,0.940000,0.750000,0.540000,0.200000,0.120000,0.000000,0.000000,False,4,3,True
905,2018-09-01,SSD,2607,area_holdout_10pct_seed0,4,0.950000,0.950000,0.850000,0.700000,0.450000,0.230000,0.000000,0.000000,False,4,4,True
905,2019-01-01,SSD,2608,area_holdout_10pct_seed0,4,0.950000,0.950000,0.650000,0.560000,0.250000,0.160000,0.050000,0.000000,False,4,3,True
905,2020-10-01,SSD,2609,area_holdout_10pct_seed0,5,0.950000,0.950000,0.850000,0.610000,0.600000,0.160000,0.200000,0.000000,False,5,3,True
931,2017-05-01,SSD,2651,area_holdout_10pct_seed0,3,0.790000,0.860000,0.250000,0.530000,0.100000,0.130000,0.000000,0.000000,False,3,3,True
931,2019-08-01,SSD,2652,area_holdout_10pct_seed0,4,0.850000,0.850000,0.650000,0.590000,0.300000,0.150000,0.000000,0.000000,False,4,3,True
931,2020-01-01,SSD,2653,area_holdout_10pct_seed0,4,0.800000,0.800000,0.550000,0.590000,0.200000,0.140000,0.000000,0.000000,False,4,3,True
931,2020-10-01,SSD,2654,area_holdout_10pct_seed0,4,0.850000,0.850000,0.650000,0.570000,0.200000,0.160000,0.000000,0.000000,False,4,3,True
931,2022-02-01,SSD,2655,area_holdout_10pct_seed0,4,0.900000,0.900000,0.700000,0.610000,0.300000,0.180000,0.000000,0.000000,False,4,3,True
931,2022-10-01,SSD,2656,area_holdout_10pct_seed0,3,0.850000,0.850000,0.600000,0.630000,0.100000,0.180000,0.000000,0.000000,False,3,3,True
770,2022-06-01,SWZ,2299,area_holdout_10pct_seed0,2,0.400000,0.410000,0.100000,0.170000,0.000000,0.040000,0.000000,0.000000,False,2,2,True
770,2022-10-01,SWZ,2300,area_holdout_10pct_seed0,2,0.600000,0.610000,0.100000,0.160000,0.000000,0.040000,0.000000,0.000000,False,2,2,True
776,2018-06-01,SWZ,2310,area_holdout_10pct_seed0,2,0.380000,0.380000,0.140000,0.200000,0.020000,0.050000,0.000000,0.000000,False,2,3,True
776,2020-06-01,SWZ,2311,area_holdout_10pct_seed0,3,0.750000,0.730000,0.450000,0.260000,0.050000,0.040000,0.000000,0.000000,False,3,3,True
1873,2017-08-01,TJK,5536,area_holdout_10pct_seed0,3,0.690000,0.710000,0.350000,0.330000,0.050000,0.110000,0.000000,0.000000,False,3,3,True
1873,2017-11-01,TJK,5537,area_holdout_10pct_seed0,4,0.950000,0.870000,0.450000,0.380000,0.300000,0.190000,0.000000,0.000000,False,4,3,True
1873,2018-08-01,TJK,5538,area_holdout_10pct_seed0,3,0.900000,0.790000,0.600000,0.380000,0.180000,0.130000,0.000000,0.000000,False,3,3,True
1873,2019-08-01,TJK,5539,area_holdout_10pct_seed0,3,0.800000,0.700000,0.600000,0.330000,0.150000,0.130000,0.000000,0.000000,False,3,3,True
1873,2020-04-01,TJK,5540,area_holdout_10pct_seed0,4,0.850000,0.740000,0.550000,0.370000,0.300000,0.140000,0.000000,0.000000,False,4,3,True
1873,2020-08-01,TJK,5541,area_holdout_10pct_seed0,4,0.800000,0.760000,0.450000,0.370000,0.200000,0.120000,0.000000,0.000000,False,4,3,True
1873,2021-03-01,TJK,5542,area_holdout_10pct_seed0,4,0.900000,0.780000,0.650000,0.380000,0.300000,0.110000,0.000000,0.000000,False,4,3,True
1873,2021-09-01,TJK,5543,area_holdout_10pct_seed0,4,0.900000,0.810000,0.550000,0.410000,0.250000,0.140000,0.000000,0.000000,False,4,3,True
1873,2022-03-01,TJK,5544,area_holdout_10pct_seed0,4,0.900000,0.790000,0.550000,0.360000,0.250000,0.130000,0.000000,0.000000,False,4,3,True
1873,2022-09-01,TJK,5545,area_holdout_10pct_seed0,4,0.850000,0.770000,0.500000,0.420000,0.200000,0.130000,0.000000,0.000000,False,4,3,True
1057,2022-07-01,TZA,2846,area_holdout_10pct_seed0,2,0.350000,0.560000,0.050000,0.210000,0.000000,0.040000,0.000000,0.000000,False,2,3,True
752,2020-07-01,UGA,2241,area_holdout_10pct_seed0,3,0.700000,0.700000,0.300000,0.280000,0.050000,0.050000,0.000000,0.000000,False,3,3,True
752,2022-10-01,UGA,2242,area_holdout_10pct_seed0,3,0.800000,0.800000,0.300000,0.360000,0.050000,0.060000,0.000000,0.000000,False,3,3,True
796,2019-01-01,UGA,2383,area_holdout_10pct_seed0,3,0.900000,0.900000,0.500000,0.430000,0.050000,0.080000,0.000000,0.000000,False,3,3,True
796,2021-02-01,UGA,2384,area_holdout_10pct_seed0,3,0.700000,0.700000,0.300000,0.280000,0.050000,0.060000,0.000000,0.000000,False,3,3,True
796,2021-09-01,UGA,2385,area_holdout_10pct_seed0,3,0.600000,0.600000,0.200000,0.270000,0.050000,0.060000,0.000000,0.000000,False,3,3,True
796,2022-06-01,UGA,2386,area_holdout_10pct_seed0,3,0.600000,0.600000,0.350000,0.310000,0.050000,0.070000,0.000000,0.000000,False,3,3,True
848,2018-10-01,UGA,2507,area_holdout_10pct_seed0,2,0.350000,0.380000,0.050000,0.150000,0.000000,0.050000,0.000000,0.000000,False,2,2,True
941,2017-11-01,UGA,2690,area_holdout_10pct_seed0,1,0.140000,0.140000,0.030000,0.090000,0.000000,0.030000,0.000000,0.000000,False,1,1,True
941,2021-07-01,UGA,2691,area_holdout_10pct_seed0,1,0.150000,0.150000,0.050000,0.190000,0.000000,0.040000,0.000000,0.000000,False,1,1,True
941,2022-03-01,UGA,2692,area_holdout_10pct_seed0,3,0.800000,0.800000,0.500000,0.330000,0.100000,0.070000,0.000000,0.000000,False,3,3,True
1237,2018-12-01,YEM,3287,area_holdout_10pct_seed0,4,0.900000,0.830000,0.700000,0.540000,0.420000,0.180000,0.020000,0.000000,False,4,3,True
1237,2019-07-01,YEM,3288,area_holdout_10pct_seed0,4,0.900000,0.770000,0.650000,0.480000,0.300000,0.120000,0.000000,0.000000,False,4,3,True
1237,2020-10-01,YEM,3289,area_holdout_10pct_seed0,4,0.900000,0.780000,0.600000,0.430000,0.200000,0.130000,0.000000,0.000000,False,4,3,True
1265,2019-07-01,YEM,3357,area_holdout_10pct_seed0,3,0.800000,0.870000,0.500000,0.590000,0.150000,0.140000,0.000000,0.000000,False,3,3,True
1272,2018-12-01,YEM,3362,area_holdout_10pct_seed0,4,0.900000,0.860000,0.750000,0.600000,0.350000,0.170000,0.050000,0.000000,False,4,3,True
1279,2018-12-01,YEM,3376,area_holdout_10pct_seed0,3,0.850000,0.820000,0.550000,0.560000,0.170000,0.180000,0.000000,0.000000,False,3,3,True
1280,2018-12-01,YEM,3377,area_holdout_10pct_seed0,3,0.790000,0.840000,0.490000,0.520000,0.190000,0.190000,0.020000,0.000000,False,3,3,True
1280,2019-07-01,YEM,3378,area_holdout_10pct_seed0,3,0.700000,0.750000,0.350000,0.450000,0.000000,0.110000,0.000000,0.000000,False,3,3,True
1280,2020-02-01,YEM,3379,area_holdout_10pct_seed0,3,0.750000,0.750000,0.300000,0.350000,0.100000,0.070000,0.000000,0.000000,False,3,3,True
1280,2020-10-01,YEM,3380,area_holdout_10pct_seed0,3,0.800000,0.800000,0.400000,0.530000,0.150000,0.150000,0.000000,0.000000,False,3,3,True
1306,2018-12-01,YEM,3422,area_holdout_10pct_seed0,3,0.790000,0.840000,0.520000,0.530000,0.170000,0.160000,0.000000,0.000000,False,3,3,True
1493,2018-12-01,YEM,3864,area_holdout_10pct_seed0,3,0.870000,0.770000,0.510000,0.500000,0.150000,0.150000,0.000000,0.000000,False,3,3,True
1493,2019-07-01,YEM,3865,area_holdout_10pct_seed0,3,0.700000,0.740000,0.300000,0.430000,0.000000,0.090000,0.000000,0.000000,False,3,3,True
1514,2019-07-01,YEM,3905,area_holdout_10pct_seed0,3,0.800000,0.810000,0.450000,0.460000,0.150000,0.120000,0.000000,0.000000,False,3,3,True
1514,2020-02-01,YEM,3906,area_holdout_10pct_seed0,3,0.750000,0.710000,0.250000,0.260000,0.100000,0.080000,0.000000,0.000000,False,3,3,True
1514,2020-10-01,YEM,3907,area_holdout_10pct_seed0,3,0.800000,0.700000,0.400000,0.370000,0.100000,0.120000,0.000000,0.000000,False,3,3,True
1586,2018-12-01,YEM,4200,area_holdout_10pct_seed0,2,0.700000,0.790000,0.200000,0.500000,0.100000,0.160000,0.000000,0.000000,False,3,3,True
1586,2019-07-01,YEM,4201,area_holdout_10pct_seed0,3,0.700000,0.750000,0.320000,0.400000,0.000000,0.120000,0.000000,0.000000,False,3,3,True
1586,2020-10-01,YEM,4202,area_holdout_10pct_seed0,4,0.900000,0.830000,0.700000,0.470000,0.200000,0.140000,0.000000,0.000000,False,4,3,True
1586,2022-01-01,YEM,4203,area_holdout_10pct_seed0,3,0.820000,0.780000,0.550000,0.470000,0.180000,0.110000,0.000000,0.000000,False,3,3,True
1592,2019-07-01,YEM,4220,area_holdout_10pct_seed0,3,0.700000,0.750000,0.320000,0.380000,0.000000,0.090000,0.000000,0.000000,False,3,3,True
1592,2020-02-01,YEM,4221,area_holdout_10pct_seed0,3,0.750000,0.810000,0.350000,0.370000,0.100000,0.080000,0.000000,0.000000,False,3,3,True
1592,2020-10-01,YEM,4222,area_holdout_10pct_seed0,3,0.850000,0.830000,0.500000,0.420000,0.150000,0.130000,0.000000,0.000000,False,3,3,True
1592,2022-01-01,YEM,4223,area_holdout_10pct_seed0,3,0.820000,0.800000,0.550000,0.480000,0.180000,0.110000,0.000000,0.000000,False,3,3,True
1593,2019-07-01,YEM,4224,area_holdout_10pct_seed0,3,0.700000,0.720000,0.300000,0.400000,0.000000,0.090000,0.000000,0.000000,False,3,3,True
1593,2020-02-01,YEM,4225,area_holdout_10pct_seed0,3,0.900000,0.780000,0.550000,0.360000,0.150000,0.070000,0.000000,0.000000,False,3,3,True
1617,2020-10-01,YEM,4308,area_holdout_10pct_seed0,3,0.800000,0.830000,0.450000,0.460000,0.100000,0.120000,0.000000,0.000000,False,3,3,True
1648,2019-07-01,YEM,4398,area_holdout_10pct_seed0,3,0.700000,0.710000,0.320000,0.370000,0.000000,0.090000,0.000000,0.000000,False,3,3,True
1648,2020-02-01,YEM,4399,area_holdout_10pct_seed0,3,0.700000,0.750000,0.350000,0.330000,0.050000,0.070000,0.000000,0.000000,False,3,3,True
1648,2020-10-01,YEM,4400,area_holdout_10pct_seed0,3,0.800000,0.810000,0.450000,0.420000,0.100000,0.120000,0.000000,0.000000,False,3,3,True
1648,2022-01-01,YEM,4401,area_holdout_10pct_seed0,3,0.820000,0.810000,0.550000,0.430000,0.180000,0.110000,0.000000,0.000000,False,3,3,True
1672,2020-02-01,YEM,4476,area_holdout_10pct_seed0,3,0.700000,0.760000,0.250000,0.330000,0.050000,0.080000,0.000000,0.000000,False,3,3,True
1672,2022-01-01,YEM,4477,area_holdout_10pct_seed0,3,0.820000,0.800000,0.550000,0.410000,0.180000,0.120000,0.000000,0.000000,False,3,3,True
531,2020-09-01,ZAF,1186,area_holdout_10pct_seed0,2,0.350000,0.350000,0.150000,0.160000,0.050000,0.030000,0.000000,0.000000,False,2,2,True
739,2017-07-01,ZAF,2237,area_holdout_10pct_seed0,2,0.400000,0.390000,0.050000,0.130000,0.000000,0.050000,0.000000,0.000000,False,2,2,True
517,2018-05-01,ZMB,1169,area_holdout_10pct_seed0,1,0.190000,0.490000,0.050000,0.230000,0.020000,0.060000,0.000000,0.000000,False,1,3,True
603,2018-05-01,ZMB,1439,area_holdout_10pct_seed0,2,0.480000,0.510000,0.130000,0.240000,0.050000,0.060000,0.000000,0.000000,False,2,3,True
855,2018-09-01,ZWE,2519,area_holdout_10pct_seed0,2,0.310000,0.310000,0.060000,0.110000,0.030000,0.030000,0.000000,0.000000,False,2,2,True
